Pincode,active,
110001,0,"110001,"
110002,0,"110002,"
110003,0,"110003,"
110004,0,"110004,"
110005,0,"110005,"
110006,0,"110006,"
110007,0,"110007,"
110008,0,"110008,"
110009,0,"110009,"
110010,0,"110010,"
110011,0,"110011,"
110012,0,"110012,"
110013,0,"110013,"
110014,0,"110014,"
110015,0,"110015,"
110016,0,"110016,"
110017,0,"110017,"
110018,0,"110018,"
110019,0,"110019,"
110020,0,"110020,"
110021,0,"110021,"
110022,0,"110022,"
110023,0,"110023,"
110024,0,"110024,"
110025,0,"110025,"
110026,0,"110026,"
110027,0,"110027,"
110028,0,"110028,"
110029,0,"110029,"
110030,0,"110030,"
110031,0,"110031,"
110032,0,"110032,"
110033,0,"110033,"
110034,0,"110034,"
110035,0,"110035,"
110036,0,"110036,"
110037,0,"110037,"
110038,0,"110038,"
110039,0,"110039,"
110040,0,"110040,"
110041,0,"110041,"
110042,0,"110042,"
110043,0,"110043,"
110044,0,"110044,"
110045,0,"110045,"
110046,0,"110046,"
110047,0,"110047,"
110048,0,"110048,"
110049,0,"110049,"
110051,0,"110051,"
110052,0,"110052,"
110053,0,"110053,"
110054,0,"110054,"
110055,0,"110055,"
110056,0,"110056,"
110057,0,"110057,"
110058,0,"110058,"
110059,0,"110059,"
110060,0,"110060,"
110061,0,"110061,"
110062,0,"110062,"
110063,0,"110063,"
110064,0,"110064,"
110065,0,"110065,"
110066,0,"110066,"
110067,0,"110067,"
110068,0,"110068,"
110069,0,"110069,"
110070,0,"110070,"
110071,0,"110071,"
110072,0,"110072,"
110073,0,"110073,"
110074,0,"110074,"
110075,0,"110075,"
110076,0,"110076,"
110077,0,"110077,"
110078,0,"110078,"
110080,0,"110080,"
110081,0,"110081,"
110082,0,"110082,"
110083,0,"110083,"
110084,0,"110084,"
110085,0,"110085,"
110086,0,"110086,"
110087,0,"110087,"
110088,0,"110088,"
110089,0,"110089,"
110090,0,"110090,"
110091,0,"110091,"
110092,0,"110092,"
110093,0,"110093,"
110094,0,"110094,"
110095,0,"110095,"
110096,0,"110096,"
110097,0,"110097,"
110099,0,"110099,"
121001,0,"121001,"
121002,0,"121002,"
121003,0,"121003,"
121004,0,"121004,"
121005,0,"121005,"
121006,0,"121006,"
121007,0,"121007,"
121008,0,"121008,"
121009,0,"121009,"
121010,0,"121010,"
121012,0,"121012,"
121013,0,"121013,"
121014,0,"121014,"
121015,0,"121015,"
121101,0,"121101,"
121102,0,"121102,"
121103,0,"121103,"
121105,0,"121105,"
121106,0,"121106,"
121107,0,"121107,"
122001,0,"122001,"
122002,0,"122002,"
122003,0,"122003,"
122004,0,"122004,"
122005,0,"122005,"
122006,0,"122006,"
122007,0,"122007,"
122008,0,"122008,"
122009,0,"122009,"
122010,0,"122010,"
122011,0,"122011,"
122012,0,"122012,"
122015,0,"122015,"
122016,0,"122016,"
122017,0,"122017,"
122018,0,"122018,"
122051,0,"122051,"
122052,0,"122052,"
122098,0,"122098,"
122101,0,"122101,"
122102,0,"122102,"
122103,0,"122103,"
122104,0,"122104,"
122105,0,"122105,"
122107,0,"122107,"
122108,0,"122108,"
122413,0,"122413,"
122414,0,"122414,"
122502,0,"122502,"
122503,0,"122503,"
122504,0,"122504,"
122505,0,"122505,"
122506,0,"122506,"
122508,0,"122508,"
123001,0,"123001,"
123021,0,"123021,"
123023,0,"123023,"
123024,0,"123024,"
123027,0,"123027,"
123028,0,"123028,"
123029,0,"123029,"
123031,0,"123031,"
123034,0,"123034,"
123035,0,"123035,"
123101,0,"123101,"
123102,0,"123102,"
123103,0,"123103,"
123106,0,"123106,"
123110,0,"123110,"
123301,0,"123301,"
123302,0,"123302,"
123303,0,"123303,"
123401,0,"123401,"
123411,0,"123411,"
123412,0,"123412,"
123501,0,"123501,"
124001,0,"124001,"
124010,0,"124010,"
124021,0,"124021,"
124022,0,"124022,"
124102,0,"124102,"
124103,0,"124103,"
124104,0,"124104,"
124105,0,"124105,"
124106,0,"124106,"
124107,0,"124107,"
124108,0,"124108,"
124109,0,"124109,"
124111,0,"124111,"
124112,0,"124112,"
124113,0,"124113,"
124141,0,"124141,"
124142,0,"124142,"
124146,0,"124146,"
124201,0,"124201,"
124202,0,"124202,"
124303,0,"124303,"
124401,0,"124401,"
124404,0,"124404,"
124406,0,"124406,"
124411,0,"124411,"
124412,0,"124412,"
124501,0,"124501,"
124504,0,"124504,"
124505,0,"124505,"
124506,0,"124506,"
124507,0,"124507,"
124508,0,"124508,"
124513,0,"124513,"
124514,0,"124514,"
125001,0,"125001,"
125004,0,"125004,"
125005,0,"125005,"
125006,0,"125006,"
125007,0,"125007,"
125011,0,"125011,"
125033,0,"125033,"
125037,0,"125037,"
125038,0,"125038,"
125039,0,"125039,"
125042,0,"125042,"
125044,0,"125044,"
125047,0,"125047,"
125048,0,"125048,"
125049,0,"125049,"
125050,0,"125050,"
125051,0,"125051,"
125052,0,"125052,"
125053,0,"125053,"
125054,0,"125054,"
125055,0,"125055,"
125056,0,"125056,"
125058,0,"125058,"
125060,0,"125060,"
125075,0,"125075,"
125076,0,"125076,"
125077,0,"125077,"
125078,0,"125078,"
125101,0,"125101,"
125102,0,"125102,"
125103,0,"125103,"
125104,0,"125104,"
125106,0,"125106,"
125110,0,"125110,"
125111,0,"125111,"
125112,0,"125112,"
125113,0,"125113,"
125120,0,"125120,"
125121,0,"125121,"
125133,0,"125133,"
125201,0,"125201,"
126101,0,"126101,"
126102,0,"126102,"
126110,0,"126110,"
126111,0,"126111,"
126112,0,"126112,"
126113,0,"126113,"
126114,0,"126114,"
126115,0,"126115,"
126116,0,"126116,"
126125,0,"126125,"
126152,0,"126152,"
127021,0,"127021,"
127022,0,"127022,"
127025,0,"127025,"
127026,0,"127026,"
127027,0,"127027,"
127028,0,"127028,"
127029,0,"127029,"
127030,0,"127030,"
127031,0,"127031,"
127032,0,"127032,"
127035,0,"127035,"
127040,0,"127040,"
127041,0,"127041,"
127042,0,"127042,"
127043,0,"127043,"
127045,0,"127045,"
127046,0,"127046,"
127111,0,"127111,"
127114,0,"127114,"
127201,0,"127201,"
127306,0,"127306,"
127307,0,"127307,"
127308,0,"127308,"
127309,0,"127309,"
127310,0,"127310,"
127311,0,"127311,"
127312,0,"127312,"
131001,0,"131001,"
131021,0,"131021,"
131022,0,"131022,"
131023,0,"131023,"
131024,0,"131024,"
131027,0,"131027,"
131028,0,"131028,"
131029,0,"131029,"
131030,0,"131030,"
131039,0,"131039,"
131101,0,"131101,"
131102,0,"131102,"
131103,0,"131103,"
131301,0,"131301,"
131302,0,"131302,"
131304,0,"131304,"
131305,0,"131305,"
131306,0,"131306,"
131402,0,"131402,"
131403,0,"131403,"
131408,0,"131408,"
131409,0,"131409,"
132001,0,"132001,"
132022,0,"132022,"
132023,0,"132023,"
132024,0,"132024,"
132036,0,"132036,"
132037,0,"132037,"
132039,0,"132039,"
132040,0,"132040,"
132041,0,"132041,"
132046,0,"132046,"
132054,0,"132054,"
132101,0,"132101,"
132102,0,"132102,"
132103,0,"132103,"
132104,0,"132104,"
132105,0,"132105,"
132106,0,"132106,"
132107,0,"132107,"
132108,0,"132108,"
132113,0,"132113,"
132114,0,"132114,"
132115,0,"132115,"
132116,0,"132116,"
132117,0,"132117,"
132122,0,"132122,"
132140,0,"132140,"
132145,0,"132145,"
132157,0,"132157,"
133001,0,"133001,"
133004,0,"133004,"
133005,0,"133005,"
133006,0,"133006,"
133008,0,"133008,"
133010,0,"133010,"
133101,0,"133101,"
133102,0,"133102,"
133103,0,"133103,"
133104,0,"133104,"
133201,0,"133201,"
133202,0,"133202,"
133203,0,"133203,"
133204,0,"133204,"
133205,0,"133205,"
133206,0,"133206,"
133207,0,"133207,"
133301,0,"133301,"
133302,0,"133302,"
134003,0,"134003,"
134005,0,"134005,"
134007,0,"134007,"
134008,0,"134008,"
134101,0,"134101,"
134102,0,"134102,"
134103,0,"134103,"
134104,0,"134104,"
134105,0,"134105,"
134107,0,"134107,"
134108,0,"134108,"
134109,0,"134109,"
134112,0,"134112,"
134113,0,"134113,"
134114,0,"134114,"
134116,0,"134116,"
134117,0,"134117,"
134118,0,"134118,"
134201,0,"134201,"
134202,0,"134202,"
134203,0,"134203,"
134204,0,"134204,"
134205,0,"134205,"
135001,0,"135001,"
135002,0,"135002,"
135003,0,"135003,"
135004,0,"135004,"
135021,0,"135021,"
135101,0,"135101,"
135102,0,"135102,"
135103,0,"135103,"
135106,0,"135106,"
135133,0,"135133,"
136020,0,"136020,"
136021,0,"136021,"
136026,0,"136026,"
136027,0,"136027,"
136030,0,"136030,"
136033,0,"136033,"
136034,0,"136034,"
136035,0,"136035,"
136038,0,"136038,"
136042,0,"136042,"
136043,0,"136043,"
136044,0,"136044,"
136117,0,"136117,"
136118,0,"136118,"
136119,0,"136119,"
136128,0,"136128,"
136129,0,"136129,"
136130,0,"136130,"
136131,0,"136131,"
136132,0,"136132,"
136134,0,"136134,"
136135,0,"136135,"
136136,0,"136136,"
136156,0,"136156,"
140001,0,"140001,"
140101,0,"140101,"
140102,0,"140102,"
140103,0,"140103,"
140108,0,"140108,"
140109,0,"140109,"
140110,0,"140110,"
140111,0,"140111,"
140112,0,"140112,"
140113,0,"140113,"
140114,0,"140114,"
140115,0,"140115,"
140116,0,"140116,"
140117,0,"140117,"
140118,0,"140118,"
140119,0,"140119,"
140123,0,"140123,"
140124,0,"140124,"
140125,0,"140125,"
140126,0,"140126,"
140127,0,"140127,"
140128,0,"140128,"
140133,0,"140133,"
140201,0,"140201,"
140301,0,"140301,"
140306,0,"140306,"
140307,0,"140307,"
140308,0,"140308,"
140401,0,"140401,"
140402,0,"140402,"
140405,0,"140405,"
140406,0,"140406,"
140407,0,"140407,"
140408,0,"140408,"
140412,0,"140412,"
140413,0,"140413,"
140417,0,"140417,"
140501,0,"140501,"
140506,0,"140506,"
140507,0,"140507,"
140601,0,"140601,"
140602,0,"140602,"
140603,0,"140603,"
140604,0,"140604,"
140701,0,"140701,"
140702,0,"140702,"
140802,0,"140802,"
140901,0,"140901,"
141001,0,"141001,"
141002,0,"141002,"
141003,0,"141003,"
141004,0,"141004,"
141006,0,"141006,"
141007,0,"141007,"
141008,0,"141008,"
141010,0,"141010,"
141012,0,"141012,"
141013,0,"141013,"
141014,0,"141014,"
141015,0,"141015,"
141016,0,"141016,"
141017,0,"141017,"
141101,0,"141101,"
141102,0,"141102,"
141103,0,"141103,"
141104,0,"141104,"
141105,0,"141105,"
141106,0,"141106,"
141107,0,"141107,"
141108,0,"141108,"
141109,0,"141109,"
141110,0,"141110,"
141112,0,"141112,"
141113,0,"141113,"
141114,0,"141114,"
141115,0,"141115,"
141116,0,"141116,"
141117,0,"141117,"
141118,0,"141118,"
141119,0,"141119,"
141120,0,"141120,"
141121,0,"141121,"
141122,0,"141122,"
141123,0,"141123,"
141125,0,"141125,"
141126,0,"141126,"
141127,0,"141127,"
141201,0,"141201,"
141202,0,"141202,"
141203,0,"141203,"
141204,0,"141204,"
141205,0,"141205,"
141206,0,"141206,"
141401,0,"141401,"
141411,0,"141411,"
141412,0,"141412,"
141413,0,"141413,"
141414,0,"141414,"
141415,0,"141415,"
141416,0,"141416,"
141417,0,"141417,"
141418,0,"141418,"
141419,0,"141419,"
141421,0,"141421,"
141422,0,"141422,"
141801,0,"141801,"
142001,0,"142001,"
142002,0,"142002,"
142003,0,"142003,"
142011,0,"142011,"
142021,0,"142021,"
142022,0,"142022,"
142023,0,"142023,"
142024,0,"142024,"
142025,0,"142025,"
142026,0,"142026,"
142027,0,"142027,"
142028,0,"142028,"
142029,0,"142029,"
142030,0,"142030,"
142031,0,"142031,"
142032,0,"142032,"
142033,0,"142033,"
142034,0,"142034,"
142035,0,"142035,"
142036,0,"142036,"
142037,0,"142037,"
142038,0,"142038,"
142039,0,"142039,"
142040,0,"142040,"
142041,0,"142041,"
142042,0,"142042,"
142043,0,"142043,"
142044,0,"142044,"
142045,0,"142045,"
142046,0,"142046,"
142047,0,"142047,"
142048,0,"142048,"
142049,0,"142049,"
142050,0,"142050,"
142052,0,"142052,"
142053,0,"142053,"
142054,0,"142054,"
142055,0,"142055,"
142056,0,"142056,"
142057,0,"142057,"
142058,0,"142058,"
142060,0,"142060,"
143001,0,"143001,"
143002,0,"143002,"
143003,0,"143003,"
143005,0,"143005,"
143006,0,"143006,"
143008,0,"143008,"
143009,0,"143009,"
143022,0,"143022,"
143101,0,"143101,"
143102,0,"143102,"
143103,0,"143103,"
143105,0,"143105,"
143107,0,"143107,"
143108,0,"143108,"
143109,0,"143109,"
143111,0,"143111,"
143112,0,"143112,"
143113,0,"143113,"
143114,0,"143114,"
143115,0,"143115,"
143116,0,"143116,"
143117,0,"143117,"
143118,0,"143118,"
143119,0,"143119,"
143149,0,"143149,"
143201,0,"143201,"
143202,0,"143202,"
143203,0,"143203,"
143204,0,"143204,"
143205,0,"143205,"
143301,0,"143301,"
143302,0,"143302,"
143303,0,"143303,"
143304,0,"143304,"
143305,0,"143305,"
143401,0,"143401,"
143402,0,"143402,"
143406,0,"143406,"
143407,0,"143407,"
143408,0,"143408,"
143409,0,"143409,"
143410,0,"143410,"
143411,0,"143411,"
143412,0,"143412,"
143413,0,"143413,"
143414,0,"143414,"
143415,0,"143415,"
143416,0,"143416,"
143419,0,"143419,"
143422,0,"143422,"
143501,0,"143501,"
143502,0,"143502,"
143504,0,"143504,"
143505,0,"143505,"
143506,0,"143506,"
143507,0,"143507,"
143511,0,"143511,"
143512,0,"143512,"
143513,0,"143513,"
143514,0,"143514,"
143515,0,"143515,"
143516,0,"143516,"
143517,0,"143517,"
143518,0,"143518,"
143519,0,"143519,"
143520,0,"143520,"
143521,0,"143521,"
143525,0,"143525,"
143526,0,"143526,"
143527,0,"143527,"
143528,0,"143528,"
143529,0,"143529,"
143530,0,"143530,"
143531,0,"143531,"
143532,0,"143532,"
143533,0,"143533,"
143534,0,"143534,"
143601,0,"143601,"
143602,0,"143602,"
143603,0,"143603,"
143604,0,"143604,"
143605,0,"143605,"
143606,0,"143606,"
144001,0,"144001,"
144002,0,"144002,"
144003,0,"144003,"
144004,0,"144004,"
144005,0,"144005,"
144006,0,"144006,"
144007,0,"144007,"
144008,0,"144008,"
144009,0,"144009,"
144010,0,"144010,"
144011,0,"144011,"
144020,0,"144020,"
144021,0,"144021,"
144022,0,"144022,"
144023,0,"144023,"
144024,0,"144024,"
144025,0,"144025,"
144026,0,"144026,"
144027,0,"144027,"
144028,0,"144028,"
144029,0,"144029,"
144030,0,"144030,"
144031,0,"144031,"
144032,0,"144032,"
144033,0,"144033,"
144034,0,"144034,"
144035,0,"144035,"
144036,0,"144036,"
144037,0,"144037,"
144039,0,"144039,"
144040,0,"144040,"
144041,0,"144041,"
144042,0,"144042,"
144043,0,"144043,"
144044,0,"144044,"
144101,0,"144101,"
144102,0,"144102,"
144103,0,"144103,"
144104,0,"144104,"
144105,0,"144105,"
144106,0,"144106,"
144201,0,"144201,"
144202,0,"144202,"
144204,0,"144204,"
144205,0,"144205,"
144206,0,"144206,"
144207,0,"144207,"
144208,0,"144208,"
144209,0,"144209,"
144210,0,"144210,"
144211,0,"144211,"
144212,0,"144212,"
144213,0,"144213,"
144214,0,"144214,"
144216,0,"144216,"
144221,0,"144221,"
144222,0,"144222,"
144223,0,"144223,"
144224,0,"144224,"
144301,0,"144301,"
144302,0,"144302,"
144303,0,"144303,"
144305,0,"144305,"
144306,0,"144306,"
144311,0,"144311,"
144401,0,"144401,"
144402,0,"144402,"
144403,0,"144403,"
144404,0,"144404,"
144405,0,"144405,"
144406,0,"144406,"
144407,0,"144407,"
144408,0,"144408,"
144409,0,"144409,"
144410,0,"144410,"
144411,0,"144411,"
144415,0,"144415,"
144416,0,"144416,"
144417,0,"144417,"
144418,0,"144418,"
144419,0,"144419,"
144421,0,"144421,"
144422,0,"144422,"
144501,0,"144501,"
144502,0,"144502,"
144503,0,"144503,"
144504,0,"144504,"
144505,0,"144505,"
144506,0,"144506,"
144507,0,"144507,"
144508,0,"144508,"
144509,0,"144509,"
144510,0,"144510,"
144511,0,"144511,"
144512,0,"144512,"
144513,0,"144513,"
144514,0,"144514,"
144515,0,"144515,"
144516,0,"144516,"
144517,0,"144517,"
144518,0,"144518,"
144519,0,"144519,"
144520,0,"144520,"
144521,0,"144521,"
144522,0,"144522,"
144523,0,"144523,"
144524,0,"144524,"
144525,0,"144525,"
144526,0,"144526,"
144527,0,"144527,"
144528,0,"144528,"
144529,0,"144529,"
144530,0,"144530,"
144531,0,"144531,"
144532,0,"144532,"
144601,0,"144601,"
144602,0,"144602,"
144603,0,"144603,"
144606,0,"144606,"
144620,0,"144620,"
144621,0,"144621,"
144622,0,"144622,"
144623,0,"144623,"
144624,0,"144624,"
144625,0,"144625,"
144626,0,"144626,"
144628,0,"144628,"
144629,0,"144629,"
144630,0,"144630,"
144631,0,"144631,"
144632,0,"144632,"
144633,0,"144633,"
144701,0,"144701,"
144702,0,"144702,"
144703,0,"144703,"
144801,0,"144801,"
144802,0,"144802,"
144803,0,"144803,"
144804,0,"144804,"
144805,0,"144805,"
144806,0,"144806,"
144819,0,"144819,"
145001,0,"145001,"
145022,0,"145022,"
145023,0,"145023,"
145024,0,"145024,"
145025,0,"145025,"
145026,0,"145026,"
145027,0,"145027,"
145029,0,"145029,"
145101,0,"145101,"
146001,0,"146001,"
146021,0,"146021,"
146022,0,"146022,"
146023,0,"146023,"
146024,0,"146024,"
146101,0,"146101,"
146102,0,"146102,"
146103,0,"146103,"
146104,0,"146104,"
146105,0,"146105,"
146106,0,"146106,"
146107,0,"146107,"
146108,0,"146108,"
146109,0,"146109,"
146110,0,"146110,"
146111,0,"146111,"
146112,0,"146112,"
146113,0,"146113,"
146114,0,"146114,"
146115,0,"146115,"
146116,0,"146116,"
147001,0,"147001,"
147002,0,"147002,"
147003,0,"147003,"
147004,0,"147004,"
147005,0,"147005,"
147006,0,"147006,"
147007,0,"147007,"
147021,0,"147021,"
147101,0,"147101,"
147102,0,"147102,"
147103,0,"147103,"
147104,0,"147104,"
147105,0,"147105,"
147111,0,"147111,"
147201,0,"147201,"
147202,0,"147202,"
147203,0,"147203,"
147301,0,"147301,"
148001,0,"148001,"
148002,0,"148002,"
148017,0,"148017,"
148018,0,"148018,"
148019,0,"148019,"
148020,0,"148020,"
148021,0,"148021,"
148022,0,"148022,"
148023,0,"148023,"
148024,0,"148024,"
148025,0,"148025,"
148026,0,"148026,"
148027,0,"148027,"
148028,0,"148028,"
148029,0,"148029,"
148030,0,"148030,"
148031,0,"148031,"
148033,0,"148033,"
148034,0,"148034,"
148035,0,"148035,"
148100,0,"148100,"
148101,0,"148101,"
148102,0,"148102,"
148103,0,"148103,"
148104,0,"148104,"
148105,0,"148105,"
148106,0,"148106,"
148107,0,"148107,"
148108,0,"148108,"
148109,0,"148109,"
151001,0,"151001,"
151002,0,"151002,"
151003,0,"151003,"
151004,0,"151004,"
151005,0,"151005,"
151101,0,"151101,"
151102,0,"151102,"
151103,0,"151103,"
151104,0,"151104,"
151105,0,"151105,"
151106,0,"151106,"
151108,0,"151108,"
151111,0,"151111,"
151201,0,"151201,"
151202,0,"151202,"
151203,0,"151203,"
151204,0,"151204,"
151205,0,"151205,"
151206,0,"151206,"
151207,0,"151207,"
151208,0,"151208,"
151209,0,"151209,"
151210,0,"151210,"
151211,0,"151211,"
151212,0,"151212,"
151213,0,"151213,"
151301,0,"151301,"
151302,0,"151302,"
151401,0,"151401,"
151501,0,"151501,"
151502,0,"151502,"
151503,0,"151503,"
151504,0,"151504,"
151505,0,"151505,"
151506,0,"151506,"
151507,0,"151507,"
151508,0,"151508,"
151509,0,"151509,"
151510,0,"151510,"
152001,0,"152001,"
152002,0,"152002,"
152003,0,"152003,"
152004,0,"152004,"
152005,0,"152005,"
152020,0,"152020,"
152021,0,"152021,"
152022,0,"152022,"
152023,0,"152023,"
152024,0,"152024,"
152025,0,"152025,"
152026,0,"152026,"
152028,0,"152028,"
152031,0,"152031,"
152032,0,"152032,"
152033,0,"152033,"
152101,0,"152101,"
152107,0,"152107,"
152112,0,"152112,"
152113,0,"152113,"
152114,0,"152114,"
152115,0,"152115,"
152116,0,"152116,"
152117,0,"152117,"
152118,0,"152118,"
152121,0,"152121,"
152122,0,"152122,"
152123,0,"152123,"
152124,0,"152124,"
152128,0,"152128,"
152132,0,"152132,"
160001,0,"160001,"
160002,0,"160002,"
160003,0,"160003,"
160004,0,"160004,"
160005,0,"160005,"
160009,0,"160009,"
160011,0,"160011,"
160012,0,"160012,"
160014,0,"160014,"
160015,0,"160015,"
160016,0,"160016,"
160017,0,"160017,"
160018,0,"160018,"
160019,0,"160019,"
160020,0,"160020,"
160022,0,"160022,"
160023,0,"160023,"
160025,0,"160025,"
160030,0,"160030,"
160036,0,"160036,"
160043,0,"160043,"
160047,0,"160047,"
160055,0,"160055,"
160059,0,"160059,"
160062,0,"160062,"
160071,0,"160071,"
160101,0,"160101,"
160102,0,"160102,"
160103,0,"160103,"
160104,0,"160104,"
171001,0,"171001,"
171002,0,"171002,"
171003,0,"171003,"
171004,0,"171004,"
171005,0,"171005,"
171006,0,"171006,"
171007,0,"171007,"
171008,0,"171008,"
171009,0,"171009,"
171010,0,"171010,"
171011,0,"171011,"
171012,0,"171012,"
171013,0,"171013,"
171014,0,"171014,"
171015,0,"171015,"
171018,0,"171018,"
171019,0,"171019,"
171102,0,"171102,"
171103,0,"171103,"
171201,0,"171201,"
171202,0,"171202,"
171203,0,"171203,"
171204,0,"171204,"
171205,0,"171205,"
171206,0,"171206,"
171207,0,"171207,"
171208,0,"171208,"
171209,0,"171209,"
171210,0,"171210,"
171211,0,"171211,"
171212,0,"171212,"
171213,0,"171213,"
171214,0,"171214,"
171215,0,"171215,"
171216,0,"171216,"
171217,0,"171217,"
171218,0,"171218,"
171219,0,"171219,"
171220,0,"171220,"
171221,0,"171221,"
171222,0,"171222,"
171223,0,"171223,"
171224,0,"171224,"
171225,0,"171225,"
171226,0,"171226,"
171301,0,"171301,"
172001,0,"172001,"
172002,0,"172002,"
172021,0,"172021,"
172022,0,"172022,"
172023,0,"172023,"
172024,0,"172024,"
172025,0,"172025,"
172026,0,"172026,"
172027,0,"172027,"
172028,0,"172028,"
172029,0,"172029,"
172030,0,"172030,"
172031,0,"172031,"
172032,0,"172032,"
172033,0,"172033,"
172034,0,"172034,"
172101,0,"172101,"
172102,0,"172102,"
172103,0,"172103,"
172104,0,"172104,"
172105,0,"172105,"
172106,0,"172106,"
172107,0,"172107,"
172108,0,"172108,"
172109,0,"172109,"
172110,0,"172110,"
172111,0,"172111,"
172112,0,"172112,"
172113,0,"172113,"
172114,0,"172114,"
172115,0,"172115,"
172116,0,"172116,"
172117,0,"172117,"
172118,0,"172118,"
172201,0,"172201,"
173001,0,"173001,"
173021,0,"173021,"
173022,0,"173022,"
173023,0,"173023,"
173024,0,"173024,"
173025,0,"173025,"
173026,0,"173026,"
173027,0,"173027,"
173029,0,"173029,"
173030,0,"173030,"
173031,0,"173031,"
173032,0,"173032,"
173101,0,"173101,"
173104,0,"173104,"
173201,0,"173201,"
173202,0,"173202,"
173204,0,"173204,"
173205,0,"173205,"
173206,0,"173206,"
173207,0,"173207,"
173208,0,"173208,"
173209,0,"173209,"
173210,0,"173210,"
173211,0,"173211,"
173212,0,"173212,"
173213,0,"173213,"
173214,0,"173214,"
173215,0,"173215,"
173217,0,"173217,"
173218,0,"173218,"
173220,0,"173220,"
173221,0,"173221,"
173222,0,"173222,"
173223,0,"173223,"
173225,0,"173225,"
173229,0,"173229,"
173230,0,"173230,"
173233,0,"173233,"
173234,0,"173234,"
173235,0,"173235,"
173236,0,"173236,"
174001,0,"174001,"
174002,0,"174002,"
174003,0,"174003,"
174004,0,"174004,"
174005,0,"174005,"
174011,0,"174011,"
174012,0,"174012,"
174013,0,"174013,"
174015,0,"174015,"
174017,0,"174017,"
174021,0,"174021,"
174023,0,"174023,"
174024,0,"174024,"
174026,0,"174026,"
174027,0,"174027,"
174028,0,"174028,"
174029,0,"174029,"
174030,0,"174030,"
174031,0,"174031,"
174032,0,"174032,"
174033,0,"174033,"
174034,0,"174034,"
174035,0,"174035,"
174036,0,"174036,"
174101,0,"174101,"
174102,0,"174102,"
174103,0,"174103,"
174201,0,"174201,"
174301,0,"174301,"
174302,0,"174302,"
174303,0,"174303,"
174304,0,"174304,"
174305,0,"174305,"
174306,0,"174306,"
174307,0,"174307,"
174308,0,"174308,"
174309,0,"174309,"
174310,0,"174310,"
174311,0,"174311,"
174312,0,"174312,"
174314,0,"174314,"
174315,0,"174315,"
174316,0,"174316,"
174317,0,"174317,"
174319,0,"174319,"
174320,0,"174320,"
174321,0,"174321,"
174405,0,"174405,"
174503,0,"174503,"
174505,0,"174505,"
174507,0,"174507,"
175001,0,"175001,"
175002,0,"175002,"
175003,0,"175003,"
175004,0,"175004,"
175005,0,"175005,"
175006,0,"175006,"
175007,0,"175007,"
175008,0,"175008,"
175009,0,"175009,"
175010,0,"175010,"
175011,0,"175011,"
175012,0,"175012,"
175013,0,"175013,"
175014,0,"175014,"
175015,0,"175015,"
175016,0,"175016,"
175017,0,"175017,"
175018,0,"175018,"
175019,0,"175019,"
175021,0,"175021,"
175023,0,"175023,"
175024,0,"175024,"
175025,0,"175025,"
175026,0,"175026,"
175027,0,"175027,"
175028,0,"175028,"
175029,0,"175029,"
175030,0,"175030,"
175031,0,"175031,"
175032,0,"175032,"
175033,0,"175033,"
175034,0,"175034,"
175035,0,"175035,"
175036,0,"175036,"
175037,0,"175037,"
175038,0,"175038,"
175039,0,"175039,"
175040,0,"175040,"
175042,0,"175042,"
175045,0,"175045,"
175046,0,"175046,"
175047,0,"175047,"
175048,0,"175048,"
175049,0,"175049,"
175050,0,"175050,"
175051,0,"175051,"
175052,0,"175052,"
175075,0,"175075,"
175101,0,"175101,"
175102,0,"175102,"
175103,0,"175103,"
175104,0,"175104,"
175105,0,"175105,"
175106,0,"175106,"
175121,0,"175121,"
175123,0,"175123,"
175124,0,"175124,"
175125,0,"175125,"
175126,0,"175126,"
175128,0,"175128,"
175129,0,"175129,"
175130,0,"175130,"
175131,0,"175131,"
175132,0,"175132,"
175133,0,"175133,"
175134,0,"175134,"
175136,0,"175136,"
175138,0,"175138,"
175139,0,"175139,"
175140,0,"175140,"
175141,0,"175141,"
175142,0,"175142,"
175143,0,"175143,"
176001,0,"176001,"
176002,0,"176002,"
176021,0,"176021,"
176022,0,"176022,"
176023,0,"176023,"
176025,0,"176025,"
176026,0,"176026,"
176027,0,"176027,"
176028,0,"176028,"
176029,0,"176029,"
176030,0,"176030,"
176031,0,"176031,"
176032,0,"176032,"
176033,0,"176033,"
176036,0,"176036,"
176037,0,"176037,"
176038,0,"176038,"
176039,0,"176039,"
176040,0,"176040,"
176041,0,"176041,"
176042,0,"176042,"
176043,0,"176043,"
176044,0,"176044,"
176045,0,"176045,"
176047,0,"176047,"
176048,0,"176048,"
176049,0,"176049,"
176051,0,"176051,"
176052,0,"176052,"
176053,0,"176053,"
176054,0,"176054,"
176055,0,"176055,"
176056,0,"176056,"
176057,0,"176057,"
176058,0,"176058,"
176059,0,"176059,"
176060,0,"176060,"
176061,0,"176061,"
176062,0,"176062,"
176063,0,"176063,"
176064,0,"176064,"
176065,0,"176065,"
176066,0,"176066,"
176067,0,"176067,"
176071,0,"176071,"
176073,0,"176073,"
176075,0,"176075,"
176076,0,"176076,"
176077,0,"176077,"
176081,0,"176081,"
176082,0,"176082,"
176083,0,"176083,"
176084,0,"176084,"
176085,0,"176085,"
176086,0,"176086,"
176087,0,"176087,"
176088,0,"176088,"
176089,0,"176089,"
176090,0,"176090,"
176091,0,"176091,"
176092,0,"176092,"
176093,0,"176093,"
176094,0,"176094,"
176095,0,"176095,"
176096,0,"176096,"
176097,0,"176097,"
176098,0,"176098,"
176101,0,"176101,"
176102,0,"176102,"
176103,0,"176103,"
176107,0,"176107,"
176108,0,"176108,"
176109,0,"176109,"
176110,0,"176110,"
176111,0,"176111,"
176115,0,"176115,"
176125,0,"176125,"
176128,0,"176128,"
176200,0,"176200,"
176201,0,"176201,"
176202,0,"176202,"
176203,0,"176203,"
176204,0,"176204,"
176205,0,"176205,"
176206,0,"176206,"
176207,0,"176207,"
176208,0,"176208,"
176209,0,"176209,"
176210,0,"176210,"
176211,0,"176211,"
176213,0,"176213,"
176214,0,"176214,"
176215,0,"176215,"
176216,0,"176216,"
176217,0,"176217,"
176218,0,"176218,"
176219,0,"176219,"
176225,0,"176225,"
176301,0,"176301,"
176302,0,"176302,"
176303,0,"176303,"
176304,0,"176304,"
176305,0,"176305,"
176306,0,"176306,"
176308,0,"176308,"
176309,0,"176309,"
176310,0,"176310,"
176311,0,"176311,"
176312,0,"176312,"
176313,0,"176313,"
176314,0,"176314,"
176315,0,"176315,"
176316,0,"176316,"
176317,0,"176317,"
176318,0,"176318,"
176319,0,"176319,"
176320,0,"176320,"
176321,0,"176321,"
176323,0,"176323,"
176324,0,"176324,"
176325,0,"176325,"
176326,0,"176326,"
176401,0,"176401,"
176402,0,"176402,"
176403,0,"176403,"
176501,0,"176501,"
176502,0,"176502,"
176601,0,"176601,"
177001,0,"177001,"
177005,0,"177005,"
177006,0,"177006,"
177007,0,"177007,"
177020,0,"177020,"
177021,0,"177021,"
177022,0,"177022,"
177023,0,"177023,"
177024,0,"177024,"
177025,0,"177025,"
177026,0,"177026,"
177027,0,"177027,"
177028,0,"177028,"
177029,0,"177029,"
177031,0,"177031,"
177033,0,"177033,"
177034,0,"177034,"
177038,0,"177038,"
177039,0,"177039,"
177040,0,"177040,"
177041,0,"177041,"
177042,0,"177042,"
177043,0,"177043,"
177044,0,"177044,"
177045,0,"177045,"
177048,0,"177048,"
177101,0,"177101,"
177103,0,"177103,"
177104,0,"177104,"
177105,0,"177105,"
177106,0,"177106,"
177107,0,"177107,"
177108,0,"177108,"
177109,0,"177109,"
177110,0,"177110,"
177111,0,"177111,"
177112,0,"177112,"
177113,0,"177113,"
177114,0,"177114,"
177117,0,"177117,"
177118,0,"177118,"
177119,0,"177119,"
177201,0,"177201,"
177202,0,"177202,"
177203,0,"177203,"
177204,0,"177204,"
177205,0,"177205,"
177206,0,"177206,"
177207,0,"177207,"
177208,0,"177208,"
177209,0,"177209,"
177210,0,"177210,"
177211,0,"177211,"
177212,0,"177212,"
177213,0,"177213,"
177219,0,"177219,"
177220,0,"177220,"
177301,0,"177301,"
177401,0,"177401,"
177501,0,"177501,"
177601,0,"177601,"
180001,0,"180001,"
180002,0,"180002,"
180003,0,"180003,"
180004,0,"180004,"
180005,0,"180005,"
180006,0,"180006,"
180007,0,"180007,"
180009,0,"180009,"
180010,0,"180010,"
180011,0,"180011,"
180012,0,"180012,"
180013,0,"180013,"
180015,0,"180015,"
180016,0,"180016,"
180017,0,"180017,"
180018,0,"180018,"
180019,0,"180019,"
180020,0,"180020,"
181101,0,"181101,"
181102,0,"181102,"
181111,0,"181111,"
181121,0,"181121,"
181122,0,"181122,"
181123,0,"181123,"
181124,0,"181124,"
181131,0,"181131,"
181132,0,"181132,"
181133,0,"181133,"
181141,0,"181141,"
181143,0,"181143,"
181145,0,"181145,"
181152,0,"181152,"
181201,0,"181201,"
181202,0,"181202,"
181203,0,"181203,"
181204,0,"181204,"
181205,0,"181205,"
181206,0,"181206,"
181207,0,"181207,"
181221,0,"181221,"
181224,0,"181224,"
182101,0,"182101,"
182104,0,"182104,"
182121,0,"182121,"
182122,0,"182122,"
182124,0,"182124,"
182125,0,"182125,"
182126,0,"182126,"
182127,0,"182127,"
182128,0,"182128,"
182141,0,"182141,"
182142,0,"182142,"
182143,0,"182143,"
182144,0,"182144,"
182145,0,"182145,"
182146,0,"182146,"
182147,0,"182147,"
182148,0,"182148,"
182161,0,"182161,"
182201,0,"182201,"
182202,0,"182202,"
182203,0,"182203,"
182204,0,"182204,"
182205,0,"182205,"
182206,0,"182206,"
182221,0,"182221,"
182222,0,"182222,"
182301,0,"182301,"
182311,0,"182311,"
182312,0,"182312,"
182313,0,"182313,"
182315,0,"182315,"
182320,0,"182320,"
184101,0,"184101,"
184102,0,"184102,"
184104,0,"184104,"
184120,0,"184120,"
184121,0,"184121,"
184141,0,"184141,"
184142,0,"184142,"
184143,0,"184143,"
184144,0,"184144,"
184145,0,"184145,"
184148,0,"184148,"
184151,0,"184151,"
184152,0,"184152,"
184201,0,"184201,"
184202,0,"184202,"
184203,0,"184203,"
184204,0,"184204,"
184205,0,"184205,"
184206,0,"184206,"
184210,0,"184210,"
185101,0,"185101,"
185102,0,"185102,"
185121,0,"185121,"
185131,0,"185131,"
185132,0,"185132,"
185133,0,"185133,"
185135,0,"185135,"
185151,0,"185151,"
185152,0,"185152,"
185153,0,"185153,"
185154,0,"185154,"
185155,0,"185155,"
185156,0,"185156,"
185201,0,"185201,"
185202,0,"185202,"
185203,0,"185203,"
185211,0,"185211,"
185212,0,"185212,"
185233,0,"185233,"
185234,0,"185234,"
190001,0,"190001,"
190002,0,"190002,"
190003,0,"190003,"
190004,0,"190004,"
190005,0,"190005,"
190006,0,"190006,"
190007,0,"190007,"
190008,0,"190008,"
190009,0,"190009,"
190010,0,"190010,"
190011,0,"190011,"
190012,0,"190012,"
190014,0,"190014,"
190015,0,"190015,"
190017,0,"190017,"
190018,0,"190018,"
190019,0,"190019,"
190020,0,"190020,"
190021,0,"190021,"
190023,0,"190023,"
190024,0,"190024,"
190025,0,"190025,"
191101,0,"191101,"
191102,0,"191102,"
191103,0,"191103,"
191111,0,"191111,"
191112,0,"191112,"
191113,0,"191113,"
191121,0,"191121,"
191131,0,"191131,"
191132,0,"191132,"
191201,0,"191201,"
191202,0,"191202,"
192101,0,"192101,"
192121,0,"192121,"
192122,0,"192122,"
192123,0,"192123,"
192124,0,"192124,"
192125,0,"192125,"
192126,0,"192126,"
192129,0,"192129,"
192201,0,"192201,"
192202,0,"192202,"
192210,0,"192210,"
192211,0,"192211,"
192212,0,"192212,"
192221,0,"192221,"
192231,0,"192231,"
192232,0,"192232,"
192233,0,"192233,"
192301,0,"192301,"
192302,0,"192302,"
192303,0,"192303,"
192304,0,"192304,"
192305,0,"192305,"
192306,0,"192306,"
192401,0,"192401,"
193101,0,"193101,"
193103,0,"193103,"
193108,0,"193108,"
193109,0,"193109,"
193121,0,"193121,"
193122,0,"193122,"
193123,0,"193123,"
193201,0,"193201,"
193221,0,"193221,"
193222,0,"193222,"
193223,0,"193223,"
193224,0,"193224,"
193225,0,"193225,"
193301,0,"193301,"
193302,0,"193302,"
193303,0,"193303,"
193306,0,"193306,"
193401,0,"193401,"
193402,0,"193402,"
193403,0,"193403,"
193404,0,"193404,"
193411,0,"193411,"
193501,0,"193501,"
193502,0,"193502,"
193503,0,"193503,"
193504,0,"193504,"
193505,0,"193505,"
194101,0,"194101,"
194102,0,"194102,"
194103,0,"194103,"
194104,0,"194104,"
194105,0,"194105,"
194106,0,"194106,"
194107,0,"194107,"
194109,0,"194109,"
194201,0,"194201,"
194202,0,"194202,"
194301,0,"194301,"
194302,0,"194302,"
194303,0,"194303,"
194401,0,"194401,"
194402,0,"194402,"
194404,0,"194404,"
201001,0,"201001,"
201002,0,"201002,"
201003,0,"201003,"
201004,0,"201004,"
201005,0,"201005,"
201006,0,"201006,"
201007,0,"201007,"
201008,0,"201008,"
201009,0,"201009,"
201010,0,"201010,"
201011,0,"201011,"
201012,0,"201012,"
201013,0,"201013,"
201014,0,"201014,"
201015,0,"201015,"
201016,0,"201016,"
201017,0,"201017,"
201018,0,"201018,"
201019,0,"201019,"
201020,0,"201020,"
201021,0,"201021,"
201102,0,"201102,"
201103,0,"201103,"
201201,0,"201201,"
201204,0,"201204,"
201206,0,"201206,"
201301,0,"201301,"
201303,0,"201303,"
201304,0,"201304,"
201305,0,"201305,"
201306,0,"201306,"
201307,0,"201307,"
201309,0,"201309,"
201310,0,"201310,"
201311,0,"201311,"
201312,0,"201312,"
201313,0,"201313,"
201314,0,"201314,"
201315,0,"201315,"
201316,0,"201316,"
201317,0,"201317,"
201318,0,"201318,"
202001,0,"202001,"
202002,0,"202002,"
202121,0,"202121,"
202122,0,"202122,"
202123,0,"202123,"
202124,0,"202124,"
202125,0,"202125,"
202126,0,"202126,"
202127,0,"202127,"
202128,0,"202128,"
202129,0,"202129,"
202130,0,"202130,"
202131,0,"202131,"
202132,0,"202132,"
202133,0,"202133,"
202134,0,"202134,"
202135,0,"202135,"
202136,0,"202136,"
202137,0,"202137,"
202138,0,"202138,"
202139,0,"202139,"
202140,0,"202140,"
202141,0,"202141,"
202142,0,"202142,"
202143,0,"202143,"
202145,0,"202145,"
202146,0,"202146,"
202150,0,"202150,"
202155,0,"202155,"
202165,0,"202165,"
202170,0,"202170,"
202280,0,"202280,"
202281,0,"202281,"
202282,0,"202282,"
203001,0,"203001,"
203002,0,"203002,"
203129,0,"203129,"
203131,0,"203131,"
203132,0,"203132,"
203135,0,"203135,"
203141,0,"203141,"
203150,0,"203150,"
203155,0,"203155,"
203201,0,"203201,"
203202,0,"203202,"
203203,0,"203203,"
203205,0,"203205,"
203206,0,"203206,"
203207,0,"203207,"
203209,0,"203209,"
203389,0,"203389,"
203390,0,"203390,"
203391,0,"203391,"
203392,0,"203392,"
203393,0,"203393,"
203394,0,"203394,"
203395,0,"203395,"
203396,0,"203396,"
203397,0,"203397,"
203398,0,"203398,"
203399,0,"203399,"
203401,0,"203401,"
203402,0,"203402,"
203403,0,"203403,"
203405,0,"203405,"
203407,0,"203407,"
203408,0,"203408,"
203409,0,"203409,"
203411,0,"203411,"
203412,0,"203412,"
204101,0,"204101,"
204102,0,"204102,"
204211,0,"204211,"
204212,0,"204212,"
204213,0,"204213,"
204214,0,"204214,"
204215,0,"204215,"
204216,0,"204216,"
205001,0,"205001,"
205119,0,"205119,"
205121,0,"205121,"
205247,0,"205247,"
205261,0,"205261,"
205262,0,"205262,"
205263,0,"205263,"
205264,0,"205264,"
205265,0,"205265,"
205267,0,"205267,"
205268,0,"205268,"
205301,0,"205301,"
205303,0,"205303,"
205304,0,"205304,"
206001,0,"206001,"
206002,0,"206002,"
206003,0,"206003,"
206120,0,"206120,"
206121,0,"206121,"
206122,0,"206122,"
206123,0,"206123,"
206124,0,"206124,"
206125,0,"206125,"
206126,0,"206126,"
206127,0,"206127,"
206128,0,"206128,"
206129,0,"206129,"
206130,0,"206130,"
206131,0,"206131,"
206241,0,"206241,"
206242,0,"206242,"
206243,0,"206243,"
206244,0,"206244,"
206245,0,"206245,"
206246,0,"206246,"
206247,0,"206247,"
206248,0,"206248,"
206249,0,"206249,"
206250,0,"206250,"
206251,0,"206251,"
206252,0,"206252,"
206253,0,"206253,"
206255,0,"206255,"
207001,0,"207001,"
207002,0,"207002,"
207003,0,"207003,"
207120,0,"207120,"
207121,0,"207121,"
207122,0,"207122,"
207123,0,"207123,"
207124,0,"207124,"
207125,0,"207125,"
207241,0,"207241,"
207242,0,"207242,"
207243,0,"207243,"
207244,0,"207244,"
207245,0,"207245,"
207246,0,"207246,"
207247,0,"207247,"
207248,0,"207248,"
207249,0,"207249,"
207250,0,"207250,"
207301,0,"207301,"
207302,0,"207302,"
207401,0,"207401,"
207402,0,"207402,"
207403,0,"207403,"
208001,0,"208001,"
208002,0,"208002,"
208003,0,"208003,"
208004,0,"208004,"
208005,0,"208005,"
208006,0,"208006,"
208007,0,"208007,"
208008,0,"208008,"
208009,0,"208009,"
208010,0,"208010,"
208011,0,"208011,"
208012,0,"208012,"
208013,0,"208013,"
208014,0,"208014,"
208015,0,"208015,"
208016,0,"208016,"
208017,0,"208017,"
208019,0,"208019,"
208020,0,"208020,"
208021,0,"208021,"
208022,0,"208022,"
208023,0,"208023,"
208024,0,"208024,"
208025,0,"208025,"
208026,0,"208026,"
208027,0,"208027,"
209101,0,"209101,"
209111,0,"209111,"
209112,0,"209112,"
209115,0,"209115,"
209121,0,"209121,"
209125,0,"209125,"
209202,0,"209202,"
209203,0,"209203,"
209204,0,"209204,"
209205,0,"209205,"
209206,0,"209206,"
209208,0,"209208,"
209209,0,"209209,"
209210,0,"209210,"
209214,0,"209214,"
209217,0,"209217,"
209301,0,"209301,"
209302,0,"209302,"
209303,0,"209303,"
209304,0,"209304,"
209305,0,"209305,"
209306,0,"209306,"
209307,0,"209307,"
209308,0,"209308,"
209310,0,"209310,"
209311,0,"209311,"
209312,0,"209312,"
209401,0,"209401,"
209402,0,"209402,"
209501,0,"209501,"
209502,0,"209502,"
209503,0,"209503,"
209504,0,"209504,"
209505,0,"209505,"
209601,0,"209601,"
209602,0,"209602,"
209621,0,"209621,"
209622,0,"209622,"
209625,0,"209625,"
209651,0,"209651,"
209652,0,"209652,"
209720,0,"209720,"
209721,0,"209721,"
209722,0,"209722,"
209723,0,"209723,"
209724,0,"209724,"
209725,0,"209725,"
209726,0,"209726,"
209727,0,"209727,"
209728,0,"209728,"
209729,0,"209729,"
209731,0,"209731,"
209732,0,"209732,"
209733,0,"209733,"
209734,0,"209734,"
209735,0,"209735,"
209736,0,"209736,"
209738,0,"209738,"
209739,0,"209739,"
209743,0,"209743,"
209745,0,"209745,"
209747,0,"209747,"
209749,0,"209749,"
209801,0,"209801,"
209821,0,"209821,"
209825,0,"209825,"
209827,0,"209827,"
209831,0,"209831,"
209841,0,"209841,"
209859,0,"209859,"
209860,0,"209860,"
209861,0,"209861,"
209862,0,"209862,"
209863,0,"209863,"
209864,0,"209864,"
209865,0,"209865,"
209866,0,"209866,"
209867,0,"209867,"
209868,0,"209868,"
209869,0,"209869,"
209870,0,"209870,"
209871,0,"209871,"
209881,0,"209881,"
210001,0,"210001,"
210120,0,"210120,"
210121,0,"210121,"
210122,0,"210122,"
210123,0,"210123,"
210125,0,"210125,"
210126,0,"210126,"
210128,0,"210128,"
210129,0,"210129,"
210201,0,"210201,"
210202,0,"210202,"
210203,0,"210203,"
210204,0,"210204,"
210205,0,"210205,"
210206,0,"210206,"
210207,0,"210207,"
210208,0,"210208,"
210209,0,"210209,"
210301,0,"210301,"
210341,0,"210341,"
210421,0,"210421,"
210422,0,"210422,"
210423,0,"210423,"
210424,0,"210424,"
210425,0,"210425,"
210426,0,"210426,"
210427,0,"210427,"
210428,0,"210428,"
210429,0,"210429,"
210430,0,"210430,"
210431,0,"210431,"
210432,0,"210432,"
210433,0,"210433,"
210501,0,"210501,"
210502,0,"210502,"
210504,0,"210504,"
210505,0,"210505,"
210506,0,"210506,"
210507,0,"210507,"
211001,0,"211001,"
211002,0,"211002,"
211003,0,"211003,"
211004,0,"211004,"
211005,0,"211005,"
211006,0,"211006,"
211007,0,"211007,"
211008,0,"211008,"
211010,0,"211010,"
211011,0,"211011,"
211012,0,"211012,"
211013,0,"211013,"
211014,0,"211014,"
211015,0,"211015,"
211016,0,"211016,"
211017,0,"211017,"
211018,0,"211018,"
211019,0,"211019,"
211020,0,"211020,"
211021,0,"211021,"
211022,0,"211022,"
212104,0,"212104,"
212105,0,"212105,"
212106,0,"212106,"
212107,0,"212107,"
212108,0,"212108,"
212109,0,"212109,"
212111,0,"212111,"
212201,0,"212201,"
212202,0,"212202,"
212203,0,"212203,"
212204,0,"212204,"
212205,0,"212205,"
212206,0,"212206,"
212207,0,"212207,"
212208,0,"212208,"
212212,0,"212212,"
212213,0,"212213,"
212214,0,"212214,"
212216,0,"212216,"
212217,0,"212217,"
212218,0,"212218,"
212301,0,"212301,"
212302,0,"212302,"
212303,0,"212303,"
212305,0,"212305,"
212306,0,"212306,"
212307,0,"212307,"
212401,0,"212401,"
212402,0,"212402,"
212404,0,"212404,"
212405,0,"212405,"
212502,0,"212502,"
212503,0,"212503,"
212507,0,"212507,"
212601,0,"212601,"
212620,0,"212620,"
212621,0,"212621,"
212622,0,"212622,"
212631,0,"212631,"
212635,0,"212635,"
212641,0,"212641,"
212645,0,"212645,"
212650,0,"212650,"
212651,0,"212651,"
212652,0,"212652,"
212653,0,"212653,"
212654,0,"212654,"
212655,0,"212655,"
212656,0,"212656,"
212657,0,"212657,"
212658,0,"212658,"
212659,0,"212659,"
212661,0,"212661,"
212663,0,"212663,"
212664,0,"212664,"
212665,0,"212665,"
221001,0,"221001,"
221002,0,"221002,"
221003,0,"221003,"
221004,0,"221004,"
221005,0,"221005,"
221006,0,"221006,"
221007,0,"221007,"
221008,0,"221008,"
221009,0,"221009,"
221010,0,"221010,"
221011,0,"221011,"
221012,0,"221012,"
221101,0,"221101,"
221103,0,"221103,"
221104,0,"221104,"
221105,0,"221105,"
221106,0,"221106,"
221107,0,"221107,"
221108,0,"221108,"
221109,0,"221109,"
221110,0,"221110,"
221112,0,"221112,"
221115,0,"221115,"
221116,0,"221116,"
221201,0,"221201,"
221202,0,"221202,"
221204,0,"221204,"
221206,0,"221206,"
221207,0,"221207,"
221208,0,"221208,"
221301,0,"221301,"
221302,0,"221302,"
221303,0,"221303,"
221304,0,"221304,"
221305,0,"221305,"
221306,0,"221306,"
221307,0,"221307,"
221308,0,"221308,"
221309,0,"221309,"
221310,0,"221310,"
221311,0,"221311,"
221313,0,"221313,"
221314,0,"221314,"
221401,0,"221401,"
221402,0,"221402,"
221403,0,"221403,"
221404,0,"221404,"
221405,0,"221405,"
221406,0,"221406,"
221409,0,"221409,"
221502,0,"221502,"
221503,0,"221503,"
221505,0,"221505,"
221507,0,"221507,"
221508,0,"221508,"
221601,0,"221601,"
221602,0,"221602,"
221603,0,"221603,"
221701,0,"221701,"
221705,0,"221705,"
221706,0,"221706,"
221709,0,"221709,"
221711,0,"221711,"
221712,0,"221712,"
221713,0,"221713,"
221715,0,"221715,"
221716,0,"221716,"
221717,0,"221717,"
221718,0,"221718,"
222001,0,"222001,"
222002,0,"222002,"
222003,0,"222003,"
222101,0,"222101,"
222105,0,"222105,"
222109,0,"222109,"
222125,0,"222125,"
222126,0,"222126,"
222127,0,"222127,"
222128,0,"222128,"
222129,0,"222129,"
222131,0,"222131,"
222132,0,"222132,"
222133,0,"222133,"
222135,0,"222135,"
222136,0,"222136,"
222137,0,"222137,"
222138,0,"222138,"
222139,0,"222139,"
222141,0,"222141,"
222142,0,"222142,"
222143,0,"222143,"
222144,0,"222144,"
222145,0,"222145,"
222146,0,"222146,"
222148,0,"222148,"
222149,0,"222149,"
222161,0,"222161,"
222162,0,"222162,"
222165,0,"222165,"
222170,0,"222170,"
222175,0,"222175,"
222180,0,"222180,"
222181,0,"222181,"
222201,0,"222201,"
222202,0,"222202,"
222203,0,"222203,"
222204,0,"222204,"
222301,0,"222301,"
222302,0,"222302,"
222303,0,"222303,"
223101,0,"223101,"
223102,0,"223102,"
223103,0,"223103,"
223104,0,"223104,"
223105,0,"223105,"
223221,0,"223221,"
223222,0,"223222,"
223223,0,"223223,"
223224,0,"223224,"
223225,0,"223225,"
223226,0,"223226,"
223227,0,"223227,"
224001,0,"224001,"
224116,0,"224116,"
224117,0,"224117,"
224118,0,"224118,"
224119,0,"224119,"
224120,0,"224120,"
224121,0,"224121,"
224122,0,"224122,"
224123,0,"224123,"
224125,0,"224125,"
224126,0,"224126,"
224127,0,"224127,"
224129,0,"224129,"
224132,0,"224132,"
224133,0,"224133,"
224135,0,"224135,"
224137,0,"224137,"
224139,0,"224139,"
224141,0,"224141,"
224143,0,"224143,"
224145,0,"224145,"
224146,0,"224146,"
224147,0,"224147,"
224149,0,"224149,"
224151,0,"224151,"
224152,0,"224152,"
224153,0,"224153,"
224155,0,"224155,"
224157,0,"224157,"
224158,0,"224158,"
224159,0,"224159,"
224161,0,"224161,"
224164,0,"224164,"
224168,0,"224168,"
224171,0,"224171,"
224172,0,"224172,"
224176,0,"224176,"
224181,0,"224181,"
224182,0,"224182,"
224183,0,"224183,"
224186,0,"224186,"
224188,0,"224188,"
224189,0,"224189,"
224190,0,"224190,"
224195,0,"224195,"
224201,0,"224201,"
224202,0,"224202,"
224203,0,"224203,"
224204,0,"224204,"
224205,0,"224205,"
224206,0,"224206,"
224207,0,"224207,"
224208,0,"224208,"
224209,0,"224209,"
224210,0,"224210,"
224225,0,"224225,"
224227,0,"224227,"
224228,0,"224228,"
224229,0,"224229,"
224230,0,"224230,"
224231,0,"224231,"
224232,0,"224232,"
224234,0,"224234,"
224235,0,"224235,"
224238,0,"224238,"
224284,0,"224284,"
225001,0,"225001,"
225002,0,"225002,"
225003,0,"225003,"
225119,0,"225119,"
225120,0,"225120,"
225121,0,"225121,"
225122,0,"225122,"
225123,0,"225123,"
225124,0,"225124,"
225125,0,"225125,"
225126,0,"225126,"
225201,0,"225201,"
225202,0,"225202,"
225203,0,"225203,"
225204,0,"225204,"
225205,0,"225205,"
225206,0,"225206,"
225207,0,"225207,"
225208,0,"225208,"
225301,0,"225301,"
225302,0,"225302,"
225303,0,"225303,"
225304,0,"225304,"
225305,0,"225305,"
225306,0,"225306,"
225401,0,"225401,"
225403,0,"225403,"
225404,0,"225404,"
225405,0,"225405,"
225409,0,"225409,"
225412,0,"225412,"
225413,0,"225413,"
225414,0,"225414,"
225415,0,"225415,"
225416,0,"225416,"
226001,0,"226001,"
226002,0,"226002,"
226003,0,"226003,"
226004,0,"226004,"
226005,0,"226005,"
226006,0,"226006,"
226007,0,"226007,"
226008,0,"226008,"
226009,0,"226009,"
226010,0,"226010,"
226011,0,"226011,"
226012,0,"226012,"
226013,0,"226013,"
226014,0,"226014,"
226015,0,"226015,"
226016,0,"226016,"
226017,0,"226017,"
226018,0,"226018,"
226019,0,"226019,"
226020,0,"226020,"
226021,0,"226021,"
226022,0,"226022,"
226023,0,"226023,"
226024,0,"226024,"
226025,0,"226025,"
226026,0,"226026,"
226027,0,"226027,"
226028,0,"226028,"
226029,0,"226029,"
226030,0,"226030,"
226031,0,"226031,"
226101,0,"226101,"
226102,0,"226102,"
226103,0,"226103,"
226104,0,"226104,"
226201,0,"226201,"
226202,0,"226202,"
226203,0,"226203,"
226301,0,"226301,"
226302,0,"226302,"
226303,0,"226303,"
226401,0,"226401,"
226501,0,"226501,"
227304,0,"227304,"
227405,0,"227405,"
227406,0,"227406,"
227407,0,"227407,"
227408,0,"227408,"
227409,0,"227409,"
227411,0,"227411,"
227412,0,"227412,"
227413,0,"227413,"
227801,0,"227801,"
227805,0,"227805,"
227806,0,"227806,"
227807,0,"227807,"
227808,0,"227808,"
227809,0,"227809,"
227811,0,"227811,"
227812,0,"227812,"
227813,0,"227813,"
227814,0,"227814,"
227815,0,"227815,"
227816,0,"227816,"
227817,0,"227817,"
228001,0,"228001,"
228118,0,"228118,"
228119,0,"228119,"
228120,0,"228120,"
228121,0,"228121,"
228125,0,"228125,"
228131,0,"228131,"
228132,0,"228132,"
228133,0,"228133,"
228141,0,"228141,"
228142,0,"228142,"
228145,0,"228145,"
228151,0,"228151,"
228155,0,"228155,"
228159,0,"228159,"
228161,0,"228161,"
228171,0,"228171,"
228172,0,"228172,"
229001,0,"229001,"
229010,0,"229010,"
229103,0,"229103,"
229120,0,"229120,"
229121,0,"229121,"
229122,0,"229122,"
229123,0,"229123,"
229124,0,"229124,"
229125,0,"229125,"
229126,0,"229126,"
229127,0,"229127,"
229128,0,"229128,"
229129,0,"229129,"
229130,0,"229130,"
229135,0,"229135,"
229201,0,"229201,"
229202,0,"229202,"
229203,0,"229203,"
229204,0,"229204,"
229205,0,"229205,"
229206,0,"229206,"
229207,0,"229207,"
229208,0,"229208,"
229209,0,"229209,"
229210,0,"229210,"
229211,0,"229211,"
229212,0,"229212,"
229215,0,"229215,"
229216,0,"229216,"
229301,0,"229301,"
229302,0,"229302,"
229303,0,"229303,"
229304,0,"229304,"
229305,0,"229305,"
229306,0,"229306,"
229307,0,"229307,"
229308,0,"229308,"
229309,0,"229309,"
229310,0,"229310,"
229311,0,"229311,"
229316,0,"229316,"
229401,0,"229401,"
229402,0,"229402,"
229404,0,"229404,"
229405,0,"229405,"
229406,0,"229406,"
229408,0,"229408,"
229410,0,"229410,"
229411,0,"229411,"
229412,0,"229412,"
229413,0,"229413,"
229801,0,"229801,"
229802,0,"229802,"
230001,0,"230001,"
230002,0,"230002,"
230121,0,"230121,"
230124,0,"230124,"
230125,0,"230125,"
230126,0,"230126,"
230127,0,"230127,"
230128,0,"230128,"
230129,0,"230129,"
230130,0,"230130,"
230131,0,"230131,"
230132,0,"230132,"
230133,0,"230133,"
230134,0,"230134,"
230135,0,"230135,"
230136,0,"230136,"
230137,0,"230137,"
230138,0,"230138,"
230139,0,"230139,"
230141,0,"230141,"
230142,0,"230142,"
230143,0,"230143,"
230144,0,"230144,"
230201,0,"230201,"
230202,0,"230202,"
230204,0,"230204,"
230301,0,"230301,"
230302,0,"230302,"
230304,0,"230304,"
230306,0,"230306,"
230401,0,"230401,"
230402,0,"230402,"
230403,0,"230403,"
230404,0,"230404,"
230405,0,"230405,"
230501,0,"230501,"
230502,0,"230502,"
230503,0,"230503,"
231001,0,"231001,"
231205,0,"231205,"
231206,0,"231206,"
231207,0,"231207,"
231208,0,"231208,"
231209,0,"231209,"
231210,0,"231210,"
231211,0,"231211,"
231212,0,"231212,"
231213,0,"231213,"
231215,0,"231215,"
231216,0,"231216,"
231217,0,"231217,"
231218,0,"231218,"
231219,0,"231219,"
231220,0,"231220,"
231221,0,"231221,"
231222,0,"231222,"
231223,0,"231223,"
231224,0,"231224,"
231225,0,"231225,"
231226,0,"231226,"
231301,0,"231301,"
231302,0,"231302,"
231303,0,"231303,"
231304,0,"231304,"
231305,0,"231305,"
231306,0,"231306,"
231307,0,"231307,"
231309,0,"231309,"
231311,0,"231311,"
231312,0,"231312,"
231313,0,"231313,"
231314,0,"231314,"
231501,0,"231501,"
232101,0,"232101,"
232102,0,"232102,"
232103,0,"232103,"
232104,0,"232104,"
232105,0,"232105,"
232106,0,"232106,"
232107,0,"232107,"
232108,0,"232108,"
232109,0,"232109,"
232110,0,"232110,"
232111,0,"232111,"
232118,0,"232118,"
232120,0,"232120,"
232325,0,"232325,"
232326,0,"232326,"
232327,0,"232327,"
232328,0,"232328,"
232329,0,"232329,"
232330,0,"232330,"
232331,0,"232331,"
232332,0,"232332,"
232333,0,"232333,"
232336,0,"232336,"
232339,0,"232339,"
232340,0,"232340,"
232341,0,"232341,"
233001,0,"233001,"
233002,0,"233002,"
233221,0,"233221,"
233222,0,"233222,"
233223,0,"233223,"
233224,0,"233224,"
233225,0,"233225,"
233226,0,"233226,"
233227,0,"233227,"
233228,0,"233228,"
233229,0,"233229,"
233230,0,"233230,"
233231,0,"233231,"
233232,0,"233232,"
233233,0,"233233,"
233234,0,"233234,"
233300,0,"233300,"
233301,0,"233301,"
233302,0,"233302,"
233303,0,"233303,"
233304,0,"233304,"
233305,0,"233305,"
233306,0,"233306,"
233307,0,"233307,"
233310,0,"233310,"
233311,0,"233311,"
241001,0,"241001,"
241121,0,"241121,"
241122,0,"241122,"
241123,0,"241123,"
241124,0,"241124,"
241125,0,"241125,"
241126,0,"241126,"
241127,0,"241127,"
241201,0,"241201,"
241202,0,"241202,"
241203,0,"241203,"
241204,0,"241204,"
241301,0,"241301,"
241302,0,"241302,"
241303,0,"241303,"
241304,0,"241304,"
241305,0,"241305,"
241401,0,"241401,"
241402,0,"241402,"
241403,0,"241403,"
241404,0,"241404,"
241405,0,"241405,"
241406,0,"241406,"
241407,0,"241407,"
242001,0,"242001,"
242021,0,"242021,"
242042,0,"242042,"
242123,0,"242123,"
242127,0,"242127,"
242220,0,"242220,"
242221,0,"242221,"
242223,0,"242223,"
242226,0,"242226,"
242301,0,"242301,"
242303,0,"242303,"
242305,0,"242305,"
242306,0,"242306,"
242307,0,"242307,"
242401,0,"242401,"
242405,0,"242405,"
242406,0,"242406,"
242407,0,"242407,"
243001,0,"243001,"
243002,0,"243002,"
243003,0,"243003,"
243004,0,"243004,"
243005,0,"243005,"
243006,0,"243006,"
243122,0,"243122,"
243123,0,"243123,"
243126,0,"243126,"
243201,0,"243201,"
243202,0,"243202,"
243203,0,"243203,"
243301,0,"243301,"
243302,0,"243302,"
243303,0,"243303,"
243401,0,"243401,"
243402,0,"243402,"
243403,0,"243403,"
243407,0,"243407,"
243501,0,"243501,"
243502,0,"243502,"
243503,0,"243503,"
243504,0,"243504,"
243505,0,"243505,"
243506,0,"243506,"
243601,0,"243601,"
243630,0,"243630,"
243631,0,"243631,"
243632,0,"243632,"
243633,0,"243633,"
243634,0,"243634,"
243635,0,"243635,"
243636,0,"243636,"
243637,0,"243637,"
243638,0,"243638,"
243639,0,"243639,"
243641,0,"243641,"
243720,0,"243720,"
243722,0,"243722,"
243723,0,"243723,"
243724,0,"243724,"
243725,0,"243725,"
243726,0,"243726,"
243727,0,"243727,"
243751,0,"243751,"
244001,0,"244001,"
244102,0,"244102,"
244103,0,"244103,"
244104,0,"244104,"
244105,0,"244105,"
244221,0,"244221,"
244222,0,"244222,"
244223,0,"244223,"
244225,0,"244225,"
244231,0,"244231,"
244235,0,"244235,"
244236,0,"244236,"
244241,0,"244241,"
244242,0,"244242,"
244245,0,"244245,"
244251,0,"244251,"
244255,0,"244255,"
244301,0,"244301,"
244302,0,"244302,"
244303,0,"244303,"
244304,0,"244304,"
244401,0,"244401,"
244402,0,"244402,"
244410,0,"244410,"
244411,0,"244411,"
244412,0,"244412,"
244413,0,"244413,"
244414,0,"244414,"
244415,0,"244415,"
244501,0,"244501,"
244504,0,"244504,"
244601,0,"244601,"
244602,0,"244602,"
244701,0,"244701,"
244712,0,"244712,"
244713,0,"244713,"
244715,0,"244715,"
244716,0,"244716,"
244717,0,"244717,"
244901,0,"244901,"
244921,0,"244921,"
244922,0,"244922,"
244923,0,"244923,"
244924,0,"244924,"
244925,0,"244925,"
244926,0,"244926,"
244927,0,"244927,"
244928,0,"244928,"
245101,0,"245101,"
245201,0,"245201,"
245205,0,"245205,"
245206,0,"245206,"
245207,0,"245207,"
245208,0,"245208,"
245301,0,"245301,"
245304,0,"245304,"
246001,0,"246001,"
246113,0,"246113,"
246121,0,"246121,"
246123,0,"246123,"
246124,0,"246124,"
246125,0,"246125,"
246127,0,"246127,"
246128,0,"246128,"
246129,0,"246129,"
246130,0,"246130,"
246131,0,"246131,"
246141,0,"246141,"
246142,0,"246142,"
246144,0,"246144,"
246146,0,"246146,"
246147,0,"246147,"
246148,0,"246148,"
246149,0,"246149,"
246150,0,"246150,"
246155,0,"246155,"
246159,0,"246159,"
246161,0,"246161,"
246162,0,"246162,"
246163,0,"246163,"
246164,0,"246164,"
246165,0,"246165,"
246166,0,"246166,"
246167,0,"246167,"
246169,0,"246169,"
246171,0,"246171,"
246172,0,"246172,"
246173,0,"246173,"
246174,0,"246174,"
246175,0,"246175,"
246176,0,"246176,"
246177,0,"246177,"
246178,0,"246178,"
246179,0,"246179,"
246193,0,"246193,"
246194,0,"246194,"
246275,0,"246275,"
246276,0,"246276,"
246277,0,"246277,"
246278,0,"246278,"
246279,0,"246279,"
246285,0,"246285,"
246401,0,"246401,"
246419,0,"246419,"
246421,0,"246421,"
246422,0,"246422,"
246424,0,"246424,"
246425,0,"246425,"
246426,0,"246426,"
246427,0,"246427,"
246428,0,"246428,"
246429,0,"246429,"
246431,0,"246431,"
246435,0,"246435,"
246439,0,"246439,"
246440,0,"246440,"
246441,0,"246441,"
246442,0,"246442,"
246443,0,"246443,"
246444,0,"246444,"
246445,0,"246445,"
246446,0,"246446,"
246448,0,"246448,"
246449,0,"246449,"
246453,0,"246453,"
246455,0,"246455,"
246469,0,"246469,"
246471,0,"246471,"
246472,0,"246472,"
246473,0,"246473,"
246474,0,"246474,"
246475,0,"246475,"
246481,0,"246481,"
246482,0,"246482,"
246483,0,"246483,"
246486,0,"246486,"
246487,0,"246487,"
246488,0,"246488,"
246495,0,"246495,"
246701,0,"246701,"
246721,0,"246721,"
246722,0,"246722,"
246723,0,"246723,"
246724,0,"246724,"
246725,0,"246725,"
246726,0,"246726,"
246727,0,"246727,"
246728,0,"246728,"
246729,0,"246729,"
246731,0,"246731,"
246732,0,"246732,"
246733,0,"246733,"
246734,0,"246734,"
246735,0,"246735,"
246736,0,"246736,"
246737,0,"246737,"
246745,0,"246745,"
246746,0,"246746,"
246747,0,"246747,"
246749,0,"246749,"
246761,0,"246761,"
246762,0,"246762,"
246763,0,"246763,"
246764,0,"246764,"
247001,0,"247001,"
247002,0,"247002,"
247120,0,"247120,"
247121,0,"247121,"
247122,0,"247122,"
247129,0,"247129,"
247231,0,"247231,"
247232,0,"247232,"
247340,0,"247340,"
247341,0,"247341,"
247342,0,"247342,"
247343,0,"247343,"
247451,0,"247451,"
247452,0,"247452,"
247453,0,"247453,"
247551,0,"247551,"
247554,0,"247554,"
247656,0,"247656,"
247661,0,"247661,"
247662,0,"247662,"
247663,0,"247663,"
247664,0,"247664,"
247665,0,"247665,"
247666,0,"247666,"
247667,0,"247667,"
247668,0,"247668,"
247669,0,"247669,"
247670,0,"247670,"
247671,0,"247671,"
247771,0,"247771,"
247772,0,"247772,"
247773,0,"247773,"
247774,0,"247774,"
247775,0,"247775,"
247776,0,"247776,"
247777,0,"247777,"
247778,0,"247778,"
248001,0,"248001,"
248002,0,"248002,"
248003,0,"248003,"
248005,0,"248005,"
248006,0,"248006,"
248007,0,"248007,"
248008,0,"248008,"
248009,0,"248009,"
248011,0,"248011,"
248012,0,"248012,"
248013,0,"248013,"
248014,0,"248014,"
248015,0,"248015,"
248016,0,"248016,"
248018,0,"248018,"
248121,0,"248121,"
248122,0,"248122,"
248123,0,"248123,"
248124,0,"248124,"
248125,0,"248125,"
248140,0,"248140,"
248142,0,"248142,"
248143,0,"248143,"
248145,0,"248145,"
248146,0,"248146,"
248158,0,"248158,"
248159,0,"248159,"
248165,0,"248165,"
248171,0,"248171,"
248179,0,"248179,"
248195,0,"248195,"
248196,0,"248196,"
248197,0,"248197,"
248198,0,"248198,"
248199,0,"248199,"
249001,0,"249001,"
249121,0,"249121,"
249122,0,"249122,"
249123,0,"249123,"
249124,0,"249124,"
249125,0,"249125,"
249126,0,"249126,"
249127,0,"249127,"
249128,0,"249128,"
249130,0,"249130,"
249131,0,"249131,"
249132,0,"249132,"
249135,0,"249135,"
249136,0,"249136,"
249137,0,"249137,"
249141,0,"249141,"
249145,0,"249145,"
249146,0,"249146,"
249151,0,"249151,"
249152,0,"249152,"
249155,0,"249155,"
249161,0,"249161,"
249165,0,"249165,"
249171,0,"249171,"
249175,0,"249175,"
249180,0,"249180,"
249181,0,"249181,"
249185,0,"249185,"
249186,0,"249186,"
249192,0,"249192,"
249193,0,"249193,"
249194,0,"249194,"
249195,0,"249195,"
249196,0,"249196,"
249199,0,"249199,"
249201,0,"249201,"
249202,0,"249202,"
249203,0,"249203,"
249204,0,"249204,"
249205,0,"249205,"
249301,0,"249301,"
249302,0,"249302,"
249304,0,"249304,"
249306,0,"249306,"
249401,0,"249401,"
249402,0,"249402,"
249403,0,"249403,"
249404,0,"249404,"
249405,0,"249405,"
249407,0,"249407,"
249408,0,"249408,"
249410,0,"249410,"
249411,0,"249411,"
250001,0,"250001,"
250002,0,"250002,"
250003,0,"250003,"
250004,0,"250004,"
250005,0,"250005,"
250101,0,"250101,"
250103,0,"250103,"
250104,0,"250104,"
250106,0,"250106,"
250110,0,"250110,"
250205,0,"250205,"
250221,0,"250221,"
250222,0,"250222,"
250223,0,"250223,"
250341,0,"250341,"
250342,0,"250342,"
250344,0,"250344,"
250345,0,"250345,"
250401,0,"250401,"
250402,0,"250402,"
250404,0,"250404,"
250406,0,"250406,"
250501,0,"250501,"
250502,0,"250502,"
250601,0,"250601,"
250606,0,"250606,"
250609,0,"250609,"
250611,0,"250611,"
250615,0,"250615,"
250617,0,"250617,"
250619,0,"250619,"
250620,0,"250620,"
250621,0,"250621,"
250622,0,"250622,"
250623,0,"250623,"
250625,0,"250625,"
250626,0,"250626,"
251001,0,"251001,"
251002,0,"251002,"
251003,0,"251003,"
251201,0,"251201,"
251202,0,"251202,"
251203,0,"251203,"
251301,0,"251301,"
251305,0,"251305,"
251306,0,"251306,"
251307,0,"251307,"
251308,0,"251308,"
251309,0,"251309,"
251310,0,"251310,"
251311,0,"251311,"
251314,0,"251314,"
251315,0,"251315,"
251316,0,"251316,"
251318,0,"251318,"
251319,0,"251319,"
251320,0,"251320,"
251327,0,"251327,"
261001,0,"261001,"
261121,0,"261121,"
261125,0,"261125,"
261131,0,"261131,"
261135,0,"261135,"
261136,0,"261136,"
261141,0,"261141,"
261145,0,"261145,"
261151,0,"261151,"
261201,0,"261201,"
261202,0,"261202,"
261203,0,"261203,"
261204,0,"261204,"
261205,0,"261205,"
261206,0,"261206,"
261207,0,"261207,"
261208,0,"261208,"
261301,0,"261301,"
261302,0,"261302,"
261303,0,"261303,"
261401,0,"261401,"
261402,0,"261402,"
261403,0,"261403,"
261404,0,"261404,"
261405,0,"261405,"
261501,0,"261501,"
261502,0,"261502,"
261505,0,"261505,"
261506,0,"261506,"
262001,0,"262001,"
262121,0,"262121,"
262122,0,"262122,"
262124,0,"262124,"
262201,0,"262201,"
262202,0,"262202,"
262203,0,"262203,"
262302,0,"262302,"
262305,0,"262305,"
262308,0,"262308,"
262309,0,"262309,"
262310,0,"262310,"
262311,0,"262311,"
262401,0,"262401,"
262402,0,"262402,"
262405,0,"262405,"
262406,0,"262406,"
262501,0,"262501,"
262502,0,"262502,"
262520,0,"262520,"
262521,0,"262521,"
262522,0,"262522,"
262523,0,"262523,"
262524,0,"262524,"
262525,0,"262525,"
262526,0,"262526,"
262527,0,"262527,"
262528,0,"262528,"
262529,0,"262529,"
262530,0,"262530,"
262531,0,"262531,"
262532,0,"262532,"
262533,0,"262533,"
262534,0,"262534,"
262540,0,"262540,"
262541,0,"262541,"
262542,0,"262542,"
262543,0,"262543,"
262544,0,"262544,"
262545,0,"262545,"
262546,0,"262546,"
262547,0,"262547,"
262550,0,"262550,"
262551,0,"262551,"
262552,0,"262552,"
262553,0,"262553,"
262554,0,"262554,"
262555,0,"262555,"
262561,0,"262561,"
262572,0,"262572,"
262576,0,"262576,"
262580,0,"262580,"
262701,0,"262701,"
262702,0,"262702,"
262721,0,"262721,"
262722,0,"262722,"
262723,0,"262723,"
262724,0,"262724,"
262725,0,"262725,"
262726,0,"262726,"
262727,0,"262727,"
262728,0,"262728,"
262801,0,"262801,"
262802,0,"262802,"
262803,0,"262803,"
262804,0,"262804,"
262805,0,"262805,"
262901,0,"262901,"
262902,0,"262902,"
262903,0,"262903,"
262904,0,"262904,"
262905,0,"262905,"
262906,0,"262906,"
262907,0,"262907,"
262908,0,"262908,"
263001,0,"263001,"
263126,0,"263126,"
263127,0,"263127,"
263128,0,"263128,"
263132,0,"263132,"
263134,0,"263134,"
263135,0,"263135,"
263136,0,"263136,"
263137,0,"263137,"
263138,0,"263138,"
263139,0,"263139,"
263140,0,"263140,"
263142,0,"263142,"
263145,0,"263145,"
263148,0,"263148,"
263149,0,"263149,"
263150,0,"263150,"
263151,0,"263151,"
263152,0,"263152,"
263153,0,"263153,"
263156,0,"263156,"
263157,0,"263157,"
263158,0,"263158,"
263159,0,"263159,"
263160,0,"263160,"
263601,0,"263601,"
263619,0,"263619,"
263620,0,"263620,"
263621,0,"263621,"
263622,0,"263622,"
263623,0,"263623,"
263624,0,"263624,"
263625,0,"263625,"
263626,0,"263626,"
263628,0,"263628,"
263629,0,"263629,"
263630,0,"263630,"
263631,0,"263631,"
263632,0,"263632,"
263633,0,"263633,"
263634,0,"263634,"
263635,0,"263635,"
263636,0,"263636,"
263637,0,"263637,"
263638,0,"263638,"
263639,0,"263639,"
263640,0,"263640,"
263641,0,"263641,"
263642,0,"263642,"
263643,0,"263643,"
263645,0,"263645,"
263646,0,"263646,"
263651,0,"263651,"
263652,0,"263652,"
263653,0,"263653,"
263655,0,"263655,"
263656,0,"263656,"
263658,0,"263658,"
263659,0,"263659,"
263660,0,"263660,"
263661,0,"263661,"
263663,0,"263663,"
263664,0,"263664,"
263665,0,"263665,"
263667,0,"263667,"
263676,0,"263676,"
263678,0,"263678,"
263679,0,"263679,"
263680,0,"263680,"
271001,0,"271001,"
271002,0,"271002,"
271003,0,"271003,"
271122,0,"271122,"
271123,0,"271123,"
271124,0,"271124,"
271125,0,"271125,"
271126,0,"271126,"
271129,0,"271129,"
271201,0,"271201,"
271202,0,"271202,"
271203,0,"271203,"
271204,0,"271204,"
271205,0,"271205,"
271206,0,"271206,"
271207,0,"271207,"
271208,0,"271208,"
271209,0,"271209,"
271210,0,"271210,"
271215,0,"271215,"
271301,0,"271301,"
271302,0,"271302,"
271303,0,"271303,"
271304,0,"271304,"
271305,0,"271305,"
271306,0,"271306,"
271307,0,"271307,"
271308,0,"271308,"
271309,0,"271309,"
271310,0,"271310,"
271311,0,"271311,"
271312,0,"271312,"
271313,0,"271313,"
271319,0,"271319,"
271401,0,"271401,"
271402,0,"271402,"
271403,0,"271403,"
271502,0,"271502,"
271503,0,"271503,"
271504,0,"271504,"
271601,0,"271601,"
271602,0,"271602,"
271603,0,"271603,"
271604,0,"271604,"
271607,0,"271607,"
271609,0,"271609,"
271801,0,"271801,"
271802,0,"271802,"
271803,0,"271803,"
271804,0,"271804,"
271805,0,"271805,"
271806,0,"271806,"
271821,0,"271821,"
271824,0,"271824,"
271825,0,"271825,"
271830,0,"271830,"
271831,0,"271831,"
271835,0,"271835,"
271840,0,"271840,"
271841,0,"271841,"
271845,0,"271845,"
271851,0,"271851,"
271855,0,"271855,"
271861,0,"271861,"
271865,0,"271865,"
271870,0,"271870,"
271871,0,"271871,"
271872,0,"271872,"
271875,0,"271875,"
271881,0,"271881,"
271882,0,"271882,"
271901,0,"271901,"
271902,0,"271902,"
271903,0,"271903,"
271904,0,"271904,"
272001,0,"272001,"
272002,0,"272002,"
272123,0,"272123,"
272124,0,"272124,"
272125,0,"272125,"
272126,0,"272126,"
272127,0,"272127,"
272128,0,"272128,"
272129,0,"272129,"
272130,0,"272130,"
272131,0,"272131,"
272148,0,"272148,"
272150,0,"272150,"
272151,0,"272151,"
272152,0,"272152,"
272153,0,"272153,"
272154,0,"272154,"
272155,0,"272155,"
272161,0,"272161,"
272162,0,"272162,"
272163,0,"272163,"
272164,0,"272164,"
272165,0,"272165,"
272171,0,"272171,"
272172,0,"272172,"
272173,0,"272173,"
272175,0,"272175,"
272176,0,"272176,"
272177,0,"272177,"
272178,0,"272178,"
272181,0,"272181,"
272182,0,"272182,"
272189,0,"272189,"
272190,0,"272190,"
272191,0,"272191,"
272192,0,"272192,"
272193,0,"272193,"
272194,0,"272194,"
272195,0,"272195,"
272199,0,"272199,"
272201,0,"272201,"
272202,0,"272202,"
272203,0,"272203,"
272204,0,"272204,"
272205,0,"272205,"
272206,0,"272206,"
272207,0,"272207,"
272208,0,"272208,"
272270,0,"272270,"
272271,0,"272271,"
272301,0,"272301,"
272302,0,"272302,"
273001,0,"273001,"
273002,0,"273002,"
273003,0,"273003,"
273004,0,"273004,"
273005,0,"273005,"
273006,0,"273006,"
273007,0,"273007,"
273008,0,"273008,"
273009,0,"273009,"
273010,0,"273010,"
273012,0,"273012,"
273013,0,"273013,"
273014,0,"273014,"
273015,0,"273015,"
273016,0,"273016,"
273017,0,"273017,"
273151,0,"273151,"
273152,0,"273152,"
273155,0,"273155,"
273157,0,"273157,"
273158,0,"273158,"
273161,0,"273161,"
273162,0,"273162,"
273163,0,"273163,"
273164,0,"273164,"
273165,0,"273165,"
273201,0,"273201,"
273202,0,"273202,"
273203,0,"273203,"
273207,0,"273207,"
273209,0,"273209,"
273211,0,"273211,"
273212,0,"273212,"
273213,0,"273213,"
273301,0,"273301,"
273302,0,"273302,"
273303,0,"273303,"
273304,0,"273304,"
273305,0,"273305,"
273306,0,"273306,"
273308,0,"273308,"
273309,0,"273309,"
273310,0,"273310,"
273311,0,"273311,"
273401,0,"273401,"
273402,0,"273402,"
273403,0,"273403,"
273404,0,"273404,"
273405,0,"273405,"
273406,0,"273406,"
273407,0,"273407,"
273408,0,"273408,"
273409,0,"273409,"
273411,0,"273411,"
273412,0,"273412,"
273413,0,"273413,"
274001,0,"274001,"
274149,0,"274149,"
274182,0,"274182,"
274201,0,"274201,"
274202,0,"274202,"
274203,0,"274203,"
274204,0,"274204,"
274205,0,"274205,"
274206,0,"274206,"
274207,0,"274207,"
274208,0,"274208,"
274301,0,"274301,"
274302,0,"274302,"
274303,0,"274303,"
274304,0,"274304,"
274305,0,"274305,"
274306,0,"274306,"
274307,0,"274307,"
274308,0,"274308,"
274309,0,"274309,"
274401,0,"274401,"
274402,0,"274402,"
274403,0,"274403,"
274404,0,"274404,"
274405,0,"274405,"
274406,0,"274406,"
274407,0,"274407,"
274408,0,"274408,"
274409,0,"274409,"
274501,0,"274501,"
274502,0,"274502,"
274505,0,"274505,"
274506,0,"274506,"
274508,0,"274508,"
274509,0,"274509,"
274601,0,"274601,"
274602,0,"274602,"
274603,0,"274603,"
274604,0,"274604,"
274701,0,"274701,"
274702,0,"274702,"
274703,0,"274703,"
274704,0,"274704,"
274705,0,"274705,"
274801,0,"274801,"
274802,0,"274802,"
274805,0,"274805,"
274806,0,"274806,"
274807,0,"274807,"
274808,0,"274808,"
275101,0,"275101,"
275102,0,"275102,"
275103,0,"275103,"
275105,0,"275105,"
275201,0,"275201,"
275202,0,"275202,"
275203,0,"275203,"
275204,0,"275204,"
275205,0,"275205,"
275301,0,"275301,"
275302,0,"275302,"
275303,0,"275303,"
275304,0,"275304,"
275305,0,"275305,"
275306,0,"275306,"
275307,0,"275307,"
276001,0,"276001,"
276121,0,"276121,"
276122,0,"276122,"
276123,0,"276123,"
276124,0,"276124,"
276125,0,"276125,"
276126,0,"276126,"
276127,0,"276127,"
276128,0,"276128,"
276129,0,"276129,"
276131,0,"276131,"
276135,0,"276135,"
276136,0,"276136,"
276137,0,"276137,"
276138,0,"276138,"
276139,0,"276139,"
276140,0,"276140,"
276141,0,"276141,"
276142,0,"276142,"
276143,0,"276143,"
276201,0,"276201,"
276202,0,"276202,"
276203,0,"276203,"
276204,0,"276204,"
276205,0,"276205,"
276206,0,"276206,"
276207,0,"276207,"
276208,0,"276208,"
276288,0,"276288,"
276301,0,"276301,"
276302,0,"276302,"
276303,0,"276303,"
276304,0,"276304,"
276305,0,"276305,"
276306,0,"276306,"
276402,0,"276402,"
276403,0,"276403,"
276404,0,"276404,"
276405,0,"276405,"
276406,0,"276406,"
277001,0,"277001,"
277121,0,"277121,"
277123,0,"277123,"
277124,0,"277124,"
277201,0,"277201,"
277202,0,"277202,"
277203,0,"277203,"
277204,0,"277204,"
277205,0,"277205,"
277207,0,"277207,"
277208,0,"277208,"
277209,0,"277209,"
277210,0,"277210,"
277211,0,"277211,"
277213,0,"277213,"
277214,0,"277214,"
277216,0,"277216,"
277219,0,"277219,"
277301,0,"277301,"
277302,0,"277302,"
277303,0,"277303,"
277304,0,"277304,"
277401,0,"277401,"
277402,0,"277402,"
277403,0,"277403,"
277501,0,"277501,"
277502,0,"277502,"
277503,0,"277503,"
277504,0,"277504,"
277506,0,"277506,"
281001,0,"281001,"
281003,0,"281003,"
281004,0,"281004,"
281005,0,"281005,"
281006,0,"281006,"
281104,0,"281104,"
281121,0,"281121,"
281122,0,"281122,"
281123,0,"281123,"
281201,0,"281201,"
281202,0,"281202,"
281203,0,"281203,"
281204,0,"281204,"
281205,0,"281205,"
281206,0,"281206,"
281301,0,"281301,"
281302,0,"281302,"
281303,0,"281303,"
281305,0,"281305,"
281306,0,"281306,"
281307,0,"281307,"
281308,0,"281308,"
281401,0,"281401,"
281403,0,"281403,"
281404,0,"281404,"
281405,0,"281405,"
281406,0,"281406,"
281501,0,"281501,"
281502,0,"281502,"
281504,0,"281504,"
282001,0,"282001,"
282002,0,"282002,"
282003,0,"282003,"
282004,0,"282004,"
282005,0,"282005,"
282006,0,"282006,"
282007,0,"282007,"
282008,0,"282008,"
282009,0,"282009,"
282010,0,"282010,"
283101,0,"283101,"
283102,0,"283102,"
283103,0,"283103,"
283104,0,"283104,"
283105,0,"283105,"
283110,0,"283110,"
283111,0,"283111,"
283112,0,"283112,"
283113,0,"283113,"
283114,0,"283114,"
283115,0,"283115,"
283119,0,"283119,"
283121,0,"283121,"
283122,0,"283122,"
283123,0,"283123,"
283124,0,"283124,"
283125,0,"283125,"
283126,0,"283126,"
283130,0,"283130,"
283135,0,"283135,"
283136,0,"283136,"
283141,0,"283141,"
283142,0,"283142,"
283145,0,"283145,"
283151,0,"283151,"
283152,0,"283152,"
283201,0,"283201,"
283202,0,"283202,"
283203,0,"283203,"
283204,0,"283204,"
283205,0,"283205,"
283206,0,"283206,"
283207,0,"283207,"
284001,0,"284001,"
284002,0,"284002,"
284003,0,"284003,"
284120,0,"284120,"
284121,0,"284121,"
284122,0,"284122,"
284123,0,"284123,"
284124,0,"284124,"
284125,0,"284125,"
284126,0,"284126,"
284127,0,"284127,"
284128,0,"284128,"
284135,0,"284135,"
284136,0,"284136,"
284201,0,"284201,"
284202,0,"284202,"
284203,0,"284203,"
284204,0,"284204,"
284205,0,"284205,"
284206,0,"284206,"
284301,0,"284301,"
284302,0,"284302,"
284303,0,"284303,"
284304,0,"284304,"
284305,0,"284305,"
284306,0,"284306,"
284401,0,"284401,"
284402,0,"284402,"
284403,0,"284403,"
284404,0,"284404,"
284405,0,"284405,"
284406,0,"284406,"
284419,0,"284419,"
284501,0,"284501,"
285001,0,"285001,"
285121,0,"285121,"
285122,0,"285122,"
285123,0,"285123,"
285124,0,"285124,"
285125,0,"285125,"
285126,0,"285126,"
285127,0,"285127,"
285128,0,"285128,"
285129,0,"285129,"
285130,0,"285130,"
285201,0,"285201,"
285202,0,"285202,"
285203,0,"285203,"
285204,0,"285204,"
285205,0,"285205,"
285206,0,"285206,"
285223,0,"285223,"
301001,0,"301001,"
301002,0,"301002,"
301018,0,"301018,"
301019,0,"301019,"
301020,0,"301020,"
301021,0,"301021,"
301022,0,"301022,"
301023,0,"301023,"
301024,0,"301024,"
301025,0,"301025,"
301026,0,"301026,"
301027,0,"301027,"
301028,0,"301028,"
301030,0,"301030,"
301035,0,"301035,"
301401,0,"301401,"
301402,0,"301402,"
301403,0,"301403,"
301404,0,"301404,"
301405,0,"301405,"
301406,0,"301406,"
301407,0,"301407,"
301408,0,"301408,"
301409,0,"301409,"
301410,0,"301410,"
301411,0,"301411,"
301412,0,"301412,"
301413,0,"301413,"
301414,0,"301414,"
301415,0,"301415,"
301416,0,"301416,"
301427,0,"301427,"
301604,0,"301604,"
301701,0,"301701,"
301702,0,"301702,"
301703,0,"301703,"
301704,0,"301704,"
301705,0,"301705,"
301706,0,"301706,"
301707,0,"301707,"
301708,0,"301708,"
301709,0,"301709,"
301713,0,"301713,"
301714,0,"301714,"
302001,0,"302001,"
302002,0,"302002,"
302003,0,"302003,"
302004,0,"302004,"
302005,0,"302005,"
302006,0,"302006,"
302012,0,"302012,"
302013,0,"302013,"
302015,0,"302015,"
302016,0,"302016,"
302017,0,"302017,"
302018,0,"302018,"
302019,0,"302019,"
302020,0,"302020,"
302021,0,"302021,"
302022,0,"302022,"
302026,0,"302026,"
302027,0,"302027,"
302028,0,"302028,"
302029,0,"302029,"
302031,0,"302031,"
302033,0,"302033,"
302034,0,"302034,"
302036,0,"302036,"
302037,0,"302037,"
302038,0,"302038,"
302039,0,"302039,"
302040,0,"302040,"
302041,0,"302041,"
302042,0,"302042,"
302043,0,"302043,"
303001,0,"303001,"
303002,0,"303002,"
303003,0,"303003,"
303004,0,"303004,"
303005,0,"303005,"
303006,0,"303006,"
303007,0,"303007,"
303008,0,"303008,"
303009,0,"303009,"
303012,0,"303012,"
303102,0,"303102,"
303103,0,"303103,"
303104,0,"303104,"
303105,0,"303105,"
303106,0,"303106,"
303107,0,"303107,"
303108,0,"303108,"
303109,0,"303109,"
303110,0,"303110,"
303119,0,"303119,"
303120,0,"303120,"
303121,0,"303121,"
303122,0,"303122,"
303123,0,"303123,"
303124,0,"303124,"
303301,0,"303301,"
303302,0,"303302,"
303303,0,"303303,"
303304,0,"303304,"
303305,0,"303305,"
303313,0,"303313,"
303315,0,"303315,"
303323,0,"303323,"
303325,0,"303325,"
303326,0,"303326,"
303327,0,"303327,"
303328,0,"303328,"
303329,0,"303329,"
303338,0,"303338,"
303348,0,"303348,"
303501,0,"303501,"
303502,0,"303502,"
303503,0,"303503,"
303504,0,"303504,"
303505,0,"303505,"
303506,0,"303506,"
303507,0,"303507,"
303508,0,"303508,"
303509,0,"303509,"
303510,0,"303510,"
303511,0,"303511,"
303601,0,"303601,"
303602,0,"303602,"
303603,0,"303603,"
303604,0,"303604,"
303701,0,"303701,"
303702,0,"303702,"
303704,0,"303704,"
303706,0,"303706,"
303712,0,"303712,"
303801,0,"303801,"
303803,0,"303803,"
303804,0,"303804,"
303805,0,"303805,"
303806,0,"303806,"
303807,0,"303807,"
303901,0,"303901,"
303903,0,"303903,"
303904,0,"303904,"
303905,0,"303905,"
303908,0,"303908,"
304001,0,"304001,"
304021,0,"304021,"
304022,0,"304022,"
304023,0,"304023,"
304024,0,"304024,"
304025,0,"304025,"
304026,0,"304026,"
304501,0,"304501,"
304502,0,"304502,"
304503,0,"304503,"
304504,0,"304504,"
304505,0,"304505,"
304507,0,"304507,"
304801,0,"304801,"
304802,0,"304802,"
304803,0,"304803,"
304804,0,"304804,"
305001,0,"305001,"
305002,0,"305002,"
305003,0,"305003,"
305004,0,"305004,"
305005,0,"305005,"
305007,0,"305007,"
305009,0,"305009,"
305012,0,"305012,"
305021,0,"305021,"
305022,0,"305022,"
305023,0,"305023,"
305024,0,"305024,"
305025,0,"305025,"
305026,0,"305026,"
305201,0,"305201,"
305202,0,"305202,"
305203,0,"305203,"
305204,0,"305204,"
305205,0,"305205,"
305206,0,"305206,"
305207,0,"305207,"
305401,0,"305401,"
305402,0,"305402,"
305403,0,"305403,"
305404,0,"305404,"
305405,0,"305405,"
305406,0,"305406,"
305407,0,"305407,"
305408,0,"305408,"
305412,0,"305412,"
305415,0,"305415,"
305601,0,"305601,"
305621,0,"305621,"
305622,0,"305622,"
305623,0,"305623,"
305624,0,"305624,"
305625,0,"305625,"
305627,0,"305627,"
305628,0,"305628,"
305629,0,"305629,"
305630,0,"305630,"
305631,0,"305631,"
305801,0,"305801,"
305802,0,"305802,"
305811,0,"305811,"
305812,0,"305812,"
305813,0,"305813,"
305814,0,"305814,"
305815,0,"305815,"
305816,0,"305816,"
305817,0,"305817,"
305819,0,"305819,"
305901,0,"305901,"
305921,0,"305921,"
305922,0,"305922,"
305923,0,"305923,"
305924,0,"305924,"
305925,0,"305925,"
305926,0,"305926,"
305927,0,"305927,"
306001,0,"306001,"
306021,0,"306021,"
306022,0,"306022,"
306023,0,"306023,"
306101,0,"306101,"
306102,0,"306102,"
306103,0,"306103,"
306104,0,"306104,"
306105,0,"306105,"
306114,0,"306114,"
306115,0,"306115,"
306116,0,"306116,"
306119,0,"306119,"
306126,0,"306126,"
306301,0,"306301,"
306302,0,"306302,"
306303,0,"306303,"
306304,0,"306304,"
306305,0,"306305,"
306306,0,"306306,"
306307,0,"306307,"
306308,0,"306308,"
306401,0,"306401,"
306421,0,"306421,"
306422,0,"306422,"
306501,0,"306501,"
306502,0,"306502,"
306503,0,"306503,"
306504,0,"306504,"
306601,0,"306601,"
306602,0,"306602,"
306603,0,"306603,"
306701,0,"306701,"
306702,0,"306702,"
306703,0,"306703,"
306704,0,"306704,"
306705,0,"306705,"
306706,0,"306706,"
306707,0,"306707,"
306708,0,"306708,"
306709,0,"306709,"
306901,0,"306901,"
306902,0,"306902,"
306912,0,"306912,"
307001,0,"307001,"
307019,0,"307019,"
307022,0,"307022,"
307023,0,"307023,"
307024,0,"307024,"
307025,0,"307025,"
307026,0,"307026,"
307027,0,"307027,"
307028,0,"307028,"
307029,0,"307029,"
307030,0,"307030,"
307031,0,"307031,"
307032,0,"307032,"
307043,0,"307043,"
307501,0,"307501,"
307510,0,"307510,"
307511,0,"307511,"
307512,0,"307512,"
307513,0,"307513,"
307514,0,"307514,"
307515,0,"307515,"
307801,0,"307801,"
307802,0,"307802,"
307803,0,"307803,"
311001,0,"311001,"
311011,0,"311011,"
311021,0,"311021,"
311022,0,"311022,"
311023,0,"311023,"
311024,0,"311024,"
311025,0,"311025,"
311026,0,"311026,"
311030,0,"311030,"
311201,0,"311201,"
311202,0,"311202,"
311203,0,"311203,"
311204,0,"311204,"
311301,0,"311301,"
311302,0,"311302,"
311401,0,"311401,"
311402,0,"311402,"
311403,0,"311403,"
311404,0,"311404,"
311407,0,"311407,"
311408,0,"311408,"
311601,0,"311601,"
311602,0,"311602,"
311603,0,"311603,"
311604,0,"311604,"
311605,0,"311605,"
311606,0,"311606,"
311801,0,"311801,"
311802,0,"311802,"
311803,0,"311803,"
311804,0,"311804,"
311805,0,"311805,"
311806,0,"311806,"
312001,0,"312001,"
312021,0,"312021,"
312022,0,"312022,"
312023,0,"312023,"
312024,0,"312024,"
312025,0,"312025,"
312027,0,"312027,"
312201,0,"312201,"
312202,0,"312202,"
312203,0,"312203,"
312204,0,"312204,"
312205,0,"312205,"
312206,0,"312206,"
312207,0,"312207,"
312401,0,"312401,"
312402,0,"312402,"
312403,0,"312403,"
312404,0,"312404,"
312601,0,"312601,"
312602,0,"312602,"
312603,0,"312603,"
312604,0,"312604,"
312605,0,"312605,"
312606,0,"312606,"
312612,0,"312612,"
312613,0,"312613,"
312614,0,"312614,"
312615,0,"312615,"
312616,0,"312616,"
312617,0,"312617,"
312619,0,"312619,"
312620,0,"312620,"
312622,0,"312622,"
312623,0,"312623,"
312624,0,"312624,"
312625,0,"312625,"
312626,0,"312626,"
312627,0,"312627,"
312901,0,"312901,"
313001,0,"313001,"
313002,0,"313002,"
313003,0,"313003,"
313004,0,"313004,"
313011,0,"313011,"
313015,0,"313015,"
313022,0,"313022,"
313024,0,"313024,"
313026,0,"313026,"
313027,0,"313027,"
313031,0,"313031,"
313038,0,"313038,"
313201,0,"313201,"
313202,0,"313202,"
313203,0,"313203,"
313204,0,"313204,"
313205,0,"313205,"
313206,0,"313206,"
313207,0,"313207,"
313211,0,"313211,"
313301,0,"313301,"
313321,0,"313321,"
313322,0,"313322,"
313323,0,"313323,"
313324,0,"313324,"
313325,0,"313325,"
313327,0,"313327,"
313328,0,"313328,"
313329,0,"313329,"
313330,0,"313330,"
313331,0,"313331,"
313332,0,"313332,"
313333,0,"313333,"
313334,0,"313334,"
313341,0,"313341,"
313342,0,"313342,"
313601,0,"313601,"
313602,0,"313602,"
313603,0,"313603,"
313604,0,"313604,"
313611,0,"313611,"
313701,0,"313701,"
313702,0,"313702,"
313703,0,"313703,"
313704,0,"313704,"
313705,0,"313705,"
313706,0,"313706,"
313708,0,"313708,"
313801,0,"313801,"
313802,0,"313802,"
313803,0,"313803,"
313804,0,"313804,"
313901,0,"313901,"
313902,0,"313902,"
313903,0,"313903,"
313904,0,"313904,"
313905,0,"313905,"
313906,0,"313906,"
314001,0,"314001,"
314011,0,"314011,"
314021,0,"314021,"
314022,0,"314022,"
314023,0,"314023,"
314024,0,"314024,"
314025,0,"314025,"
314026,0,"314026,"
314027,0,"314027,"
314028,0,"314028,"
314029,0,"314029,"
314030,0,"314030,"
314031,0,"314031,"
314032,0,"314032,"
314034,0,"314034,"
314035,0,"314035,"
314036,0,"314036,"
314037,0,"314037,"
314038,0,"314038,"
314401,0,"314401,"
314402,0,"314402,"
314403,0,"314403,"
314404,0,"314404,"
314406,0,"314406,"
314801,0,"314801,"
314804,0,"314804,"
321001,0,"321001,"
321021,0,"321021,"
321022,0,"321022,"
321023,0,"321023,"
321024,0,"321024,"
321025,0,"321025,"
321026,0,"321026,"
321028,0,"321028,"
321201,0,"321201,"
321202,0,"321202,"
321203,0,"321203,"
321204,0,"321204,"
321205,0,"321205,"
321206,0,"321206,"
321301,0,"321301,"
321302,0,"321302,"
321303,0,"321303,"
321401,0,"321401,"
321402,0,"321402,"
321403,0,"321403,"
321404,0,"321404,"
321405,0,"321405,"
321406,0,"321406,"
321407,0,"321407,"
321408,0,"321408,"
321409,0,"321409,"
321410,0,"321410,"
321411,0,"321411,"
321601,0,"321601,"
321602,0,"321602,"
321605,0,"321605,"
321606,0,"321606,"
321607,0,"321607,"
321608,0,"321608,"
321609,0,"321609,"
321610,0,"321610,"
321611,0,"321611,"
321612,0,"321612,"
321613,0,"321613,"
321614,0,"321614,"
321615,0,"321615,"
321633,0,"321633,"
321642,0,"321642,"
322001,0,"322001,"
322021,0,"322021,"
322023,0,"322023,"
322024,0,"322024,"
322025,0,"322025,"
322026,0,"322026,"
322027,0,"322027,"
322028,0,"322028,"
322029,0,"322029,"
322030,0,"322030,"
322033,0,"322033,"
322034,0,"322034,"
322201,0,"322201,"
322202,0,"322202,"
322203,0,"322203,"
322204,0,"322204,"
322205,0,"322205,"
322211,0,"322211,"
322212,0,"322212,"
322213,0,"322213,"
322214,0,"322214,"
322215,0,"322215,"
322216,0,"322216,"
322218,0,"322218,"
322219,0,"322219,"
322220,0,"322220,"
322230,0,"322230,"
322234,0,"322234,"
322236,0,"322236,"
322238,0,"322238,"
322240,0,"322240,"
322241,0,"322241,"
322242,0,"322242,"
322243,0,"322243,"
322249,0,"322249,"
322251,0,"322251,"
322252,0,"322252,"
322254,0,"322254,"
322255,0,"322255,"
322701,0,"322701,"
322702,0,"322702,"
322703,0,"322703,"
322704,0,"322704,"
323001,0,"323001,"
323021,0,"323021,"
323022,0,"323022,"
323023,0,"323023,"
323024,0,"323024,"
323025,0,"323025,"
323026,0,"323026,"
323301,0,"323301,"
323303,0,"323303,"
323304,0,"323304,"
323305,0,"323305,"
323306,0,"323306,"
323307,0,"323307,"
323601,0,"323601,"
323602,0,"323602,"
323603,0,"323603,"
323613,0,"323613,"
323614,0,"323614,"
323615,0,"323615,"
323616,0,"323616,"
323801,0,"323801,"
323802,0,"323802,"
323803,0,"323803,"
324001,0,"324001,"
324002,0,"324002,"
324003,0,"324003,"
324004,0,"324004,"
324005,0,"324005,"
324006,0,"324006,"
324007,0,"324007,"
324008,0,"324008,"
324009,0,"324009,"
324010,0,"324010,"
325001,0,"325001,"
325003,0,"325003,"
325004,0,"325004,"
325009,0,"325009,"
325201,0,"325201,"
325202,0,"325202,"
325203,0,"325203,"
325204,0,"325204,"
325205,0,"325205,"
325206,0,"325206,"
325207,0,"325207,"
325208,0,"325208,"
325209,0,"325209,"
325214,0,"325214,"
325215,0,"325215,"
325216,0,"325216,"
325217,0,"325217,"
325218,0,"325218,"
325219,0,"325219,"
325220,0,"325220,"
325221,0,"325221,"
325222,0,"325222,"
325223,0,"325223,"
325224,0,"325224,"
325601,0,"325601,"
325602,0,"325602,"
326001,0,"326001,"
326021,0,"326021,"
326022,0,"326022,"
326023,0,"326023,"
326033,0,"326033,"
326034,0,"326034,"
326035,0,"326035,"
326036,0,"326036,"
326037,0,"326037,"
326038,0,"326038,"
326039,0,"326039,"
326501,0,"326501,"
326502,0,"326502,"
326512,0,"326512,"
326513,0,"326513,"
326514,0,"326514,"
326515,0,"326515,"
326516,0,"326516,"
326517,0,"326517,"
326518,0,"326518,"
326519,0,"326519,"
326520,0,"326520,"
326529,0,"326529,"
326530,0,"326530,"
327001,0,"327001,"
327021,0,"327021,"
327022,0,"327022,"
327023,0,"327023,"
327024,0,"327024,"
327025,0,"327025,"
327026,0,"327026,"
327027,0,"327027,"
327031,0,"327031,"
327032,0,"327032,"
327034,0,"327034,"
327601,0,"327601,"
327602,0,"327602,"
327603,0,"327603,"
327604,0,"327604,"
327605,0,"327605,"
327606,0,"327606,"
327801,0,"327801,"
328001,0,"328001,"
328021,0,"328021,"
328022,0,"328022,"
328023,0,"328023,"
328024,0,"328024,"
328025,0,"328025,"
328026,0,"328026,"
328027,0,"328027,"
328028,0,"328028,"
328029,0,"328029,"
328030,0,"328030,"
328031,0,"328031,"
328041,0,"328041,"
328216,0,"328216,"
331001,0,"331001,"
331021,0,"331021,"
331022,0,"331022,"
331023,0,"331023,"
331024,0,"331024,"
331025,0,"331025,"
331026,0,"331026,"
331027,0,"331027,"
331028,0,"331028,"
331029,0,"331029,"
331030,0,"331030,"
331031,0,"331031,"
331301,0,"331301,"
331302,0,"331302,"
331303,0,"331303,"
331304,0,"331304,"
331305,0,"331305,"
331402,0,"331402,"
331403,0,"331403,"
331411,0,"331411,"
331501,0,"331501,"
331502,0,"331502,"
331503,0,"331503,"
331504,0,"331504,"
331505,0,"331505,"
331506,0,"331506,"
331507,0,"331507,"
331517,0,"331517,"
331518,0,"331518,"
331701,0,"331701,"
331801,0,"331801,"
331802,0,"331802,"
331803,0,"331803,"
331811,0,"331811,"
332001,0,"332001,"
332002,0,"332002,"
332021,0,"332021,"
332023,0,"332023,"
332024,0,"332024,"
332025,0,"332025,"
332026,0,"332026,"
332027,0,"332027,"
332028,0,"332028,"
332029,0,"332029,"
332030,0,"332030,"
332031,0,"332031,"
332041,0,"332041,"
332042,0,"332042,"
332301,0,"332301,"
332302,0,"332302,"
332303,0,"332303,"
332304,0,"332304,"
332305,0,"332305,"
332307,0,"332307,"
332311,0,"332311,"
332312,0,"332312,"
332315,0,"332315,"
332316,0,"332316,"
332317,0,"332317,"
332318,0,"332318,"
332401,0,"332401,"
332402,0,"332402,"
332403,0,"332403,"
332404,0,"332404,"
332405,0,"332405,"
332406,0,"332406,"
332411,0,"332411,"
332601,0,"332601,"
332602,0,"332602,"
332603,0,"332603,"
332701,0,"332701,"
332702,0,"332702,"
332703,0,"332703,"
332705,0,"332705,"
332706,0,"332706,"
332707,0,"332707,"
332708,0,"332708,"
332709,0,"332709,"
332710,0,"332710,"
332711,0,"332711,"
332712,0,"332712,"
332713,0,"332713,"
332714,0,"332714,"
332715,0,"332715,"
332716,0,"332716,"
332718,0,"332718,"
332719,0,"332719,"
332721,0,"332721,"
332722,0,"332722,"
332742,0,"332742,"
332746,0,"332746,"
333001,0,"333001,"
333011,0,"333011,"
333012,0,"333012,"
333021,0,"333021,"
333022,0,"333022,"
333023,0,"333023,"
333024,0,"333024,"
333025,0,"333025,"
333026,0,"333026,"
333027,0,"333027,"
333028,0,"333028,"
333029,0,"333029,"
333030,0,"333030,"
333031,0,"333031,"
333032,0,"333032,"
333033,0,"333033,"
333034,0,"333034,"
333035,0,"333035,"
333036,0,"333036,"
333041,0,"333041,"
333042,0,"333042,"
333053,0,"333053,"
333302,0,"333302,"
333303,0,"333303,"
333304,0,"333304,"
333305,0,"333305,"
333307,0,"333307,"
333308,0,"333308,"
333501,0,"333501,"
333502,0,"333502,"
333503,0,"333503,"
333504,0,"333504,"
333514,0,"333514,"
333515,0,"333515,"
333516,0,"333516,"
333701,0,"333701,"
333702,0,"333702,"
333704,0,"333704,"
333705,0,"333705,"
333707,0,"333707,"
333801,0,"333801,"
334001,0,"334001,"
334003,0,"334003,"
334004,0,"334004,"
334006,0,"334006,"
334021,0,"334021,"
334022,0,"334022,"
334023,0,"334023,"
334201,0,"334201,"
334202,0,"334202,"
334302,0,"334302,"
334303,0,"334303,"
334305,0,"334305,"
334401,0,"334401,"
334402,0,"334402,"
334403,0,"334403,"
334601,0,"334601,"
334602,0,"334602,"
334603,0,"334603,"
334604,0,"334604,"
334801,0,"334801,"
334802,0,"334802,"
334803,0,"334803,"
334804,0,"334804,"
334808,0,"334808,"
335001,0,"335001,"
335002,0,"335002,"
335021,0,"335021,"
335022,0,"335022,"
335023,0,"335023,"
335024,0,"335024,"
335025,0,"335025,"
335027,0,"335027,"
335037,0,"335037,"
335038,0,"335038,"
335039,0,"335039,"
335040,0,"335040,"
335041,0,"335041,"
335051,0,"335051,"
335061,0,"335061,"
335062,0,"335062,"
335063,0,"335063,"
335064,0,"335064,"
335065,0,"335065,"
335073,0,"335073,"
335501,0,"335501,"
335502,0,"335502,"
335503,0,"335503,"
335504,0,"335504,"
335511,0,"335511,"
335512,0,"335512,"
335513,0,"335513,"
335523,0,"335523,"
335524,0,"335524,"
335525,0,"335525,"
335526,0,"335526,"
335701,0,"335701,"
335702,0,"335702,"
335703,0,"335703,"
335704,0,"335704,"
335705,0,"335705,"
335707,0,"335707,"
335708,0,"335708,"
335711,0,"335711,"
335801,0,"335801,"
335802,0,"335802,"
335803,0,"335803,"
335804,0,"335804,"
335805,0,"335805,"
335901,0,"335901,"
341001,0,"341001,"
341021,0,"341021,"
341022,0,"341022,"
341023,0,"341023,"
341024,0,"341024,"
341025,0,"341025,"
341026,0,"341026,"
341027,0,"341027,"
341028,0,"341028,"
341029,0,"341029,"
341030,0,"341030,"
341031,0,"341031,"
341301,0,"341301,"
341302,0,"341302,"
341303,0,"341303,"
341304,0,"341304,"
341305,0,"341305,"
341306,0,"341306,"
341316,0,"341316,"
341317,0,"341317,"
341318,0,"341318,"
341319,0,"341319,"
341501,0,"341501,"
341502,0,"341502,"
341503,0,"341503,"
341504,0,"341504,"
341505,0,"341505,"
341506,0,"341506,"
341507,0,"341507,"
341508,0,"341508,"
341509,0,"341509,"
341510,0,"341510,"
341511,0,"341511,"
341512,0,"341512,"
341513,0,"341513,"
341514,0,"341514,"
341515,0,"341515,"
341516,0,"341516,"
341517,0,"341517,"
341518,0,"341518,"
341519,0,"341519,"
341520,0,"341520,"
341533,0,"341533,"
341542,0,"341542,"
341551,0,"341551,"
342001,0,"342001,"
342003,0,"342003,"
342005,0,"342005,"
342006,0,"342006,"
342007,0,"342007,"
342008,0,"342008,"
342011,0,"342011,"
342012,0,"342012,"
342013,0,"342013,"
342014,0,"342014,"
342015,0,"342015,"
342021,0,"342021,"
342022,0,"342022,"
342023,0,"342023,"
342024,0,"342024,"
342025,0,"342025,"
342026,0,"342026,"
342027,0,"342027,"
342028,0,"342028,"
342029,0,"342029,"
342037,0,"342037,"
342301,0,"342301,"
342302,0,"342302,"
342303,0,"342303,"
342304,0,"342304,"
342305,0,"342305,"
342306,0,"342306,"
342307,0,"342307,"
342308,0,"342308,"
342309,0,"342309,"
342310,0,"342310,"
342311,0,"342311,"
342312,0,"342312,"
342314,0,"342314,"
342601,0,"342601,"
342602,0,"342602,"
342603,0,"342603,"
342604,0,"342604,"
342605,0,"342605,"
342606,0,"342606,"
342801,0,"342801,"
342802,0,"342802,"
342901,0,"342901,"
342902,0,"342902,"
343001,0,"343001,"
343002,0,"343002,"
343021,0,"343021,"
343022,0,"343022,"
343023,0,"343023,"
343024,0,"343024,"
343025,0,"343025,"
343027,0,"343027,"
343028,0,"343028,"
343029,0,"343029,"
343030,0,"343030,"
343032,0,"343032,"
343039,0,"343039,"
343040,0,"343040,"
343041,0,"343041,"
343042,0,"343042,"
343048,0,"343048,"
343049,0,"343049,"
344001,0,"344001,"
344011,0,"344011,"
344012,0,"344012,"
344021,0,"344021,"
344022,0,"344022,"
344024,0,"344024,"
344025,0,"344025,"
344026,0,"344026,"
344027,0,"344027,"
344031,0,"344031,"
344032,0,"344032,"
344033,0,"344033,"
344034,0,"344034,"
344035,0,"344035,"
344037,0,"344037,"
344043,0,"344043,"
344044,0,"344044,"
344501,0,"344501,"
344502,0,"344502,"
344701,0,"344701,"
344702,0,"344702,"
344703,0,"344703,"
344704,0,"344704,"
344705,0,"344705,"
344706,0,"344706,"
344708,0,"344708,"
344801,0,"344801,"
345001,0,"345001,"
345021,0,"345021,"
345022,0,"345022,"
345023,0,"345023,"
345024,0,"345024,"
345025,0,"345025,"
345026,0,"345026,"
345027,0,"345027,"
345028,0,"345028,"
345031,0,"345031,"
345033,0,"345033,"
345034,0,"345034,"
360001,0,"360001,"
360002,0,"360002,"
360003,0,"360003,"
360004,0,"360004,"
360005,0,"360005,"
360006,0,"360006,"
360007,0,"360007,"
360020,0,"360020,"
360021,0,"360021,"
360022,0,"360022,"
360023,0,"360023,"
360024,0,"360024,"
360025,0,"360025,"
360026,0,"360026,"
360030,0,"360030,"
360035,0,"360035,"
360040,0,"360040,"
360045,0,"360045,"
360050,0,"360050,"
360055,0,"360055,"
360060,0,"360060,"
360070,0,"360070,"
360110,0,"360110,"
360311,0,"360311,"
360320,0,"360320,"
360325,0,"360325,"
360330,0,"360330,"
360360,0,"360360,"
360370,0,"360370,"
360375,0,"360375,"
360380,0,"360380,"
360405,0,"360405,"
360410,0,"360410,"
360421,0,"360421,"
360430,0,"360430,"
360440,0,"360440,"
360450,0,"360450,"
360452,0,"360452,"
360460,0,"360460,"
360465,0,"360465,"
360470,0,"360470,"
360480,0,"360480,"
360485,0,"360485,"
360490,0,"360490,"
360510,0,"360510,"
360515,0,"360515,"
360520,0,"360520,"
360530,0,"360530,"
360531,0,"360531,"
360540,0,"360540,"
360545,0,"360545,"
360550,0,"360550,"
360560,0,"360560,"
360570,0,"360570,"
360575,0,"360575,"
360576,0,"360576,"
360577,0,"360577,"
360578,0,"360578,"
360579,0,"360579,"
360590,0,"360590,"
361001,0,"361001,"
361002,0,"361002,"
361003,0,"361003,"
361004,0,"361004,"
361005,0,"361005,"
361006,0,"361006,"
361007,0,"361007,"
361008,0,"361008,"
361009,0,"361009,"
361010,0,"361010,"
361011,0,"361011,"
361012,0,"361012,"
361013,0,"361013,"
361110,0,"361110,"
361120,0,"361120,"
361130,0,"361130,"
361140,0,"361140,"
361141,0,"361141,"
361142,0,"361142,"
361150,0,"361150,"
361160,0,"361160,"
361162,0,"361162,"
361170,0,"361170,"
361210,0,"361210,"
361220,0,"361220,"
361230,0,"361230,"
361240,0,"361240,"
361250,0,"361250,"
361280,0,"361280,"
361305,0,"361305,"
361306,0,"361306,"
361310,0,"361310,"
361315,0,"361315,"
361320,0,"361320,"
361325,0,"361325,"
361330,0,"361330,"
361335,0,"361335,"
361345,0,"361345,"
361347,0,"361347,"
361350,0,"361350,"
362001,0,"362001,"
362002,0,"362002,"
362011,0,"362011,"
362015,0,"362015,"
362020,0,"362020,"
362030,0,"362030,"
362037,0,"362037,"
362110,0,"362110,"
362120,0,"362120,"
362130,0,"362130,"
362135,0,"362135,"
362140,0,"362140,"
362150,0,"362150,"
362205,0,"362205,"
362215,0,"362215,"
362220,0,"362220,"
362222,0,"362222,"
362225,0,"362225,"
362226,0,"362226,"
362227,0,"362227,"
362230,0,"362230,"
362240,0,"362240,"
362245,0,"362245,"
362250,0,"362250,"
362255,0,"362255,"
362260,0,"362260,"
362263,0,"362263,"
362265,0,"362265,"
362268,0,"362268,"
362269,0,"362269,"
362275,0,"362275,"
362310,0,"362310,"
362315,0,"362315,"
362510,0,"362510,"
362520,0,"362520,"
362530,0,"362530,"
362540,0,"362540,"
362550,0,"362550,"
362560,0,"362560,"
362565,0,"362565,"
362570,0,"362570,"
362610,0,"362610,"
362620,0,"362620,"
362625,0,"362625,"
362630,0,"362630,"
362640,0,"362640,"
362650,0,"362650,"
362710,0,"362710,"
362715,0,"362715,"
362720,0,"362720,"
363001,0,"363001,"
363002,0,"363002,"
363020,0,"363020,"
363030,0,"363030,"
363035,0,"363035,"
363040,0,"363040,"
363110,0,"363110,"
363115,0,"363115,"
363310,0,"363310,"
363320,0,"363320,"
363330,0,"363330,"
363351,0,"363351,"
363410,0,"363410,"
363415,0,"363415,"
363421,0,"363421,"
363423,0,"363423,"
363425,0,"363425,"
363427,0,"363427,"
363430,0,"363430,"
363435,0,"363435,"
363440,0,"363440,"
363510,0,"363510,"
363520,0,"363520,"
363530,0,"363530,"
363621,0,"363621,"
363623,0,"363623,"
363630,0,"363630,"
363635,0,"363635,"
363641,0,"363641,"
363642,0,"363642,"
363643,0,"363643,"
363650,0,"363650,"
363655,0,"363655,"
363660,0,"363660,"
363670,0,"363670,"
363745,0,"363745,"
363750,0,"363750,"
363755,0,"363755,"
363760,0,"363760,"
363765,0,"363765,"
363775,0,"363775,"
363780,0,"363780,"
364001,0,"364001,"
364002,0,"364002,"
364003,0,"364003,"
364004,0,"364004,"
364005,0,"364005,"
364006,0,"364006,"
364050,0,"364050,"
364060,0,"364060,"
364070,0,"364070,"
364081,0,"364081,"
364110,0,"364110,"
364120,0,"364120,"
364130,0,"364130,"
364135,0,"364135,"
364140,0,"364140,"
364145,0,"364145,"
364150,0,"364150,"
364210,0,"364210,"
364230,0,"364230,"
364240,0,"364240,"
364250,0,"364250,"
364260,0,"364260,"
364265,0,"364265,"
364270,0,"364270,"
364275,0,"364275,"
364280,0,"364280,"
364290,0,"364290,"
364295,0,"364295,"
364310,0,"364310,"
364313,0,"364313,"
364320,0,"364320,"
364330,0,"364330,"
364465,0,"364465,"
364505,0,"364505,"
364510,0,"364510,"
364515,0,"364515,"
364521,0,"364521,"
364522,0,"364522,"
364525,0,"364525,"
364530,0,"364530,"
364710,0,"364710,"
364720,0,"364720,"
364730,0,"364730,"
364740,0,"364740,"
364750,0,"364750,"
364760,0,"364760,"
364765,0,"364765,"
365220,0,"365220,"
365410,0,"365410,"
365421,0,"365421,"
365430,0,"365430,"
365435,0,"365435,"
365440,0,"365440,"
365450,0,"365450,"
365455,0,"365455,"
365456,0,"365456,"
365460,0,"365460,"
365480,0,"365480,"
365535,0,"365535,"
365540,0,"365540,"
365541,0,"365541,"
365550,0,"365550,"
365555,0,"365555,"
365560,0,"365560,"
365601,0,"365601,"
365610,0,"365610,"
365620,0,"365620,"
365630,0,"365630,"
365635,0,"365635,"
365640,0,"365640,"
365645,0,"365645,"
365650,0,"365650,"
365730,0,"365730,"
370001,0,"370001,"
370015,0,"370015,"
370020,0,"370020,"
370030,0,"370030,"
370040,0,"370040,"
370105,0,"370105,"
370110,0,"370110,"
370115,0,"370115,"
370130,0,"370130,"
370135,0,"370135,"
370140,0,"370140,"
370145,0,"370145,"
370150,0,"370150,"
370155,0,"370155,"
370160,0,"370160,"
370165,0,"370165,"
370201,0,"370201,"
370203,0,"370203,"
370205,0,"370205,"
370210,0,"370210,"
370230,0,"370230,"
370240,0,"370240,"
370405,0,"370405,"
370410,0,"370410,"
370415,0,"370415,"
370421,0,"370421,"
370425,0,"370425,"
370427,0,"370427,"
370430,0,"370430,"
370435,0,"370435,"
370445,0,"370445,"
370450,0,"370450,"
370455,0,"370455,"
370460,0,"370460,"
370465,0,"370465,"
370475,0,"370475,"
370485,0,"370485,"
370490,0,"370490,"
370510,0,"370510,"
370601,0,"370601,"
370605,0,"370605,"
370610,0,"370610,"
370615,0,"370615,"
370620,0,"370620,"
370625,0,"370625,"
370627,0,"370627,"
370630,0,"370630,"
370640,0,"370640,"
370641,0,"370641,"
370645,0,"370645,"
370650,0,"370650,"
370655,0,"370655,"
370660,0,"370660,"
370665,0,"370665,"
370670,0,"370670,"
370675,0,"370675,"
380001,0,"380001,"
380002,0,"380002,"
380003,0,"380003,"
380004,0,"380004,"
380005,0,"380005,"
380006,0,"380006,"
380007,0,"380007,"
380008,0,"380008,"
380009,0,"380009,"
380013,0,"380013,"
380014,0,"380014,"
380015,0,"380015,"
380016,0,"380016,"
380018,0,"380018,"
380019,0,"380019,"
380021,0,"380021,"
380022,0,"380022,"
380023,0,"380023,"
380024,0,"380024,"
380026,0,"380026,"
380027,0,"380027,"
380028,0,"380028,"
380049,0,"380049,"
380050,0,"380050,"
380051,0,"380051,"
380052,0,"380052,"
380054,0,"380054,"
380055,0,"380055,"
380058,0,"380058,"
380059,0,"380059,"
380060,0,"380060,"
380061,0,"380061,"
380063,0,"380063,"
382006,0,"382006,"
382007,0,"382007,"
382010,0,"382010,"
382016,0,"382016,"
382021,0,"382021,"
382024,0,"382024,"
382028,0,"382028,"
382030,0,"382030,"
382041,0,"382041,"
382042,0,"382042,"
382045,0,"382045,"
382110,0,"382110,"
382115,0,"382115,"
382120,0,"382120,"
382130,0,"382130,"
382140,0,"382140,"
382145,0,"382145,"
382150,0,"382150,"
382170,0,"382170,"
382210,0,"382210,"
382213,0,"382213,"
382220,0,"382220,"
382225,0,"382225,"
382230,0,"382230,"
382240,0,"382240,"
382245,0,"382245,"
382250,0,"382250,"
382255,0,"382255,"
382260,0,"382260,"
382265,0,"382265,"
382305,0,"382305,"
382308,0,"382308,"
382315,0,"382315,"
382320,0,"382320,"
382321,0,"382321,"
382330,0,"382330,"
382340,0,"382340,"
382345,0,"382345,"
382350,0,"382350,"
382355,0,"382355,"
382405,0,"382405,"
382415,0,"382415,"
382418,0,"382418,"
382421,0,"382421,"
382422,0,"382422,"
382423,0,"382423,"
382424,0,"382424,"
382425,0,"382425,"
382426,0,"382426,"
382427,0,"382427,"
382428,0,"382428,"
382430,0,"382430,"
382433,0,"382433,"
382435,0,"382435,"
382443,0,"382443,"
382445,0,"382445,"
382449,0,"382449,"
382450,0,"382450,"
382455,0,"382455,"
382460,0,"382460,"
382463,0,"382463,"
382465,0,"382465,"
382470,0,"382470,"
382475,0,"382475,"
382480,0,"382480,"
382481,0,"382481,"
382610,0,"382610,"
382620,0,"382620,"
382630,0,"382630,"
382640,0,"382640,"
382650,0,"382650,"
382721,0,"382721,"
382722,0,"382722,"
382725,0,"382725,"
382728,0,"382728,"
382729,0,"382729,"
382735,0,"382735,"
382740,0,"382740,"
382810,0,"382810,"
382815,0,"382815,"
382835,0,"382835,"
382845,0,"382845,"
382855,0,"382855,"
383001,0,"383001,"
383006,0,"383006,"
383010,0,"383010,"
383030,0,"383030,"
383110,0,"383110,"
383120,0,"383120,"
383205,0,"383205,"
383210,0,"383210,"
383215,0,"383215,"
383220,0,"383220,"
383225,0,"383225,"
383230,0,"383230,"
383235,0,"383235,"
383240,0,"383240,"
383245,0,"383245,"
383246,0,"383246,"
383250,0,"383250,"
383251,0,"383251,"
383255,0,"383255,"
383260,0,"383260,"
383270,0,"383270,"
383275,0,"383275,"
383276,0,"383276,"
383305,0,"383305,"
383307,0,"383307,"
383310,0,"383310,"
383315,0,"383315,"
383316,0,"383316,"
383317,0,"383317,"
383320,0,"383320,"
383325,0,"383325,"
383330,0,"383330,"
383335,0,"383335,"
383340,0,"383340,"
383345,0,"383345,"
383350,0,"383350,"
383355,0,"383355,"
383410,0,"383410,"
383421,0,"383421,"
383422,0,"383422,"
383430,0,"383430,"
383434,0,"383434,"
383440,0,"383440,"
383450,0,"383450,"
383460,0,"383460,"
383462,0,"383462,"
384001,0,"384001,"
384002,0,"384002,"
384003,0,"384003,"
384012,0,"384012,"
384110,0,"384110,"
384120,0,"384120,"
384130,0,"384130,"
384135,0,"384135,"
384140,0,"384140,"
384151,0,"384151,"
384160,0,"384160,"
384170,0,"384170,"
384205,0,"384205,"
384220,0,"384220,"
384221,0,"384221,"
384225,0,"384225,"
384229,0,"384229,"
384230,0,"384230,"
384240,0,"384240,"
384241,0,"384241,"
384245,0,"384245,"
384246,0,"384246,"
384255,0,"384255,"
384260,0,"384260,"
384265,0,"384265,"
384266,0,"384266,"
384272,0,"384272,"
384275,0,"384275,"
384285,0,"384285,"
384290,0,"384290,"
384305,0,"384305,"
384310,0,"384310,"
384315,0,"384315,"
384320,0,"384320,"
384325,0,"384325,"
384330,0,"384330,"
384335,0,"384335,"
384340,0,"384340,"
384345,0,"384345,"
384355,0,"384355,"
384360,0,"384360,"
384410,0,"384410,"
384412,0,"384412,"
384415,0,"384415,"
384421,0,"384421,"
384430,0,"384430,"
384435,0,"384435,"
384440,0,"384440,"
384441,0,"384441,"
384445,0,"384445,"
384450,0,"384450,"
384455,0,"384455,"
384460,0,"384460,"
384465,0,"384465,"
384470,0,"384470,"
384515,0,"384515,"
384520,0,"384520,"
384530,0,"384530,"
384540,0,"384540,"
384550,0,"384550,"
384560,0,"384560,"
384565,0,"384565,"
384570,0,"384570,"
385001,0,"385001,"
385010,0,"385010,"
385110,0,"385110,"
385120,0,"385120,"
385130,0,"385130,"
385135,0,"385135,"
385210,0,"385210,"
385310,0,"385310,"
385320,0,"385320,"
385330,0,"385330,"
385340,0,"385340,"
385350,0,"385350,"
385360,0,"385360,"
385410,0,"385410,"
385421,0,"385421,"
385505,0,"385505,"
385506,0,"385506,"
385510,0,"385510,"
385515,0,"385515,"
385520,0,"385520,"
385530,0,"385530,"
385535,0,"385535,"
385540,0,"385540,"
385545,0,"385545,"
385550,0,"385550,"
385555,0,"385555,"
385560,0,"385560,"
385565,0,"385565,"
385566,0,"385566,"
385570,0,"385570,"
385575,0,"385575,"
387001,0,"387001,"
387002,0,"387002,"
387003,0,"387003,"
387110,0,"387110,"
387115,0,"387115,"
387120,0,"387120,"
387130,0,"387130,"
387210,0,"387210,"
387220,0,"387220,"
387230,0,"387230,"
387240,0,"387240,"
387305,0,"387305,"
387310,0,"387310,"
387315,0,"387315,"
387320,0,"387320,"
387325,0,"387325,"
387330,0,"387330,"
387335,0,"387335,"
387340,0,"387340,"
387345,0,"387345,"
387350,0,"387350,"
387355,0,"387355,"
387360,0,"387360,"
387365,0,"387365,"
387370,0,"387370,"
387375,0,"387375,"
387380,0,"387380,"
387411,0,"387411,"
387430,0,"387430,"
387510,0,"387510,"
387520,0,"387520,"
387530,0,"387530,"
387540,0,"387540,"
387550,0,"387550,"
387560,0,"387560,"
387570,0,"387570,"
387610,0,"387610,"
387620,0,"387620,"
387630,0,"387630,"
387635,0,"387635,"
387640,0,"387640,"
387650,0,"387650,"
387710,0,"387710,"
388001,0,"388001,"
388110,0,"388110,"
388120,0,"388120,"
388121,0,"388121,"
388130,0,"388130,"
388140,0,"388140,"
388150,0,"388150,"
388160,0,"388160,"
388170,0,"388170,"
388180,0,"388180,"
388205,0,"388205,"
388210,0,"388210,"
388215,0,"388215,"
388220,0,"388220,"
388225,0,"388225,"
388230,0,"388230,"
388235,0,"388235,"
388239,0,"388239,"
388245,0,"388245,"
388250,0,"388250,"
388255,0,"388255,"
388260,0,"388260,"
388265,0,"388265,"
388270,0,"388270,"
388305,0,"388305,"
388306,0,"388306,"
388307,0,"388307,"
388310,0,"388310,"
388315,0,"388315,"
388320,0,"388320,"
388325,0,"388325,"
388330,0,"388330,"
388335,0,"388335,"
388340,0,"388340,"
388345,0,"388345,"
388350,0,"388350,"
388355,0,"388355,"
388360,0,"388360,"
388365,0,"388365,"
388370,0,"388370,"
388410,0,"388410,"
388421,0,"388421,"
388430,0,"388430,"
388440,0,"388440,"
388450,0,"388450,"
388460,0,"388460,"
388465,0,"388465,"
388470,0,"388470,"
388480,0,"388480,"
388510,0,"388510,"
388520,0,"388520,"
388530,0,"388530,"
388540,0,"388540,"
388543,0,"388543,"
388545,0,"388545,"
388550,0,"388550,"
388560,0,"388560,"
388570,0,"388570,"
388580,0,"388580,"
388590,0,"388590,"
388610,0,"388610,"
388620,0,"388620,"
388625,0,"388625,"
388630,0,"388630,"
388640,0,"388640,"
388710,0,"388710,"
388713,0,"388713,"
389001,0,"389001,"
389002,0,"389002,"
389110,0,"389110,"
389115,0,"389115,"
389120,0,"389120,"
389130,0,"389130,"
389140,0,"389140,"
389146,0,"389146,"
389151,0,"389151,"
389152,0,"389152,"
389154,0,"389154,"
389155,0,"389155,"
389160,0,"389160,"
389170,0,"389170,"
389172,0,"389172,"
389175,0,"389175,"
389180,0,"389180,"
389190,0,"389190,"
389210,0,"389210,"
389220,0,"389220,"
389230,0,"389230,"
389232,0,"389232,"
389235,0,"389235,"
389240,0,"389240,"
389250,0,"389250,"
389260,0,"389260,"
389265,0,"389265,"
389310,0,"389310,"
389320,0,"389320,"
389330,0,"389330,"
389340,0,"389340,"
389341,0,"389341,"
389350,0,"389350,"
389360,0,"389360,"
389365,0,"389365,"
389370,0,"389370,"
389380,0,"389380,"
389382,0,"389382,"
389390,0,"389390,"
390001,0,"390001,"
390002,0,"390002,"
390003,0,"390003,"
390004,0,"390004,"
390006,0,"390006,"
390007,0,"390007,"
390008,0,"390008,"
390009,0,"390009,"
390010,0,"390010,"
390011,0,"390011,"
390012,0,"390012,"
390013,0,"390013,"
390014,0,"390014,"
390016,0,"390016,"
390017,0,"390017,"
390018,0,"390018,"
390019,0,"390019,"
390020,0,"390020,"
390021,0,"390021,"
390022,0,"390022,"
390023,0,"390023,"
390024,0,"390024,"
390025,0,"390025,"
391101,0,"391101,"
391105,0,"391105,"
391107,0,"391107,"
391110,0,"391110,"
391115,0,"391115,"
391120,0,"391120,"
391121,0,"391121,"
391125,0,"391125,"
391130,0,"391130,"
391135,0,"391135,"
391140,0,"391140,"
391145,0,"391145,"
391150,0,"391150,"
391152,0,"391152,"
391155,0,"391155,"
391156,0,"391156,"
391160,0,"391160,"
391165,0,"391165,"
391168,0,"391168,"
391170,0,"391170,"
391175,0,"391175,"
391210,0,"391210,"
391220,0,"391220,"
391240,0,"391240,"
391243,0,"391243,"
391244,0,"391244,"
391250,0,"391250,"
391310,0,"391310,"
391320,0,"391320,"
391330,0,"391330,"
391340,0,"391340,"
391345,0,"391345,"
391346,0,"391346,"
391350,0,"391350,"
391410,0,"391410,"
391421,0,"391421,"
391430,0,"391430,"
391440,0,"391440,"
391445,0,"391445,"
391450,0,"391450,"
391510,0,"391510,"
391520,0,"391520,"
391530,0,"391530,"
391740,0,"391740,"
391745,0,"391745,"
391750,0,"391750,"
391760,0,"391760,"
391761,0,"391761,"
391770,0,"391770,"
391774,0,"391774,"
391775,0,"391775,"
391776,0,"391776,"
391780,0,"391780,"
391810,0,"391810,"
392001,0,"392001,"
392011,0,"392011,"
392012,0,"392012,"
392015,0,"392015,"
392020,0,"392020,"
392025,0,"392025,"
392030,0,"392030,"
392035,0,"392035,"
392040,0,"392040,"
392110,0,"392110,"
392130,0,"392130,"
392135,0,"392135,"
392140,0,"392140,"
392150,0,"392150,"
392155,0,"392155,"
392160,0,"392160,"
392165,0,"392165,"
392170,0,"392170,"
392180,0,"392180,"
392210,0,"392210,"
392215,0,"392215,"
392220,0,"392220,"
392230,0,"392230,"
392240,0,"392240,"
392310,0,"392310,"
393001,0,"393001,"
393002,0,"393002,"
393010,0,"393010,"
393017,0,"393017,"
393020,0,"393020,"
393025,0,"393025,"
393030,0,"393030,"
393040,0,"393040,"
393041,0,"393041,"
393050,0,"393050,"
393105,0,"393105,"
393110,0,"393110,"
393115,0,"393115,"
393120,0,"393120,"
393125,0,"393125,"
393130,0,"393130,"
393135,0,"393135,"
393140,0,"393140,"
393145,0,"393145,"
393150,0,"393150,"
393151,0,"393151,"
393155,0,"393155,"
394101,0,"394101,"
394105,0,"394105,"
394107,0,"394107,"
394110,0,"394110,"
394111,0,"394111,"
394112,0,"394112,"
394115,0,"394115,"
394116,0,"394116,"
394120,0,"394120,"
394125,0,"394125,"
394130,0,"394130,"
394140,0,"394140,"
394150,0,"394150,"
394155,0,"394155,"
394160,0,"394160,"
394163,0,"394163,"
394170,0,"394170,"
394180,0,"394180,"
394185,0,"394185,"
394190,0,"394190,"
394210,0,"394210,"
394221,0,"394221,"
394230,0,"394230,"
394235,0,"394235,"
394240,0,"394240,"
394245,0,"394245,"
394246,0,"394246,"
394248,0,"394248,"
394250,0,"394250,"
394270,0,"394270,"
394305,0,"394305,"
394310,0,"394310,"
394315,0,"394315,"
394317,0,"394317,"
394320,0,"394320,"
394325,0,"394325,"
394326,0,"394326,"
394327,0,"394327,"
394330,0,"394330,"
394335,0,"394335,"
394340,0,"394340,"
394345,0,"394345,"
394350,0,"394350,"
394352,0,"394352,"
394355,0,"394355,"
394360,0,"394360,"
394365,0,"394365,"
394370,0,"394370,"
394375,0,"394375,"
394380,0,"394380,"
394405,0,"394405,"
394410,0,"394410,"
394421,0,"394421,"
394430,0,"394430,"
394440,0,"394440,"
394445,0,"394445,"
394510,0,"394510,"
394515,0,"394515,"
394516,0,"394516,"
394517,0,"394517,"
394518,0,"394518,"
394520,0,"394520,"
394530,0,"394530,"
394540,0,"394540,"
394541,0,"394541,"
394550,0,"394550,"
394601,0,"394601,"
394620,0,"394620,"
394630,0,"394630,"
394633,0,"394633,"
394635,0,"394635,"
394640,0,"394640,"
394641,0,"394641,"
394650,0,"394650,"
394651,0,"394651,"
394652,0,"394652,"
394655,0,"394655,"
394660,0,"394660,"
394670,0,"394670,"
394680,0,"394680,"
394690,0,"394690,"
394710,0,"394710,"
394715,0,"394715,"
394716,0,"394716,"
394720,0,"394720,"
394730,0,"394730,"
394810,0,"394810,"
395001,0,"395001,"
395002,0,"395002,"
395003,0,"395003,"
395004,0,"395004,"
395005,0,"395005,"
395006,0,"395006,"
395007,0,"395007,"
395008,0,"395008,"
395009,0,"395009,"
395010,0,"395010,"
395011,0,"395011,"
395012,0,"395012,"
395013,0,"395013,"
395017,0,"395017,"
395023,0,"395023,"
396001,0,"396001,"
396002,0,"396002,"
396007,0,"396007,"
396020,0,"396020,"
396030,0,"396030,"
396035,0,"396035,"
396040,0,"396040,"
396045,0,"396045,"
396050,0,"396050,"
396051,0,"396051,"
396055,0,"396055,"
396060,0,"396060,"
396065,0,"396065,"
396067,0,"396067,"
396105,0,"396105,"
396110,0,"396110,"
396115,0,"396115,"
396120,0,"396120,"
396125,0,"396125,"
396126,0,"396126,"
396130,0,"396130,"
396135,0,"396135,"
396140,0,"396140,"
396145,0,"396145,"
396150,0,"396150,"
396155,0,"396155,"
396165,0,"396165,"
396170,0,"396170,"
396171,0,"396171,"
396180,0,"396180,"
396185,0,"396185,"
396191,0,"396191,"
396193,0,"396193,"
396195,0,"396195,"
396210,0,"396210,"
396215,0,"396215,"
396220,0,"396220,"
396230,0,"396230,"
396235,0,"396235,"
396240,0,"396240,"
396310,0,"396310,"
396321,0,"396321,"
396325,0,"396325,"
396350,0,"396350,"
396360,0,"396360,"
396370,0,"396370,"
396375,0,"396375,"
396380,0,"396380,"
396385,0,"396385,"
396403,0,"396403,"
396406,0,"396406,"
396409,0,"396409,"
396412,0,"396412,"
396415,0,"396415,"
396418,0,"396418,"
396421,0,"396421,"
396424,0,"396424,"
396427,0,"396427,"
396430,0,"396430,"
396433,0,"396433,"
396436,0,"396436,"
396439,0,"396439,"
396440,0,"396440,"
396445,0,"396445,"
396450,0,"396450,"
396460,0,"396460,"
396463,0,"396463,"
396466,0,"396466,"
396469,0,"396469,"
396472,0,"396472,"
396475,0,"396475,"
396510,0,"396510,"
396521,0,"396521,"
396530,0,"396530,"
396540,0,"396540,"
396560,0,"396560,"
396570,0,"396570,"
396580,0,"396580,"
396590,0,"396590,"
400001,0,"400001,"
400002,0,"400002,"
400003,0,"400003,"
400004,0,"400004,"
400005,0,"400005,"
400006,0,"400006,"
400007,0,"400007,"
400008,0,"400008,"
400009,0,"400009,"
400010,0,"400010,"
400011,0,"400011,"
400012,0,"400012,"
400013,0,"400013,"
400014,0,"400014,"
400015,0,"400015,"
400016,0,"400016,"
400017,0,"400017,"
400018,0,"400018,"
400019,0,"400019,"
400020,0,"400020,"
400021,0,"400021,"
400022,0,"400022,"
400024,0,"400024,"
400025,0,"400025,"
400026,0,"400026,"
400027,0,"400027,"
400028,0,"400028,"
400029,0,"400029,"
400030,0,"400030,"
400031,0,"400031,"
400032,0,"400032,"
400033,0,"400033,"
400034,0,"400034,"
400035,0,"400035,"
400037,0,"400037,"
400042,0,"400042,"
400043,0,"400043,"
400049,0,"400049,"
400050,0,"400050,"
400051,0,"400051,"
400052,0,"400052,"
400053,0,"400053,"
400054,0,"400054,"
400055,0,"400055,"
400056,0,"400056,"
400057,0,"400057,"
400058,0,"400058,"
400059,0,"400059,"
400060,0,"400060,"
400061,0,"400061,"
400063,0,"400063,"
400064,0,"400064,"
400065,0,"400065,"
400066,0,"400066,"
400067,0,"400067,"
400068,0,"400068,"
400069,0,"400069,"
400070,0,"400070,"
400071,0,"400071,"
400072,0,"400072,"
400074,0,"400074,"
400075,0,"400075,"
400076,0,"400076,"
400077,0,"400077,"
400078,0,"400078,"
400079,0,"400079,"
400080,0,"400080,"
400081,0,"400081,"
400082,0,"400082,"
400083,0,"400083,"
400084,0,"400084,"
400085,0,"400085,"
400086,0,"400086,"
400087,0,"400087,"
400088,0,"400088,"
400089,0,"400089,"
400091,0,"400091,"
400092,0,"400092,"
400093,0,"400093,"
400094,0,"400094,"
400095,0,"400095,"
400096,0,"400096,"
400097,0,"400097,"
400098,0,"400098,"
400099,0,"400099,"
400101,0,"400101,"
400102,0,"400102,"
400103,0,"400103,"
400104,0,"400104,"
400601,0,"400601,"
400602,0,"400602,"
400603,0,"400603,"
400604,0,"400604,"
400605,0,"400605,"
400606,0,"400606,"
400607,0,"400607,"
400608,0,"400608,"
400610,0,"400610,"
400612,0,"400612,"
400614,0,"400614,"
400615,0,"400615,"
400701,0,"400701,"
400702,0,"400702,"
400703,0,"400703,"
400704,0,"400704,"
400705,0,"400705,"
400706,0,"400706,"
400707,0,"400707,"
400708,0,"400708,"
400709,0,"400709,"
400710,0,"400710,"
401101,0,"401101,"
401102,0,"401102,"
401103,0,"401103,"
401105,0,"401105,"
401106,0,"401106,"
401107,0,"401107,"
401201,0,"401201,"
401202,0,"401202,"
401203,0,"401203,"
401204,0,"401204,"
401206,0,"401206,"
401207,0,"401207,"
401208,0,"401208,"
401209,0,"401209,"
401301,0,"401301,"
401302,0,"401302,"
401303,0,"401303,"
401304,0,"401304,"
401305,0,"401305,"
401401,0,"401401,"
401402,0,"401402,"
401403,0,"401403,"
401404,0,"401404,"
401405,0,"401405,"
401501,0,"401501,"
401502,0,"401502,"
401503,0,"401503,"
401504,0,"401504,"
401506,0,"401506,"
401601,0,"401601,"
401602,0,"401602,"
401603,0,"401603,"
401604,0,"401604,"
401605,0,"401605,"
401606,0,"401606,"
401607,0,"401607,"
401608,0,"401608,"
401701,0,"401701,"
401702,0,"401702,"
401703,0,"401703,"
402101,0,"402101,"
402102,0,"402102,"
402103,0,"402103,"
402104,0,"402104,"
402105,0,"402105,"
402106,0,"402106,"
402107,0,"402107,"
402108,0,"402108,"
402109,0,"402109,"
402110,0,"402110,"
402111,0,"402111,"
402112,0,"402112,"
402113,0,"402113,"
402114,0,"402114,"
402115,0,"402115,"
402116,0,"402116,"
402117,0,"402117,"
402120,0,"402120,"
402122,0,"402122,"
402125,0,"402125,"
402126,0,"402126,"
402201,0,"402201,"
402202,0,"402202,"
402203,0,"402203,"
402204,0,"402204,"
402207,0,"402207,"
402208,0,"402208,"
402209,0,"402209,"
402301,0,"402301,"
402302,0,"402302,"
402303,0,"402303,"
402304,0,"402304,"
402305,0,"402305,"
402306,0,"402306,"
402307,0,"402307,"
402308,0,"402308,"
402309,0,"402309,"
402401,0,"402401,"
402402,0,"402402,"
402403,0,"402403,"
402404,0,"402404,"
403001,0,"403001,"
403002,0,"403002,"
403004,0,"403004,"
403005,0,"403005,"
403006,0,"403006,"
403101,0,"403101,"
403102,0,"403102,"
403103,0,"403103,"
403104,0,"403104,"
403105,0,"403105,"
403106,0,"403106,"
403107,0,"403107,"
403108,0,"403108,"
403109,0,"403109,"
403110,0,"403110,"
403114,0,"403114,"
403115,0,"403115,"
403201,0,"403201,"
403202,0,"403202,"
403203,0,"403203,"
403204,0,"403204,"
403206,0,"403206,"
403401,0,"403401,"
403402,0,"403402,"
403403,0,"403403,"
403404,0,"403404,"
403406,0,"403406,"
403409,0,"403409,"
403410,0,"403410,"
403501,0,"403501,"
403502,0,"403502,"
403503,0,"403503,"
403504,0,"403504,"
403505,0,"403505,"
403506,0,"403506,"
403507,0,"403507,"
403508,0,"403508,"
403509,0,"403509,"
403510,0,"403510,"
403511,0,"403511,"
403512,0,"403512,"
403513,0,"403513,"
403515,0,"403515,"
403516,0,"403516,"
403517,0,"403517,"
403521,0,"403521,"
403523,0,"403523,"
403524,0,"403524,"
403526,0,"403526,"
403527,0,"403527,"
403529,0,"403529,"
403530,0,"403530,"
403601,0,"403601,"
403602,0,"403602,"
403701,0,"403701,"
403702,0,"403702,"
403703,0,"403703,"
403704,0,"403704,"
403705,0,"403705,"
403706,0,"403706,"
403707,0,"403707,"
403708,0,"403708,"
403709,0,"403709,"
403710,0,"403710,"
403711,0,"403711,"
403712,0,"403712,"
403713,0,"403713,"
403714,0,"403714,"
403715,0,"403715,"
403716,0,"403716,"
403717,0,"403717,"
403718,0,"403718,"
403719,0,"403719,"
403720,0,"403720,"
403721,0,"403721,"
403722,0,"403722,"
403723,0,"403723,"
403724,0,"403724,"
403725,0,"403725,"
403726,0,"403726,"
403728,0,"403728,"
403729,0,"403729,"
403731,0,"403731,"
403801,0,"403801,"
403802,0,"403802,"
403803,0,"403803,"
403804,0,"403804,"
403806,0,"403806,"
410101,0,"410101,"
410102,0,"410102,"
410201,0,"410201,"
410202,0,"410202,"
410203,0,"410203,"
410204,0,"410204,"
410205,0,"410205,"
410206,0,"410206,"
410207,0,"410207,"
410208,0,"410208,"
410210,0,"410210,"
410216,0,"410216,"
410218,0,"410218,"
410220,0,"410220,"
410221,0,"410221,"
410222,0,"410222,"
410301,0,"410301,"
410302,0,"410302,"
410401,0,"410401,"
410402,0,"410402,"
410403,0,"410403,"
410405,0,"410405,"
410406,0,"410406,"
410501,0,"410501,"
410502,0,"410502,"
410503,0,"410503,"
410504,0,"410504,"
410505,0,"410505,"
410506,0,"410506,"
410507,0,"410507,"
410508,0,"410508,"
410509,0,"410509,"
410510,0,"410510,"
410511,0,"410511,"
410512,0,"410512,"
410513,0,"410513,"
410515,0,"410515,"
410516,0,"410516,"
411001,0,"411001,"
411002,0,"411002,"
411003,0,"411003,"
411004,0,"411004,"
411005,0,"411005,"
411006,0,"411006,"
411007,0,"411007,"
411008,0,"411008,"
411009,0,"411009,"
411011,0,"411011,"
411012,0,"411012,"
411013,0,"411013,"
411014,0,"411014,"
411015,0,"411015,"
411016,0,"411016,"
411017,0,"411017,"
411018,0,"411018,"
411019,0,"411019,"
411020,0,"411020,"
411021,0,"411021,"
411022,0,"411022,"
411023,0,"411023,"
411024,0,"411024,"
411025,0,"411025,"
411026,0,"411026,"
411027,0,"411027,"
411028,0,"411028,"
411030,0,"411030,"
411031,0,"411031,"
411032,0,"411032,"
411033,0,"411033,"
411034,0,"411034,"
411035,0,"411035,"
411036,0,"411036,"
411037,0,"411037,"
411038,0,"411038,"
411039,0,"411039,"
411040,0,"411040,"
411041,0,"411041,"
411042,0,"411042,"
411043,0,"411043,"
411044,0,"411044,"
411045,0,"411045,"
411046,0,"411046,"
411047,0,"411047,"
411048,0,"411048,"
411051,0,"411051,"
411052,0,"411052,"
411057,0,"411057,"
411058,0,"411058,"
411060,0,"411060,"
411061,0,"411061,"
411062,0,"411062,"
411067,0,"411067,"
411068,0,"411068,"
412101,0,"412101,"
412102,0,"412102,"
412103,0,"412103,"
412104,0,"412104,"
412105,0,"412105,"
412106,0,"412106,"
412107,0,"412107,"
412108,0,"412108,"
412109,0,"412109,"
412110,0,"412110,"
412112,0,"412112,"
412115,0,"412115,"
412201,0,"412201,"
412202,0,"412202,"
412203,0,"412203,"
412204,0,"412204,"
412205,0,"412205,"
412206,0,"412206,"
412207,0,"412207,"
412208,0,"412208,"
412209,0,"412209,"
412210,0,"412210,"
412211,0,"412211,"
412212,0,"412212,"
412213,0,"412213,"
412214,0,"412214,"
412215,0,"412215,"
412216,0,"412216,"
412218,0,"412218,"
412219,0,"412219,"
412220,0,"412220,"
412301,0,"412301,"
412303,0,"412303,"
412304,0,"412304,"
412305,0,"412305,"
412306,0,"412306,"
412307,0,"412307,"
412308,0,"412308,"
412311,0,"412311,"
412312,0,"412312,"
412401,0,"412401,"
412402,0,"412402,"
412403,0,"412403,"
412404,0,"412404,"
412405,0,"412405,"
412406,0,"412406,"
412408,0,"412408,"
412409,0,"412409,"
412410,0,"412410,"
412411,0,"412411,"
412412,0,"412412,"
412801,0,"412801,"
412802,0,"412802,"
412803,0,"412803,"
412804,0,"412804,"
412805,0,"412805,"
412806,0,"412806,"
413001,0,"413001,"
413002,0,"413002,"
413003,0,"413003,"
413004,0,"413004,"
413005,0,"413005,"
413006,0,"413006,"
413007,0,"413007,"
413008,0,"413008,"
413101,0,"413101,"
413102,0,"413102,"
413103,0,"413103,"
413104,0,"413104,"
413105,0,"413105,"
413106,0,"413106,"
413107,0,"413107,"
413108,0,"413108,"
413109,0,"413109,"
413110,0,"413110,"
413111,0,"413111,"
413112,0,"413112,"
413113,0,"413113,"
413114,0,"413114,"
413115,0,"413115,"
413116,0,"413116,"
413118,0,"413118,"
413120,0,"413120,"
413130,0,"413130,"
413132,0,"413132,"
413133,0,"413133,"
413201,0,"413201,"
413202,0,"413202,"
413203,0,"413203,"
413204,0,"413204,"
413205,0,"413205,"
413206,0,"413206,"
413207,0,"413207,"
413208,0,"413208,"
413209,0,"413209,"
413210,0,"413210,"
413211,0,"413211,"
413212,0,"413212,"
413213,0,"413213,"
413214,0,"413214,"
413215,0,"413215,"
413216,0,"413216,"
413217,0,"413217,"
413218,0,"413218,"
413219,0,"413219,"
413220,0,"413220,"
413221,0,"413221,"
413222,0,"413222,"
413223,0,"413223,"
413224,0,"413224,"
413226,0,"413226,"
413227,0,"413227,"
413228,0,"413228,"
413229,0,"413229,"
413248,0,"413248,"
413249,0,"413249,"
413250,0,"413250,"
413251,0,"413251,"
413252,0,"413252,"
413253,0,"413253,"
413255,0,"413255,"
413301,0,"413301,"
413302,0,"413302,"
413303,0,"413303,"
413304,0,"413304,"
413305,0,"413305,"
413306,0,"413306,"
413307,0,"413307,"
413308,0,"413308,"
413309,0,"413309,"
413310,0,"413310,"
413314,0,"413314,"
413315,0,"413315,"
413317,0,"413317,"
413319,0,"413319,"
413322,0,"413322,"
413324,0,"413324,"
413401,0,"413401,"
413402,0,"413402,"
413403,0,"413403,"
413404,0,"413404,"
413405,0,"413405,"
413406,0,"413406,"
413409,0,"413409,"
413410,0,"413410,"
413411,0,"413411,"
413412,0,"413412,"
413501,0,"413501,"
413502,0,"413502,"
413503,0,"413503,"
413504,0,"413504,"
413505,0,"413505,"
413506,0,"413506,"
413507,0,"413507,"
413508,0,"413508,"
413509,0,"413509,"
413510,0,"413510,"
413511,0,"413511,"
413512,0,"413512,"
413513,0,"413513,"
413514,0,"413514,"
413515,0,"413515,"
413516,0,"413516,"
413517,0,"413517,"
413518,0,"413518,"
413519,0,"413519,"
413520,0,"413520,"
413521,0,"413521,"
413522,0,"413522,"
413523,0,"413523,"
413524,0,"413524,"
413525,0,"413525,"
413526,0,"413526,"
413527,0,"413527,"
413528,0,"413528,"
413529,0,"413529,"
413530,0,"413530,"
413531,0,"413531,"
413532,0,"413532,"
413534,0,"413534,"
413544,0,"413544,"
413581,0,"413581,"
413582,0,"413582,"
413601,0,"413601,"
413602,0,"413602,"
413603,0,"413603,"
413604,0,"413604,"
413605,0,"413605,"
413606,0,"413606,"
413607,0,"413607,"
413608,0,"413608,"
413623,0,"413623,"
413624,0,"413624,"
413701,0,"413701,"
413702,0,"413702,"
413703,0,"413703,"
413704,0,"413704,"
413705,0,"413705,"
413706,0,"413706,"
413707,0,"413707,"
413708,0,"413708,"
413709,0,"413709,"
413710,0,"413710,"
413711,0,"413711,"
413712,0,"413712,"
413713,0,"413713,"
413714,0,"413714,"
413715,0,"413715,"
413716,0,"413716,"
413717,0,"413717,"
413718,0,"413718,"
413719,0,"413719,"
413720,0,"413720,"
413721,0,"413721,"
413722,0,"413722,"
413723,0,"413723,"
413725,0,"413725,"
413726,0,"413726,"
413728,0,"413728,"
413736,0,"413736,"
413737,0,"413737,"
413738,0,"413738,"
413739,0,"413739,"
413801,0,"413801,"
413802,0,"413802,"
414001,0,"414001,"
414002,0,"414002,"
414003,0,"414003,"
414005,0,"414005,"
414006,0,"414006,"
414101,0,"414101,"
414102,0,"414102,"
414103,0,"414103,"
414105,0,"414105,"
414106,0,"414106,"
414110,0,"414110,"
414111,0,"414111,"
414113,0,"414113,"
414201,0,"414201,"
414202,0,"414202,"
414203,0,"414203,"
414204,0,"414204,"
414205,0,"414205,"
414208,0,"414208,"
414301,0,"414301,"
414302,0,"414302,"
414303,0,"414303,"
414304,0,"414304,"
414305,0,"414305,"
414306,0,"414306,"
414401,0,"414401,"
414402,0,"414402,"
414403,0,"414403,"
414501,0,"414501,"
414502,0,"414502,"
414503,0,"414503,"
414504,0,"414504,"
414505,0,"414505,"
414601,0,"414601,"
414602,0,"414602,"
414603,0,"414603,"
414604,0,"414604,"
414605,0,"414605,"
414606,0,"414606,"
414607,0,"414607,"
414609,0,"414609,"
414701,0,"414701,"
415001,0,"415001,"
415002,0,"415002,"
415003,0,"415003,"
415004,0,"415004,"
415010,0,"415010,"
415011,0,"415011,"
415012,0,"415012,"
415013,0,"415013,"
415014,0,"415014,"
415015,0,"415015,"
415019,0,"415019,"
415020,0,"415020,"
415021,0,"415021,"
415022,0,"415022,"
415023,0,"415023,"
415101,0,"415101,"
415102,0,"415102,"
415103,0,"415103,"
415104,0,"415104,"
415105,0,"415105,"
415106,0,"415106,"
415107,0,"415107,"
415108,0,"415108,"
415109,0,"415109,"
415110,0,"415110,"
415111,0,"415111,"
415112,0,"415112,"
415114,0,"415114,"
415115,0,"415115,"
415116,0,"415116,"
415122,0,"415122,"
415124,0,"415124,"
415202,0,"415202,"
415203,0,"415203,"
415205,0,"415205,"
415206,0,"415206,"
415207,0,"415207,"
415208,0,"415208,"
415209,0,"415209,"
415211,0,"415211,"
415212,0,"415212,"
415213,0,"415213,"
415214,0,"415214,"
415301,0,"415301,"
415302,0,"415302,"
415303,0,"415303,"
415304,0,"415304,"
415305,0,"415305,"
415306,0,"415306,"
415307,0,"415307,"
415308,0,"415308,"
415309,0,"415309,"
415310,0,"415310,"
415311,0,"415311,"
415312,0,"415312,"
415313,0,"415313,"
415315,0,"415315,"
415401,0,"415401,"
415402,0,"415402,"
415403,0,"415403,"
415404,0,"415404,"
415405,0,"415405,"
415406,0,"415406,"
415407,0,"415407,"
415408,0,"415408,"
415409,0,"415409,"
415410,0,"415410,"
415411,0,"415411,"
415412,0,"415412,"
415413,0,"415413,"
415414,0,"415414,"
415415,0,"415415,"
415501,0,"415501,"
415502,0,"415502,"
415503,0,"415503,"
415504,0,"415504,"
415505,0,"415505,"
415506,0,"415506,"
415507,0,"415507,"
415508,0,"415508,"
415509,0,"415509,"
415510,0,"415510,"
415511,0,"415511,"
415512,0,"415512,"
415513,0,"415513,"
415514,0,"415514,"
415515,0,"415515,"
415516,0,"415516,"
415517,0,"415517,"
415518,0,"415518,"
415519,0,"415519,"
415520,0,"415520,"
415521,0,"415521,"
415522,0,"415522,"
415523,0,"415523,"
415524,0,"415524,"
415525,0,"415525,"
415526,0,"415526,"
415527,0,"415527,"
415528,0,"415528,"
415530,0,"415530,"
415536,0,"415536,"
415537,0,"415537,"
415538,0,"415538,"
415539,0,"415539,"
415540,0,"415540,"
415601,0,"415601,"
415602,0,"415602,"
415603,0,"415603,"
415604,0,"415604,"
415605,0,"415605,"
415606,0,"415606,"
415607,0,"415607,"
415608,0,"415608,"
415609,0,"415609,"
415610,0,"415610,"
415611,0,"415611,"
415612,0,"415612,"
415613,0,"415613,"
415614,0,"415614,"
415615,0,"415615,"
415616,0,"415616,"
415617,0,"415617,"
415619,0,"415619,"
415620,0,"415620,"
415621,0,"415621,"
415626,0,"415626,"
415628,0,"415628,"
415629,0,"415629,"
415634,0,"415634,"
415637,0,"415637,"
415639,0,"415639,"
415640,0,"415640,"
415641,0,"415641,"
415643,0,"415643,"
415701,0,"415701,"
415702,0,"415702,"
415703,0,"415703,"
415705,0,"415705,"
415706,0,"415706,"
415708,0,"415708,"
415709,0,"415709,"
415710,0,"415710,"
415711,0,"415711,"
415712,0,"415712,"
415713,0,"415713,"
415714,0,"415714,"
415715,0,"415715,"
415716,0,"415716,"
415717,0,"415717,"
415718,0,"415718,"
415719,0,"415719,"
415720,0,"415720,"
415722,0,"415722,"
415724,0,"415724,"
415726,0,"415726,"
415727,0,"415727,"
415728,0,"415728,"
415729,0,"415729,"
415730,0,"415730,"
415801,0,"415801,"
415802,0,"415802,"
415803,0,"415803,"
415804,0,"415804,"
415805,0,"415805,"
415806,0,"415806,"
415807,0,"415807,"
416001,0,"416001,"
416002,0,"416002,"
416003,0,"416003,"
416004,0,"416004,"
416005,0,"416005,"
416006,0,"416006,"
416007,0,"416007,"
416008,0,"416008,"
416010,0,"416010,"
416011,0,"416011,"
416012,0,"416012,"
416013,0,"416013,"
416101,0,"416101,"
416102,0,"416102,"
416103,0,"416103,"
416104,0,"416104,"
416105,0,"416105,"
416106,0,"416106,"
416107,0,"416107,"
416108,0,"416108,"
416109,0,"416109,"
416110,0,"416110,"
416111,0,"416111,"
416112,0,"416112,"
416113,0,"416113,"
416114,0,"416114,"
416115,0,"416115,"
416116,0,"416116,"
416118,0,"416118,"
416119,0,"416119,"
416120,0,"416120,"
416121,0,"416121,"
416122,0,"416122,"
416138,0,"416138,"
416143,0,"416143,"
416144,0,"416144,"
416146,0,"416146,"
416201,0,"416201,"
416202,0,"416202,"
416203,0,"416203,"
416204,0,"416204,"
416205,0,"416205,"
416206,0,"416206,"
416207,0,"416207,"
416208,0,"416208,"
416209,0,"416209,"
416210,0,"416210,"
416211,0,"416211,"
416212,0,"416212,"
416213,0,"416213,"
416214,0,"416214,"
416215,0,"416215,"
416216,0,"416216,"
416218,0,"416218,"
416219,0,"416219,"
416220,0,"416220,"
416221,0,"416221,"
416223,0,"416223,"
416229,0,"416229,"
416230,0,"416230,"
416231,0,"416231,"
416232,0,"416232,"
416234,0,"416234,"
416235,0,"416235,"
416236,0,"416236,"
416301,0,"416301,"
416302,0,"416302,"
416303,0,"416303,"
416304,0,"416304,"
416305,0,"416305,"
416306,0,"416306,"
416307,0,"416307,"
416308,0,"416308,"
416309,0,"416309,"
416310,0,"416310,"
416311,0,"416311,"
416312,0,"416312,"
416313,0,"416313,"
416314,0,"416314,"
416315,0,"416315,"
416316,0,"416316,"
416401,0,"416401,"
416402,0,"416402,"
416403,0,"416403,"
416404,0,"416404,"
416405,0,"416405,"
416406,0,"416406,"
416407,0,"416407,"
416408,0,"416408,"
416409,0,"416409,"
416410,0,"416410,"
416411,0,"416411,"
416412,0,"416412,"
416413,0,"416413,"
416414,0,"416414,"
416415,0,"416415,"
416416,0,"416416,"
416417,0,"416417,"
416418,0,"416418,"
416419,0,"416419,"
416420,0,"416420,"
416436,0,"416436,"
416437,0,"416437,"
416501,0,"416501,"
416502,0,"416502,"
416503,0,"416503,"
416504,0,"416504,"
416505,0,"416505,"
416506,0,"416506,"
416507,0,"416507,"
416508,0,"416508,"
416509,0,"416509,"
416510,0,"416510,"
416511,0,"416511,"
416512,0,"416512,"
416513,0,"416513,"
416514,0,"416514,"
416515,0,"416515,"
416516,0,"416516,"
416517,0,"416517,"
416518,0,"416518,"
416519,0,"416519,"
416520,0,"416520,"
416521,0,"416521,"
416522,0,"416522,"
416523,0,"416523,"
416524,0,"416524,"
416525,0,"416525,"
416526,0,"416526,"
416527,0,"416527,"
416528,0,"416528,"
416529,0,"416529,"
416531,0,"416531,"
416534,0,"416534,"
416549,0,"416549,"
416550,0,"416550,"
416551,0,"416551,"
416552,0,"416552,"
416601,0,"416601,"
416602,0,"416602,"
416603,0,"416603,"
416604,0,"416604,"
416605,0,"416605,"
416606,0,"416606,"
416608,0,"416608,"
416609,0,"416609,"
416610,0,"416610,"
416611,0,"416611,"
416612,0,"416612,"
416613,0,"416613,"
416614,0,"416614,"
416615,0,"416615,"
416616,0,"416616,"
416620,0,"416620,"
416623,0,"416623,"
416626,0,"416626,"
416628,0,"416628,"
416630,0,"416630,"
416632,0,"416632,"
416701,0,"416701,"
416702,0,"416702,"
416703,0,"416703,"
416704,0,"416704,"
416705,0,"416705,"
416707,0,"416707,"
416709,0,"416709,"
416712,0,"416712,"
416713,0,"416713,"
416801,0,"416801,"
416803,0,"416803,"
416804,0,"416804,"
416805,0,"416805,"
416806,0,"416806,"
416807,0,"416807,"
416810,0,"416810,"
416811,0,"416811,"
416812,0,"416812,"
416813,0,"416813,"
421002,0,"421002,"
421004,0,"421004,"
421005,0,"421005,"
421101,0,"421101,"
421102,0,"421102,"
421103,0,"421103,"
421201,0,"421201,"
421202,0,"421202,"
421203,0,"421203,"
421204,0,"421204,"
421301,0,"421301,"
421302,0,"421302,"
421303,0,"421303,"
421305,0,"421305,"
421306,0,"421306,"
421308,0,"421308,"
421311,0,"421311,"
421312,0,"421312,"
421401,0,"421401,"
421402,0,"421402,"
421403,0,"421403,"
421501,0,"421501,"
421502,0,"421502,"
421503,0,"421503,"
421505,0,"421505,"
421506,0,"421506,"
421601,0,"421601,"
421602,0,"421602,"
421603,0,"421603,"
421605,0,"421605,"
422001,0,"422001,"
422002,0,"422002,"
422003,0,"422003,"
422004,0,"422004,"
422005,0,"422005,"
422006,0,"422006,"
422007,0,"422007,"
422008,0,"422008,"
422009,0,"422009,"
422010,0,"422010,"
422011,0,"422011,"
422012,0,"422012,"
422013,0,"422013,"
422101,0,"422101,"
422102,0,"422102,"
422103,0,"422103,"
422104,0,"422104,"
422105,0,"422105,"
422112,0,"422112,"
422113,0,"422113,"
422201,0,"422201,"
422202,0,"422202,"
422203,0,"422203,"
422204,0,"422204,"
422205,0,"422205,"
422206,0,"422206,"
422207,0,"422207,"
422208,0,"422208,"
422209,0,"422209,"
422210,0,"422210,"
422211,0,"422211,"
422212,0,"422212,"
422213,0,"422213,"
422214,0,"422214,"
422215,0,"422215,"
422221,0,"422221,"
422222,0,"422222,"
422301,0,"422301,"
422302,0,"422302,"
422303,0,"422303,"
422304,0,"422304,"
422305,0,"422305,"
422306,0,"422306,"
422308,0,"422308,"
422401,0,"422401,"
422402,0,"422402,"
422403,0,"422403,"
422501,0,"422501,"
422502,0,"422502,"
422601,0,"422601,"
422602,0,"422602,"
422603,0,"422603,"
422604,0,"422604,"
422605,0,"422605,"
422606,0,"422606,"
422608,0,"422608,"
422610,0,"422610,"
422611,0,"422611,"
422620,0,"422620,"
422622,0,"422622,"
423101,0,"423101,"
423102,0,"423102,"
423104,0,"423104,"
423105,0,"423105,"
423106,0,"423106,"
423107,0,"423107,"
423108,0,"423108,"
423109,0,"423109,"
423110,0,"423110,"
423111,0,"423111,"
423117,0,"423117,"
423201,0,"423201,"
423202,0,"423202,"
423203,0,"423203,"
423204,0,"423204,"
423205,0,"423205,"
423206,0,"423206,"
423208,0,"423208,"
423212,0,"423212,"
423213,0,"423213,"
423301,0,"423301,"
423302,0,"423302,"
423303,0,"423303,"
423401,0,"423401,"
423402,0,"423402,"
423403,0,"423403,"
423501,0,"423501,"
423502,0,"423502,"
423601,0,"423601,"
423602,0,"423602,"
423603,0,"423603,"
423604,0,"423604,"
423605,0,"423605,"
423607,0,"423607,"
423701,0,"423701,"
423702,0,"423702,"
423703,0,"423703,"
424001,0,"424001,"
424002,0,"424002,"
424004,0,"424004,"
424005,0,"424005,"
424006,0,"424006,"
424101,0,"424101,"
424102,0,"424102,"
424103,0,"424103,"
424104,0,"424104,"
424105,0,"424105,"
424106,0,"424106,"
424107,0,"424107,"
424108,0,"424108,"
424109,0,"424109,"
424119,0,"424119,"
424201,0,"424201,"
424202,0,"424202,"
424203,0,"424203,"
424204,0,"424204,"
424205,0,"424205,"
424206,0,"424206,"
424207,0,"424207,"
424208,0,"424208,"
424301,0,"424301,"
424302,0,"424302,"
424303,0,"424303,"
424304,0,"424304,"
424305,0,"424305,"
424306,0,"424306,"
424307,0,"424307,"
424308,0,"424308,"
424309,0,"424309,"
424310,0,"424310,"
424311,0,"424311,"
424318,0,"424318,"
425001,0,"425001,"
425002,0,"425002,"
425003,0,"425003,"
425004,0,"425004,"
425101,0,"425101,"
425102,0,"425102,"
425103,0,"425103,"
425104,0,"425104,"
425105,0,"425105,"
425107,0,"425107,"
425108,0,"425108,"
425109,0,"425109,"
425110,0,"425110,"
425111,0,"425111,"
425112,0,"425112,"
425113,0,"425113,"
425114,0,"425114,"
425115,0,"425115,"
425116,0,"425116,"
425201,0,"425201,"
425203,0,"425203,"
425301,0,"425301,"
425302,0,"425302,"
425303,0,"425303,"
425304,0,"425304,"
425305,0,"425305,"
425306,0,"425306,"
425307,0,"425307,"
425308,0,"425308,"
425309,0,"425309,"
425310,0,"425310,"
425311,0,"425311,"
425327,0,"425327,"
425401,0,"425401,"
425402,0,"425402,"
425403,0,"425403,"
425404,0,"425404,"
425405,0,"425405,"
425406,0,"425406,"
425407,0,"425407,"
425408,0,"425408,"
425409,0,"425409,"
425410,0,"425410,"
425411,0,"425411,"
425412,0,"425412,"
425413,0,"425413,"
425414,0,"425414,"
425415,0,"425415,"
425416,0,"425416,"
425417,0,"425417,"
425418,0,"425418,"
425419,0,"425419,"
425420,0,"425420,"
425421,0,"425421,"
425422,0,"425422,"
425423,0,"425423,"
425424,0,"425424,"
425426,0,"425426,"
425427,0,"425427,"
425428,0,"425428,"
425432,0,"425432,"
425442,0,"425442,"
425444,0,"425444,"
425452,0,"425452,"
425501,0,"425501,"
425502,0,"425502,"
425503,0,"425503,"
425504,0,"425504,"
425505,0,"425505,"
425506,0,"425506,"
425507,0,"425507,"
425508,0,"425508,"
425524,0,"425524,"
431001,0,"431001,"
431002,0,"431002,"
431003,0,"431003,"
431004,0,"431004,"
431005,0,"431005,"
431006,0,"431006,"
431007,0,"431007,"
431008,0,"431008,"
431009,0,"431009,"
431010,0,"431010,"
431011,0,"431011,"
431101,0,"431101,"
431102,0,"431102,"
431103,0,"431103,"
431104,0,"431104,"
431105,0,"431105,"
431107,0,"431107,"
431109,0,"431109,"
431110,0,"431110,"
431111,0,"431111,"
431112,0,"431112,"
431113,0,"431113,"
431114,0,"431114,"
431115,0,"431115,"
431116,0,"431116,"
431117,0,"431117,"
431118,0,"431118,"
431120,0,"431120,"
431121,0,"431121,"
431122,0,"431122,"
431123,0,"431123,"
431124,0,"431124,"
431125,0,"431125,"
431126,0,"431126,"
431127,0,"431127,"
431128,0,"431128,"
431129,0,"431129,"
431130,0,"431130,"
431131,0,"431131,"
431132,0,"431132,"
431133,0,"431133,"
431134,0,"431134,"
431135,0,"431135,"
431136,0,"431136,"
431137,0,"431137,"
431142,0,"431142,"
431143,0,"431143,"
431144,0,"431144,"
431147,0,"431147,"
431148,0,"431148,"
431150,0,"431150,"
431151,0,"431151,"
431152,0,"431152,"
431153,0,"431153,"
431154,0,"431154,"
431202,0,"431202,"
431203,0,"431203,"
431204,0,"431204,"
431205,0,"431205,"
431206,0,"431206,"
431207,0,"431207,"
431208,0,"431208,"
431209,0,"431209,"
431211,0,"431211,"
431212,0,"431212,"
431213,0,"431213,"
431214,0,"431214,"
431215,0,"431215,"
431401,0,"431401,"
431402,0,"431402,"
431501,0,"431501,"
431502,0,"431502,"
431503,0,"431503,"
431504,0,"431504,"
431505,0,"431505,"
431506,0,"431506,"
431507,0,"431507,"
431508,0,"431508,"
431509,0,"431509,"
431510,0,"431510,"
431511,0,"431511,"
431512,0,"431512,"
431513,0,"431513,"
431514,0,"431514,"
431515,0,"431515,"
431516,0,"431516,"
431517,0,"431517,"
431518,0,"431518,"
431519,0,"431519,"
431520,0,"431520,"
431521,0,"431521,"
431522,0,"431522,"
431523,0,"431523,"
431530,0,"431530,"
431536,0,"431536,"
431537,0,"431537,"
431540,0,"431540,"
431541,0,"431541,"
431542,0,"431542,"
431601,0,"431601,"
431602,0,"431602,"
431603,0,"431603,"
431604,0,"431604,"
431605,0,"431605,"
431606,0,"431606,"
431701,0,"431701,"
431702,0,"431702,"
431703,0,"431703,"
431704,0,"431704,"
431705,0,"431705,"
431707,0,"431707,"
431708,0,"431708,"
431709,0,"431709,"
431710,0,"431710,"
431711,0,"431711,"
431712,0,"431712,"
431713,0,"431713,"
431714,0,"431714,"
431715,0,"431715,"
431716,0,"431716,"
431717,0,"431717,"
431718,0,"431718,"
431719,0,"431719,"
431720,0,"431720,"
431721,0,"431721,"
431722,0,"431722,"
431723,0,"431723,"
431731,0,"431731,"
431736,0,"431736,"
431741,0,"431741,"
431742,0,"431742,"
431743,0,"431743,"
431745,0,"431745,"
431746,0,"431746,"
431750,0,"431750,"
431801,0,"431801,"
431802,0,"431802,"
431803,0,"431803,"
431804,0,"431804,"
431805,0,"431805,"
431806,0,"431806,"
431807,0,"431807,"
431808,0,"431808,"
431809,0,"431809,"
431810,0,"431810,"
431811,0,"431811,"
440001,0,"440001,"
440002,0,"440002,"
440003,0,"440003,"
440005,0,"440005,"
440006,0,"440006,"
440007,0,"440007,"
440008,0,"440008,"
440010,0,"440010,"
440012,0,"440012,"
440013,0,"440013,"
440014,0,"440014,"
440015,0,"440015,"
440016,0,"440016,"
440017,0,"440017,"
440018,0,"440018,"
440019,0,"440019,"
440020,0,"440020,"
440021,0,"440021,"
440022,0,"440022,"
440023,0,"440023,"
440024,0,"440024,"
440025,0,"440025,"
440026,0,"440026,"
440027,0,"440027,"
440030,0,"440030,"
440032,0,"440032,"
440033,0,"440033,"
440034,0,"440034,"
440035,0,"440035,"
440036,0,"440036,"
440037,0,"440037,"
441001,0,"441001,"
441101,0,"441101,"
441102,0,"441102,"
441103,0,"441103,"
441104,0,"441104,"
441105,0,"441105,"
441106,0,"441106,"
441107,0,"441107,"
441108,0,"441108,"
441109,0,"441109,"
441110,0,"441110,"
441111,0,"441111,"
441112,0,"441112,"
441113,0,"441113,"
441122,0,"441122,"
441123,0,"441123,"
441201,0,"441201,"
441202,0,"441202,"
441203,0,"441203,"
441204,0,"441204,"
441205,0,"441205,"
441206,0,"441206,"
441207,0,"441207,"
441208,0,"441208,"
441209,0,"441209,"
441210,0,"441210,"
441212,0,"441212,"
441214,0,"441214,"
441215,0,"441215,"
441217,0,"441217,"
441221,0,"441221,"
441222,0,"441222,"
441223,0,"441223,"
441224,0,"441224,"
441225,0,"441225,"
441226,0,"441226,"
441228,0,"441228,"
441301,0,"441301,"
441302,0,"441302,"
441303,0,"441303,"
441304,0,"441304,"
441305,0,"441305,"
441306,0,"441306,"
441401,0,"441401,"
441404,0,"441404,"
441501,0,"441501,"
441502,0,"441502,"
441601,0,"441601,"
441614,0,"441614,"
441701,0,"441701,"
441702,0,"441702,"
441801,0,"441801,"
441802,0,"441802,"
441803,0,"441803,"
441804,0,"441804,"
441805,0,"441805,"
441806,0,"441806,"
441807,0,"441807,"
441809,0,"441809,"
441901,0,"441901,"
441902,0,"441902,"
441903,0,"441903,"
441904,0,"441904,"
441905,0,"441905,"
441906,0,"441906,"
441907,0,"441907,"
441908,0,"441908,"
441909,0,"441909,"
441910,0,"441910,"
441911,0,"441911,"
441912,0,"441912,"
441913,0,"441913,"
441914,0,"441914,"
441915,0,"441915,"
441916,0,"441916,"
441924,0,"441924,"
442001,0,"442001,"
442003,0,"442003,"
442101,0,"442101,"
442102,0,"442102,"
442104,0,"442104,"
442105,0,"442105,"
442106,0,"442106,"
442107,0,"442107,"
442111,0,"442111,"
442201,0,"442201,"
442202,0,"442202,"
442203,0,"442203,"
442301,0,"442301,"
442302,0,"442302,"
442303,0,"442303,"
442304,0,"442304,"
442305,0,"442305,"
442306,0,"442306,"
442307,0,"442307,"
442401,0,"442401,"
442402,0,"442402,"
442403,0,"442403,"
442404,0,"442404,"
442406,0,"442406,"
442501,0,"442501,"
442502,0,"442502,"
442503,0,"442503,"
442504,0,"442504,"
442505,0,"442505,"
442507,0,"442507,"
442603,0,"442603,"
442604,0,"442604,"
442605,0,"442605,"
442606,0,"442606,"
442701,0,"442701,"
442702,0,"442702,"
442703,0,"442703,"
442704,0,"442704,"
442705,0,"442705,"
442707,0,"442707,"
442709,0,"442709,"
442710,0,"442710,"
442901,0,"442901,"
442902,0,"442902,"
442903,0,"442903,"
442904,0,"442904,"
442905,0,"442905,"
442906,0,"442906,"
442907,0,"442907,"
442908,0,"442908,"
442914,0,"442914,"
442916,0,"442916,"
442917,0,"442917,"
442918,0,"442918,"
442919,0,"442919,"
443001,0,"443001,"
443002,0,"443002,"
443101,0,"443101,"
443102,0,"443102,"
443103,0,"443103,"
443104,0,"443104,"
443106,0,"443106,"
443112,0,"443112,"
443201,0,"443201,"
443202,0,"443202,"
443203,0,"443203,"
443204,0,"443204,"
443206,0,"443206,"
443301,0,"443301,"
443302,0,"443302,"
443303,0,"443303,"
443304,0,"443304,"
443308,0,"443308,"
443401,0,"443401,"
443402,0,"443402,"
443403,0,"443403,"
443404,0,"443404,"
444001,0,"444001,"
444002,0,"444002,"
444003,0,"444003,"
444004,0,"444004,"
444005,0,"444005,"
444006,0,"444006,"
444101,0,"444101,"
444102,0,"444102,"
444103,0,"444103,"
444104,0,"444104,"
444105,0,"444105,"
444106,0,"444106,"
444107,0,"444107,"
444108,0,"444108,"
444109,0,"444109,"
444110,0,"444110,"
444111,0,"444111,"
444117,0,"444117,"
444126,0,"444126,"
444201,0,"444201,"
444202,0,"444202,"
444203,0,"444203,"
444204,0,"444204,"
444301,0,"444301,"
444302,0,"444302,"
444303,0,"444303,"
444304,0,"444304,"
444306,0,"444306,"
444311,0,"444311,"
444312,0,"444312,"
444401,0,"444401,"
444402,0,"444402,"
444403,0,"444403,"
444404,0,"444404,"
444405,0,"444405,"
444407,0,"444407,"
444409,0,"444409,"
444501,0,"444501,"
444502,0,"444502,"
444503,0,"444503,"
444504,0,"444504,"
444505,0,"444505,"
444506,0,"444506,"
444507,0,"444507,"
444510,0,"444510,"
444511,0,"444511,"
444601,0,"444601,"
444602,0,"444602,"
444603,0,"444603,"
444604,0,"444604,"
444605,0,"444605,"
444606,0,"444606,"
444607,0,"444607,"
444701,0,"444701,"
444702,0,"444702,"
444704,0,"444704,"
444705,0,"444705,"
444706,0,"444706,"
444707,0,"444707,"
444708,0,"444708,"
444709,0,"444709,"
444710,0,"444710,"
444711,0,"444711,"
444717,0,"444717,"
444719,0,"444719,"
444720,0,"444720,"
444723,0,"444723,"
444801,0,"444801,"
444802,0,"444802,"
444803,0,"444803,"
444804,0,"444804,"
444805,0,"444805,"
444806,0,"444806,"
444807,0,"444807,"
444808,0,"444808,"
444809,0,"444809,"
444810,0,"444810,"
444813,0,"444813,"
444901,0,"444901,"
444902,0,"444902,"
444903,0,"444903,"
444904,0,"444904,"
444905,0,"444905,"
444906,0,"444906,"
444907,0,"444907,"
444908,0,"444908,"
444915,0,"444915,"
445001,0,"445001,"
445002,0,"445002,"
445101,0,"445101,"
445102,0,"445102,"
445103,0,"445103,"
445105,0,"445105,"
445106,0,"445106,"
445109,0,"445109,"
445110,0,"445110,"
445201,0,"445201,"
445202,0,"445202,"
445203,0,"445203,"
445204,0,"445204,"
445205,0,"445205,"
445206,0,"445206,"
445207,0,"445207,"
445209,0,"445209,"
445210,0,"445210,"
445211,0,"445211,"
445215,0,"445215,"
445216,0,"445216,"
445230,0,"445230,"
445301,0,"445301,"
445302,0,"445302,"
445303,0,"445303,"
445304,0,"445304,"
445305,0,"445305,"
445306,0,"445306,"
445307,0,"445307,"
445308,0,"445308,"
445323,0,"445323,"
445324,0,"445324,"
445401,0,"445401,"
445402,0,"445402,"
450001,0,"450001,"
450051,0,"450051,"
450110,0,"450110,"
450112,0,"450112,"
450114,0,"450114,"
450116,0,"450116,"
450117,0,"450117,"
450119,0,"450119,"
450221,0,"450221,"
450331,0,"450331,"
450332,0,"450332,"
450337,0,"450337,"
450445,0,"450445,"
450551,0,"450551,"
450554,0,"450554,"
450661,0,"450661,"
450771,0,"450771,"
450881,0,"450881,"
450991,0,"450991,"
451001,0,"451001,"
451111,0,"451111,"
451113,0,"451113,"
451115,0,"451115,"
451220,0,"451220,"
451221,0,"451221,"
451224,0,"451224,"
451225,0,"451225,"
451228,0,"451228,"
451331,0,"451331,"
451332,0,"451332,"
451335,0,"451335,"
451440,0,"451440,"
451441,0,"451441,"
451442,0,"451442,"
451447,0,"451447,"
451449,0,"451449,"
451551,0,"451551,"
451556,0,"451556,"
451660,0,"451660,"
451666,0,"451666,"
451770,0,"451770,"
451881,0,"451881,"
452001,0,"452001,"
452002,0,"452002,"
452003,0,"452003,"
452005,0,"452005,"
452006,0,"452006,"
452007,0,"452007,"
452009,0,"452009,"
452010,0,"452010,"
452011,0,"452011,"
452012,0,"452012,"
452013,0,"452013,"
452014,0,"452014,"
452015,0,"452015,"
452016,0,"452016,"
452018,0,"452018,"
452020,0,"452020,"
453001,0,"453001,"
453111,0,"453111,"
453112,0,"453112,"
453115,0,"453115,"
453220,0,"453220,"
453331,0,"453331,"
453441,0,"453441,"
453446,0,"453446,"
453551,0,"453551,"
453552,0,"453552,"
453555,0,"453555,"
453556,0,"453556,"
453661,0,"453661,"
453771,0,"453771,"
454001,0,"454001,"
454010,0,"454010,"
454111,0,"454111,"
454116,0,"454116,"
454221,0,"454221,"
454331,0,"454331,"
454335,0,"454335,"
454441,0,"454441,"
454446,0,"454446,"
454449,0,"454449,"
454552,0,"454552,"
454660,0,"454660,"
454665,0,"454665,"
454773,0,"454773,"
454774,0,"454774,"
454775,0,"454775,"
455001,0,"455001,"
455111,0,"455111,"
455115,0,"455115,"
455116,0,"455116,"
455118,0,"455118,"
455221,0,"455221,"
455223,0,"455223,"
455227,0,"455227,"
455332,0,"455332,"
455336,0,"455336,"
455339,0,"455339,"
455440,0,"455440,"
455459,0,"455459,"
456001,0,"456001,"
456003,0,"456003,"
456006,0,"456006,"
456010,0,"456010,"
456221,0,"456221,"
456222,0,"456222,"
456224,0,"456224,"
456313,0,"456313,"
456331,0,"456331,"
456335,0,"456335,"
456337,0,"456337,"
456440,0,"456440,"
456441,0,"456441,"
456443,0,"456443,"
456550,0,"456550,"
456661,0,"456661,"
456664,0,"456664,"
456665,0,"456665,"
456668,0,"456668,"
456770,0,"456770,"
456771,0,"456771,"
456776,0,"456776,"
457001,0,"457001,"
457114,0,"457114,"
457118,0,"457118,"
457119,0,"457119,"
457222,0,"457222,"
457226,0,"457226,"
457331,0,"457331,"
457333,0,"457333,"
457336,0,"457336,"
457339,0,"457339,"
457340,0,"457340,"
457441,0,"457441,"
457550,0,"457550,"
457555,0,"457555,"
457661,0,"457661,"
457770,0,"457770,"
457772,0,"457772,"
457773,0,"457773,"
457775,0,"457775,"
457777,0,"457777,"
457779,0,"457779,"
457882,0,"457882,"
457885,0,"457885,"
457887,0,"457887,"
457888,0,"457888,"
457990,0,"457990,"
457993,0,"457993,"
458001,0,"458001,"
458002,0,"458002,"
458110,0,"458110,"
458113,0,"458113,"
458116,0,"458116,"
458118,0,"458118,"
458220,0,"458220,"
458226,0,"458226,"
458228,0,"458228,"
458330,0,"458330,"
458336,0,"458336,"
458339,0,"458339,"
458389,0,"458389,"
458441,0,"458441,"
458468,0,"458468,"
458470,0,"458470,"
458553,0,"458553,"
458556,0,"458556,"
458558,0,"458558,"
458664,0,"458664,"
458667,0,"458667,"
458669,0,"458669,"
458771,0,"458771,"
458775,0,"458775,"
458778,0,"458778,"
458880,0,"458880,"
458883,0,"458883,"
458888,0,"458888,"
458895,0,"458895,"
458990,0,"458990,"
460001,0,"460001,"
460004,0,"460004,"
460110,0,"460110,"
460220,0,"460220,"
460225,0,"460225,"
460330,0,"460330,"
460440,0,"460440,"
460443,0,"460443,"
460447,0,"460447,"
460449,0,"460449,"
460551,0,"460551,"
460553,0,"460553,"
460554,0,"460554,"
460557,0,"460557,"
460661,0,"460661,"
460663,0,"460663,"
460665,0,"460665,"
460666,0,"460666,"
460668,0,"460668,"
461001,0,"461001,"
461005,0,"461005,"
461110,0,"461110,"
461111,0,"461111,"
461114,0,"461114,"
461115,0,"461115,"
461116,0,"461116,"
461122,0,"461122,"
461221,0,"461221,"
461223,0,"461223,"
461228,0,"461228,"
461331,0,"461331,"
461441,0,"461441,"
461446,0,"461446,"
461551,0,"461551,"
461661,0,"461661,"
461668,0,"461668,"
461771,0,"461771,"
461775,0,"461775,"
461881,0,"461881,"
461990,0,"461990,"
462001,0,"462001,"
462002,0,"462002,"
462003,0,"462003,"
462004,0,"462004,"
462008,0,"462008,"
462010,0,"462010,"
462011,0,"462011,"
462016,0,"462016,"
462020,0,"462020,"
462022,0,"462022,"
462023,0,"462023,"
462024,0,"462024,"
462026,0,"462026,"
462027,0,"462027,"
462030,0,"462030,"
462031,0,"462031,"
462033,0,"462033,"
462036,0,"462036,"
462037,0,"462037,"
462038,0,"462038,"
462039,0,"462039,"
462040,0,"462040,"
462041,0,"462041,"
462042,0,"462042,"
462043,0,"462043,"
462044,0,"462044,"
462045,0,"462045,"
462046,0,"462046,"
462047,0,"462047,"
462066,0,"462066,"
462100,0,"462100,"
462101,0,"462101,"
462120,0,"462120,"
463106,0,"463106,"
463111,0,"463111,"
464001,0,"464001,"
464111,0,"464111,"
464113,0,"464113,"
464114,0,"464114,"
464220,0,"464220,"
464221,0,"464221,"
464224,0,"464224,"
464226,0,"464226,"
464228,0,"464228,"
464240,0,"464240,"
464258,0,"464258,"
464331,0,"464331,"
464334,0,"464334,"
464337,0,"464337,"
464551,0,"464551,"
464570,0,"464570,"
464573,0,"464573,"
464651,0,"464651,"
464661,0,"464661,"
464665,0,"464665,"
464668,0,"464668,"
464671,0,"464671,"
464672,0,"464672,"
464770,0,"464770,"
464774,0,"464774,"
464776,0,"464776,"
464881,0,"464881,"
464884,0,"464884,"
464886,0,"464886,"
464986,0,"464986,"
464990,0,"464990,"
464993,0,"464993,"
465001,0,"465001,"
465106,0,"465106,"
465110,0,"465110,"
465113,0,"465113,"
465116,0,"465116,"
465118,0,"465118,"
465220,0,"465220,"
465223,0,"465223,"
465226,0,"465226,"
465227,0,"465227,"
465230,0,"465230,"
465333,0,"465333,"
465335,0,"465335,"
465337,0,"465337,"
465339,0,"465339,"
465441,0,"465441,"
465445,0,"465445,"
465447,0,"465447,"
465449,0,"465449,"
465550,0,"465550,"
465661,0,"465661,"
465667,0,"465667,"
465669,0,"465669,"
465674,0,"465674,"
465677,0,"465677,"
465679,0,"465679,"
465680,0,"465680,"
465683,0,"465683,"
465685,0,"465685,"
465687,0,"465687,"
465689,0,"465689,"
465691,0,"465691,"
465693,0,"465693,"
465697,0,"465697,"
466001,0,"466001,"
466111,0,"466111,"
466113,0,"466113,"
466114,0,"466114,"
466115,0,"466115,"
466116,0,"466116,"
466118,0,"466118,"
466120,0,"466120,"
466125,0,"466125,"
466221,0,"466221,"
466331,0,"466331,"
466445,0,"466445,"
466446,0,"466446,"
466448,0,"466448,"
466554,0,"466554,"
466651,0,"466651,"
466661,0,"466661,"
466665,0,"466665,"
470001,0,"470001,"
470002,0,"470002,"
470003,0,"470003,"
470004,0,"470004,"
470021,0,"470021,"
470051,0,"470051,"
470113,0,"470113,"
470115,0,"470115,"
470117,0,"470117,"
470118,0,"470118,"
470119,0,"470119,"
470120,0,"470120,"
470124,0,"470124,"
470125,0,"470125,"
470221,0,"470221,"
470223,0,"470223,"
470226,0,"470226,"
470227,0,"470227,"
470228,0,"470228,"
470229,0,"470229,"
470232,0,"470232,"
470235,0,"470235,"
470335,0,"470335,"
470337,0,"470337,"
470339,0,"470339,"
470441,0,"470441,"
470442,0,"470442,"
470661,0,"470661,"
470663,0,"470663,"
470664,0,"470664,"
470666,0,"470666,"
470669,0,"470669,"
470672,0,"470672,"
470673,0,"470673,"
470675,0,"470675,"
470771,0,"470771,"
470772,0,"470772,"
470775,0,"470775,"
470880,0,"470880,"
470881,0,"470881,"
471001,0,"471001,"
471101,0,"471101,"
471105,0,"471105,"
471111,0,"471111,"
471201,0,"471201,"
471301,0,"471301,"
471311,0,"471311,"
471313,0,"471313,"
471315,0,"471315,"
471318,0,"471318,"
471405,0,"471405,"
471408,0,"471408,"
471411,0,"471411,"
471501,0,"471501,"
471510,0,"471510,"
471515,0,"471515,"
471516,0,"471516,"
471525,0,"471525,"
471606,0,"471606,"
471625,0,"471625,"
472001,0,"472001,"
472005,0,"472005,"
472010,0,"472010,"
472101,0,"472101,"
472111,0,"472111,"
472115,0,"472115,"
472118,0,"472118,"
472221,0,"472221,"
472246,0,"472246,"
472331,0,"472331,"
472336,0,"472336,"
472337,0,"472337,"
472339,0,"472339,"
472442,0,"472442,"
472445,0,"472445,"
472446,0,"472446,"
472447,0,"472447,"
473001,0,"473001,"
473101,0,"473101,"
473105,0,"473105,"
473110,0,"473110,"
473111,0,"473111,"
473112,0,"473112,"
473113,0,"473113,"
473115,0,"473115,"
473118,0,"473118,"
473222,0,"473222,"
473226,0,"473226,"
473249,0,"473249,"
473287,0,"473287,"
473330,0,"473330,"
473331,0,"473331,"
473332,0,"473332,"
473335,0,"473335,"
473440,0,"473440,"
473443,0,"473443,"
473444,0,"473444,"
473445,0,"473445,"
473446,0,"473446,"
473551,0,"473551,"
473585,0,"473585,"
473638,0,"473638,"
473660,0,"473660,"
473662,0,"473662,"
473665,0,"473665,"
473670,0,"473670,"
473770,0,"473770,"
473774,0,"473774,"
473775,0,"473775,"
473781,0,"473781,"
473793,0,"473793,"
473865,0,"473865,"
473880,0,"473880,"
473885,0,"473885,"
473990,0,"473990,"
473995,0,"473995,"
474001,0,"474001,"
474002,0,"474002,"
474003,0,"474003,"
474004,0,"474004,"
474005,0,"474005,"
474006,0,"474006,"
474007,0,"474007,"
474008,0,"474008,"
474009,0,"474009,"
474010,0,"474010,"
474011,0,"474011,"
474012,0,"474012,"
474015,0,"474015,"
474020,0,"474020,"
475001,0,"475001,"
475002,0,"475002,"
475005,0,"475005,"
475110,0,"475110,"
475115,0,"475115,"
475220,0,"475220,"
475330,0,"475330,"
475335,0,"475335,"
475336,0,"475336,"
475661,0,"475661,"
475671,0,"475671,"
475673,0,"475673,"
475675,0,"475675,"
475682,0,"475682,"
475685,0,"475685,"
475686,0,"475686,"
476001,0,"476001,"
476111,0,"476111,"
476115,0,"476115,"
476134,0,"476134,"
476219,0,"476219,"
476221,0,"476221,"
476224,0,"476224,"
476228,0,"476228,"
476229,0,"476229,"
476332,0,"476332,"
476335,0,"476335,"
476337,0,"476337,"
476339,0,"476339,"
476355,0,"476355,"
476444,0,"476444,"
476554,0,"476554,"
477001,0,"477001,"
477105,0,"477105,"
477111,0,"477111,"
477116,0,"477116,"
477117,0,"477117,"
477222,0,"477222,"
477227,0,"477227,"
477331,0,"477331,"
477332,0,"477332,"
477333,0,"477333,"
477335,0,"477335,"
477441,0,"477441,"
477445,0,"477445,"
477446,0,"477446,"
477447,0,"477447,"
477449,0,"477449,"
477555,0,"477555,"
477557,0,"477557,"
477566,0,"477566,"
477660,0,"477660,"
480001,0,"480001,"
480003,0,"480003,"
480105,0,"480105,"
480106,0,"480106,"
480107,0,"480107,"
480108,0,"480108,"
480109,0,"480109,"
480110,0,"480110,"
480111,0,"480111,"
480112,0,"480112,"
480115,0,"480115,"
480221,0,"480221,"
480223,0,"480223,"
480224,0,"480224,"
480331,0,"480331,"
480334,0,"480334,"
480337,0,"480337,"
480338,0,"480338,"
480441,0,"480441,"
480447,0,"480447,"
480449,0,"480449,"
480551,0,"480551,"
480555,0,"480555,"
480557,0,"480557,"
480559,0,"480559,"
480661,0,"480661,"
480667,0,"480667,"
480771,0,"480771,"
480880,0,"480880,"
480881,0,"480881,"
480882,0,"480882,"
480884,0,"480884,"
480886,0,"480886,"
480887,0,"480887,"
480888,0,"480888,"
480990,0,"480990,"
480991,0,"480991,"
480994,0,"480994,"
480996,0,"480996,"
480997,0,"480997,"
480999,0,"480999,"
481001,0,"481001,"
481051,0,"481051,"
481102,0,"481102,"
481105,0,"481105,"
481111,0,"481111,"
481115,0,"481115,"
481116,0,"481116,"
481117,0,"481117,"
481222,0,"481222,"
481224,0,"481224,"
481226,0,"481226,"
481331,0,"481331,"
481332,0,"481332,"
481335,0,"481335,"
481337,0,"481337,"
481441,0,"481441,"
481445,0,"481445,"
481449,0,"481449,"
481551,0,"481551,"
481556,0,"481556,"
481661,0,"481661,"
481662,0,"481662,"
481663,0,"481663,"
481664,0,"481664,"
481665,0,"481665,"
481666,0,"481666,"
481668,0,"481668,"
481672,0,"481672,"
481768,0,"481768,"
481771,0,"481771,"
481776,0,"481776,"
481778,0,"481778,"
481879,0,"481879,"
481880,0,"481880,"
481882,0,"481882,"
481883,0,"481883,"
481884,0,"481884,"
481885,0,"481885,"
481990,0,"481990,"
481995,0,"481995,"
481996,0,"481996,"
481998,0,"481998,"
482001,0,"482001,"
482002,0,"482002,"
482003,0,"482003,"
482004,0,"482004,"
482005,0,"482005,"
482008,0,"482008,"
482009,0,"482009,"
482010,0,"482010,"
482011,0,"482011,"
482020,0,"482020,"
482021,0,"482021,"
482051,0,"482051,"
482056,0,"482056,"
483001,0,"483001,"
483053,0,"483053,"
483105,0,"483105,"
483110,0,"483110,"
483113,0,"483113,"
483119,0,"483119,"
483220,0,"483220,"
483222,0,"483222,"
483225,0,"483225,"
483330,0,"483330,"
483331,0,"483331,"
483332,0,"483332,"
483334,0,"483334,"
483336,0,"483336,"
483440,0,"483440,"
483442,0,"483442,"
483501,0,"483501,"
483504,0,"483504,"
483770,0,"483770,"
483773,0,"483773,"
483775,0,"483775,"
483880,0,"483880,"
483990,0,"483990,"
484001,0,"484001,"
484110,0,"484110,"
484113,0,"484113,"
484114,0,"484114,"
484116,0,"484116,"
484117,0,"484117,"
484120,0,"484120,"
484220,0,"484220,"
484224,0,"484224,"
484330,0,"484330,"
484334,0,"484334,"
484336,0,"484336,"
484440,0,"484440,"
484444,0,"484444,"
484446,0,"484446,"
484447,0,"484447,"
484551,0,"484551,"
484555,0,"484555,"
484660,0,"484660,"
484661,0,"484661,"
484664,0,"484664,"
484665,0,"484665,"
484669,0,"484669,"
484770,0,"484770,"
484771,0,"484771,"
484774,0,"484774,"
484776,0,"484776,"
484881,0,"484881,"
484886,0,"484886,"
484887,0,"484887,"
485001,0,"485001,"
485005,0,"485005,"
485111,0,"485111,"
485112,0,"485112,"
485113,0,"485113,"
485114,0,"485114,"
485115,0,"485115,"
485221,0,"485221,"
485226,0,"485226,"
485331,0,"485331,"
485334,0,"485334,"
485441,0,"485441,"
485446,0,"485446,"
485447,0,"485447,"
485551,0,"485551,"
485661,0,"485661,"
485666,0,"485666,"
485771,0,"485771,"
485772,0,"485772,"
485773,0,"485773,"
485774,0,"485774,"
485775,0,"485775,"
485778,0,"485778,"
485881,0,"485881,"
486001,0,"486001,"
486002,0,"486002,"
486003,0,"486003,"
486004,0,"486004,"
486005,0,"486005,"
486006,0,"486006,"
486111,0,"486111,"
486114,0,"486114,"
486115,0,"486115,"
486117,0,"486117,"
486123,0,"486123,"
486220,0,"486220,"
486223,0,"486223,"
486226,0,"486226,"
486331,0,"486331,"
486333,0,"486333,"
486335,0,"486335,"
486338,0,"486338,"
486340,0,"486340,"
486341,0,"486341,"
486440,0,"486440,"
486441,0,"486441,"
486445,0,"486445,"
486446,0,"486446,"
486447,0,"486447,"
486448,0,"486448,"
486450,0,"486450,"
486550,0,"486550,"
486553,0,"486553,"
486556,0,"486556,"
486661,0,"486661,"
486666,0,"486666,"
486669,0,"486669,"
486670,0,"486670,"
486675,0,"486675,"
486771,0,"486771,"
486775,0,"486775,"
486776,0,"486776,"
486881,0,"486881,"
486882,0,"486882,"
486884,0,"486884,"
486885,0,"486885,"
486886,0,"486886,"
486887,0,"486887,"
486888,0,"486888,"
486889,0,"486889,"
486890,0,"486890,"
486892,0,"486892,"
487001,0,"487001,"
487110,0,"487110,"
487114,0,"487114,"
487118,0,"487118,"
487221,0,"487221,"
487225,0,"487225,"
487330,0,"487330,"
487334,0,"487334,"
487337,0,"487337,"
487441,0,"487441,"
487551,0,"487551,"
487555,0,"487555,"
487661,0,"487661,"
487770,0,"487770,"
487881,0,"487881,"
488001,0,"488001,"
488050,0,"488050,"
488051,0,"488051,"
488059,0,"488059,"
488220,0,"488220,"
488222,0,"488222,"
488333,0,"488333,"
488441,0,"488441,"
488442,0,"488442,"
488443,0,"488443,"
488446,0,"488446,"
488448,0,"488448,"
490001,0,"490001,"
490006,0,"490006,"
490009,0,"490009,"
490011,0,"490011,"
490020,0,"490020,"
490021,0,"490021,"
490022,0,"490022,"
490023,0,"490023,"
490024,0,"490024,"
490025,0,"490025,"
490026,0,"490026,"
490036,0,"490036,"
490042,0,"490042,"
491001,0,"491001,"
491107,0,"491107,"
491111,0,"491111,"
491221,0,"491221,"
491222,0,"491222,"
491223,0,"491223,"
491225,0,"491225,"
491226,0,"491226,"
491227,0,"491227,"
491228,0,"491228,"
491229,0,"491229,"
491230,0,"491230,"
491331,0,"491331,"
491332,0,"491332,"
491335,0,"491335,"
491336,0,"491336,"
491337,0,"491337,"
491338,0,"491338,"
491340,0,"491340,"
491441,0,"491441,"
491444,0,"491444,"
491445,0,"491445,"
491557,0,"491557,"
491558,0,"491558,"
491559,0,"491559,"
491661,0,"491661,"
491665,0,"491665,"
491666,0,"491666,"
491668,0,"491668,"
491771,0,"491771,"
491881,0,"491881,"
491885,0,"491885,"
491888,0,"491888,"
491993,0,"491993,"
491995,0,"491995,"
491996,0,"491996,"
492001,0,"492001,"
492002,0,"492002,"
492003,0,"492003,"
492004,0,"492004,"
492005,0,"492005,"
492008,0,"492008,"
492009,0,"492009,"
492010,0,"492010,"
492012,0,"492012,"
492013,0,"492013,"
492014,0,"492014,"
492015,0,"492015,"
492016,0,"492016,"
492017,0,"492017,"
492018,0,"492018,"
492099,0,"492099,"
492101,0,"492101,"
492109,0,"492109,"
492112,0,"492112,"
493101,0,"493101,"
493111,0,"493111,"
493113,0,"493113,"
493114,0,"493114,"
493116,0,"493116,"
493118,0,"493118,"
493195,0,"493195,"
493196,0,"493196,"
493221,0,"493221,"
493222,0,"493222,"
493225,0,"493225,"
493228,0,"493228,"
493229,0,"493229,"
493331,0,"493331,"
493332,0,"493332,"
493335,0,"493335,"
493338,0,"493338,"
493344,0,"493344,"
493441,0,"493441,"
493445,0,"493445,"
493448,0,"493448,"
493449,0,"493449,"
493526,0,"493526,"
493551,0,"493551,"
493554,0,"493554,"
493555,0,"493555,"
493558,0,"493558,"
493559,0,"493559,"
493661,0,"493661,"
493662,0,"493662,"
493663,0,"493663,"
493770,0,"493770,"
493773,0,"493773,"
493776,0,"493776,"
493778,0,"493778,"
493881,0,"493881,"
493885,0,"493885,"
493887,0,"493887,"
493888,0,"493888,"
493889,0,"493889,"
493890,0,"493890,"
493891,0,"493891,"
493992,0,"493992,"
493996,0,"493996,"
494001,0,"494001,"
494010,0,"494010,"
494111,0,"494111,"
494114,0,"494114,"
494115,0,"494115,"
494122,0,"494122,"
494221,0,"494221,"
494222,0,"494222,"
494223,0,"494223,"
494224,0,"494224,"
494226,0,"494226,"
494228,0,"494228,"
494229,0,"494229,"
494230,0,"494230,"
494237,0,"494237,"
494331,0,"494331,"
494333,0,"494333,"
494334,0,"494334,"
494335,0,"494335,"
494336,0,"494336,"
494337,0,"494337,"
494347,0,"494347,"
494441,0,"494441,"
494442,0,"494442,"
494444,0,"494444,"
494446,0,"494446,"
494447,0,"494447,"
494448,0,"494448,"
494449,0,"494449,"
494450,0,"494450,"
494551,0,"494551,"
494552,0,"494552,"
494553,0,"494553,"
494556,0,"494556,"
494635,0,"494635,"
494661,0,"494661,"
494665,0,"494665,"
494669,0,"494669,"
494670,0,"494670,"
494771,0,"494771,"
494776,0,"494776,"
494777,0,"494777,"
495001,0,"495001,"
495003,0,"495003,"
495004,0,"495004,"
495006,0,"495006,"
495009,0,"495009,"
495112,0,"495112,"
495113,0,"495113,"
495115,0,"495115,"
495116,0,"495116,"
495117,0,"495117,"
495118,0,"495118,"
495119,0,"495119,"
495220,0,"495220,"
495222,0,"495222,"
495224,0,"495224,"
495330,0,"495330,"
495334,0,"495334,"
495335,0,"495335,"
495442,0,"495442,"
495444,0,"495444,"
495445,0,"495445,"
495446,0,"495446,"
495447,0,"495447,"
495448,0,"495448,"
495449,0,"495449,"
495450,0,"495450,"
495452,0,"495452,"
495454,0,"495454,"
495455,0,"495455,"
495550,0,"495550,"
495551,0,"495551,"
495552,0,"495552,"
495553,0,"495553,"
495554,0,"495554,"
495555,0,"495555,"
495556,0,"495556,"
495557,0,"495557,"
495559,0,"495559,"
495660,0,"495660,"
495661,0,"495661,"
495663,0,"495663,"
495668,0,"495668,"
495669,0,"495669,"
495671,0,"495671,"
495674,0,"495674,"
495677,0,"495677,"
495682,0,"495682,"
495683,0,"495683,"
495684,0,"495684,"
495686,0,"495686,"
495687,0,"495687,"
495688,0,"495688,"
495689,0,"495689,"
495690,0,"495690,"
495691,0,"495691,"
495692,0,"495692,"
495695,0,"495695,"
496001,0,"496001,"
496005,0,"496005,"
496100,0,"496100,"
496107,0,"496107,"
496108,0,"496108,"
496109,0,"496109,"
496111,0,"496111,"
496113,0,"496113,"
496115,0,"496115,"
496116,0,"496116,"
496118,0,"496118,"
496220,0,"496220,"
496223,0,"496223,"
496224,0,"496224,"
496225,0,"496225,"
496227,0,"496227,"
496242,0,"496242,"
496245,0,"496245,"
496330,0,"496330,"
496331,0,"496331,"
496334,0,"496334,"
496336,0,"496336,"
496338,0,"496338,"
496440,0,"496440,"
496445,0,"496445,"
496450,0,"496450,"
496551,0,"496551,"
496554,0,"496554,"
496661,0,"496661,"
496665,0,"496665,"
497001,0,"497001,"
497101,0,"497101,"
497111,0,"497111,"
497114,0,"497114,"
497116,0,"497116,"
497117,0,"497117,"
497118,0,"497118,"
497119,0,"497119,"
497220,0,"497220,"
497223,0,"497223,"
497224,0,"497224,"
497225,0,"497225,"
497226,0,"497226,"
497229,0,"497229,"
497231,0,"497231,"
497235,0,"497235,"
497331,0,"497331,"
497333,0,"497333,"
497335,0,"497335,"
497339,0,"497339,"
497442,0,"497442,"
497446,0,"497446,"
497447,0,"497447,"
497448,0,"497448,"
497449,0,"497449,"
497450,0,"497450,"
497451,0,"497451,"
497553,0,"497553,"
497555,0,"497555,"
497557,0,"497557,"
497559,0,"497559,"
497773,0,"497773,"
497778,0,"497778,"
500001,0,"500001,"
500002,0,"500002,"
500003,0,"500003,"
500004,0,"500004,"
500005,0,"500005,"
500006,0,"500006,"
500007,0,"500007,"
500008,0,"500008,"
500009,0,"500009,"
500010,0,"500010,"
500011,0,"500011,"
500012,0,"500012,"
500013,0,"500013,"
500014,0,"500014,"
500015,0,"500015,"
500016,0,"500016,"
500017,0,"500017,"
500018,0,"500018,"
500019,0,"500019,"
500020,0,"500020,"
500022,0,"500022,"
500023,0,"500023,"
500024,0,"500024,"
500025,0,"500025,"
500026,0,"500026,"
500027,0,"500027,"
500028,0,"500028,"
500029,0,"500029,"
500030,0,"500030,"
500031,0,"500031,"
500032,0,"500032,"
500033,0,"500033,"
500034,0,"500034,"
500035,0,"500035,"
500036,0,"500036,"
500037,0,"500037,"
500038,0,"500038,"
500039,0,"500039,"
500040,0,"500040,"
500041,0,"500041,"
500042,0,"500042,"
500043,0,"500043,"
500044,0,"500044,"
500045,0,"500045,"
500046,0,"500046,"
500047,0,"500047,"
500048,0,"500048,"
500049,0,"500049,"
500050,0,"500050,"
500051,0,"500051,"
500052,0,"500052,"
500053,0,"500053,"
500054,0,"500054,"
500055,0,"500055,"
500056,0,"500056,"
500057,0,"500057,"
500058,0,"500058,"
500059,0,"500059,"
500060,0,"500060,"
500061,0,"500061,"
500062,0,"500062,"
500063,0,"500063,"
500064,0,"500064,"
500065,0,"500065,"
500066,0,"500066,"
500067,0,"500067,"
500068,0,"500068,"
500069,0,"500069,"
500070,0,"500070,"
500072,0,"500072,"
500073,0,"500073,"
500074,0,"500074,"
500075,0,"500075,"
500076,0,"500076,"
500077,0,"500077,"
500078,0,"500078,"
500079,0,"500079,"
500080,0,"500080,"
500081,0,"500081,"
500082,0,"500082,"
500083,0,"500083,"
500084,0,"500084,"
500085,0,"500085,"
500086,0,"500086,"
500087,0,"500087,"
500088,0,"500088,"
500089,0,"500089,"
500090,0,"500090,"
500091,0,"500091,"
500092,0,"500092,"
500093,0,"500093,"
500094,0,"500094,"
500095,0,"500095,"
500096,0,"500096,"
500097,0,"500097,"
500098,0,"500098,"
500100,0,"500100,"
500101,0,"500101,"
500102,0,"500102,"
500103,0,"500103,"
500104,0,"500104,"
500107,0,"500107,"
500108,0,"500108,"
500109,0,"500109,"
500110,0,"500110,"
500111,0,"500111,"
500112,0,"500112,"
500114,0,"500114,"
500115,0,"500115,"
501101,0,"501101,"
501102,0,"501102,"
501106,0,"501106,"
501111,0,"501111,"
501121,0,"501121,"
501141,0,"501141,"
501142,0,"501142,"
501143,0,"501143,"
501144,0,"501144,"
501158,0,"501158,"
501202,0,"501202,"
501203,0,"501203,"
501218,0,"501218,"
501301,0,"501301,"
501359,0,"501359,"
501401,0,"501401,"
501501,0,"501501,"
501502,0,"501502,"
501503,0,"501503,"
501504,0,"501504,"
501505,0,"501505,"
501506,0,"501506,"
501508,0,"501508,"
501509,0,"501509,"
501510,0,"501510,"
501511,0,"501511,"
501512,0,"501512,"
502001,0,"502001,"
502032,0,"502032,"
502101,0,"502101,"
502102,0,"502102,"
502103,0,"502103,"
502107,0,"502107,"
502108,0,"502108,"
502109,0,"502109,"
502110,0,"502110,"
502113,0,"502113,"
502114,0,"502114,"
502115,0,"502115,"
502117,0,"502117,"
502125,0,"502125,"
502130,0,"502130,"
502205,0,"502205,"
502210,0,"502210,"
502220,0,"502220,"
502221,0,"502221,"
502228,0,"502228,"
502246,0,"502246,"
502247,0,"502247,"
502248,0,"502248,"
502249,0,"502249,"
502251,0,"502251,"
502255,0,"502255,"
502256,0,"502256,"
502257,0,"502257,"
502267,0,"502267,"
502269,0,"502269,"
502270,0,"502270,"
502271,0,"502271,"
502273,0,"502273,"
502276,0,"502276,"
502277,0,"502277,"
502278,0,"502278,"
502279,0,"502279,"
502280,0,"502280,"
502281,0,"502281,"
502285,0,"502285,"
502286,0,"502286,"
502287,0,"502287,"
502290,0,"502290,"
502291,0,"502291,"
502293,0,"502293,"
502294,0,"502294,"
502295,0,"502295,"
502296,0,"502296,"
502300,0,"502300,"
502301,0,"502301,"
502302,0,"502302,"
502303,0,"502303,"
502305,0,"502305,"
502306,0,"502306,"
502307,0,"502307,"
502310,0,"502310,"
502311,0,"502311,"
502312,0,"502312,"
502313,0,"502313,"
502314,0,"502314,"
502316,0,"502316,"
502318,0,"502318,"
502319,0,"502319,"
502321,0,"502321,"
502324,0,"502324,"
502325,0,"502325,"
502329,0,"502329,"
502331,0,"502331,"
502334,0,"502334,"
502335,0,"502335,"
502336,0,"502336,"
502345,0,"502345,"
502371,0,"502371,"
502372,0,"502372,"
502375,0,"502375,"
502381,0,"502381,"
503001,0,"503001,"
503002,0,"503002,"
503003,0,"503003,"
503101,0,"503101,"
503102,0,"503102,"
503108,0,"503108,"
503110,0,"503110,"
503111,0,"503111,"
503112,0,"503112,"
503114,0,"503114,"
503120,0,"503120,"
503122,0,"503122,"
503123,0,"503123,"
503124,0,"503124,"
503125,0,"503125,"
503144,0,"503144,"
503145,0,"503145,"
503164,0,"503164,"
503165,0,"503165,"
503174,0,"503174,"
503175,0,"503175,"
503180,0,"503180,"
503185,0,"503185,"
503186,0,"503186,"
503187,0,"503187,"
503188,0,"503188,"
503201,0,"503201,"
503202,0,"503202,"
503206,0,"503206,"
503207,0,"503207,"
503212,0,"503212,"
503213,0,"503213,"
503217,0,"503217,"
503218,0,"503218,"
503219,0,"503219,"
503223,0,"503223,"
503224,0,"503224,"
503225,0,"503225,"
503230,0,"503230,"
503235,0,"503235,"
503245,0,"503245,"
503246,0,"503246,"
503301,0,"503301,"
503302,0,"503302,"
503305,0,"503305,"
503306,0,"503306,"
503307,0,"503307,"
503308,0,"503308,"
503309,0,"503309,"
503310,0,"503310,"
503311,0,"503311,"
503321,0,"503321,"
503322,0,"503322,"
504001,0,"504001,"
504002,0,"504002,"
504101,0,"504101,"
504102,0,"504102,"
504103,0,"504103,"
504104,0,"504104,"
504105,0,"504105,"
504106,0,"504106,"
504107,0,"504107,"
504109,0,"504109,"
504110,0,"504110,"
504201,0,"504201,"
504202,0,"504202,"
504203,0,"504203,"
504204,0,"504204,"
504205,0,"504205,"
504206,0,"504206,"
504207,0,"504207,"
504208,0,"504208,"
504209,0,"504209,"
504214,0,"504214,"
504215,0,"504215,"
504216,0,"504216,"
504218,0,"504218,"
504219,0,"504219,"
504220,0,"504220,"
504231,0,"504231,"
504251,0,"504251,"
504272,0,"504272,"
504273,0,"504273,"
504292,0,"504292,"
504293,0,"504293,"
504294,0,"504294,"
504295,0,"504295,"
504296,0,"504296,"
504297,0,"504297,"
504299,0,"504299,"
504301,0,"504301,"
504302,0,"504302,"
504303,0,"504303,"
504304,0,"504304,"
504306,0,"504306,"
504307,0,"504307,"
504308,0,"504308,"
504309,0,"504309,"
504310,0,"504310,"
504311,0,"504311,"
504312,0,"504312,"
504313,0,"504313,"
504323,0,"504323,"
504346,0,"504346,"
505001,0,"505001,"
505002,0,"505002,"
505101,0,"505101,"
505102,0,"505102,"
505122,0,"505122,"
505129,0,"505129,"
505152,0,"505152,"
505153,0,"505153,"
505162,0,"505162,"
505172,0,"505172,"
505174,0,"505174,"
505184,0,"505184,"
505185,0,"505185,"
505186,0,"505186,"
505187,0,"505187,"
505188,0,"505188,"
505208,0,"505208,"
505209,0,"505209,"
505210,0,"505210,"
505211,0,"505211,"
505212,0,"505212,"
505214,0,"505214,"
505215,0,"505215,"
505301,0,"505301,"
505302,0,"505302,"
505303,0,"505303,"
505304,0,"505304,"
505305,0,"505305,"
505306,0,"505306,"
505307,0,"505307,"
505325,0,"505325,"
505326,0,"505326,"
505327,0,"505327,"
505330,0,"505330,"
505331,0,"505331,"
505401,0,"505401,"
505402,0,"505402,"
505403,0,"505403,"
505404,0,"505404,"
505405,0,"505405,"
505415,0,"505415,"
505416,0,"505416,"
505425,0,"505425,"
505445,0,"505445,"
505450,0,"505450,"
505451,0,"505451,"
505452,0,"505452,"
505453,0,"505453,"
505454,0,"505454,"
505455,0,"505455,"
505460,0,"505460,"
505462,0,"505462,"
505466,0,"505466,"
505467,0,"505467,"
505468,0,"505468,"
505469,0,"505469,"
505470,0,"505470,"
505471,0,"505471,"
505472,0,"505472,"
505473,0,"505473,"
505474,0,"505474,"
505475,0,"505475,"
505476,0,"505476,"
505480,0,"505480,"
505481,0,"505481,"
505490,0,"505490,"
505497,0,"505497,"
505498,0,"505498,"
505501,0,"505501,"
505502,0,"505502,"
505503,0,"505503,"
505504,0,"505504,"
505505,0,"505505,"
505514,0,"505514,"
505524,0,"505524,"
505525,0,"505525,"
505526,0,"505526,"
505527,0,"505527,"
505528,0,"505528,"
505529,0,"505529,"
505530,0,"505530,"
505531,0,"505531,"
505532,0,"505532,"
506001,0,"506001,"
506002,0,"506002,"
506003,0,"506003,"
506004,0,"506004,"
506005,0,"506005,"
506006,0,"506006,"
506007,0,"506007,"
506008,0,"506008,"
506009,0,"506009,"
506011,0,"506011,"
506013,0,"506013,"
506015,0,"506015,"
506101,0,"506101,"
506102,0,"506102,"
506103,0,"506103,"
506104,0,"506104,"
506105,0,"506105,"
506112,0,"506112,"
506122,0,"506122,"
506132,0,"506132,"
506134,0,"506134,"
506135,0,"506135,"
506142,0,"506142,"
506143,0,"506143,"
506144,0,"506144,"
506145,0,"506145,"
506146,0,"506146,"
506151,0,"506151,"
506163,0,"506163,"
506164,0,"506164,"
506165,0,"506165,"
506166,0,"506166,"
506167,0,"506167,"
506168,0,"506168,"
506169,0,"506169,"
506170,0,"506170,"
506172,0,"506172,"
506175,0,"506175,"
506201,0,"506201,"
506221,0,"506221,"
506222,0,"506222,"
506223,0,"506223,"
506224,0,"506224,"
506244,0,"506244,"
506252,0,"506252,"
506301,0,"506301,"
506302,0,"506302,"
506303,0,"506303,"
506310,0,"506310,"
506313,0,"506313,"
506314,0,"506314,"
506315,0,"506315,"
506316,0,"506316,"
506317,0,"506317,"
506318,0,"506318,"
506319,0,"506319,"
506324,0,"506324,"
506329,0,"506329,"
506330,0,"506330,"
506331,0,"506331,"
506332,0,"506332,"
506333,0,"506333,"
506342,0,"506342,"
506343,0,"506343,"
506344,0,"506344,"
506345,0,"506345,"
506347,0,"506347,"
506348,0,"506348,"
506349,0,"506349,"
506352,0,"506352,"
506355,0,"506355,"
506356,0,"506356,"
506365,0,"506365,"
506366,0,"506366,"
506367,0,"506367,"
506368,0,"506368,"
506369,0,"506369,"
506370,0,"506370,"
506371,0,"506371,"
506381,0,"506381,"
506391,0,"506391,"
507001,0,"507001,"
507002,0,"507002,"
507003,0,"507003,"
507101,0,"507101,"
507103,0,"507103,"
507111,0,"507111,"
507114,0,"507114,"
507115,0,"507115,"
507116,0,"507116,"
507117,0,"507117,"
507118,0,"507118,"
507119,0,"507119,"
507120,0,"507120,"
507122,0,"507122,"
507123,0,"507123,"
507124,0,"507124,"
507125,0,"507125,"
507128,0,"507128,"
507133,0,"507133,"
507136,0,"507136,"
507137,0,"507137,"
507138,0,"507138,"
507140,0,"507140,"
507154,0,"507154,"
507157,0,"507157,"
507158,0,"507158,"
507159,0,"507159,"
507160,0,"507160,"
507161,0,"507161,"
507163,0,"507163,"
507164,0,"507164,"
507165,0,"507165,"
507166,0,"507166,"
507167,0,"507167,"
507168,0,"507168,"
507169,0,"507169,"
507170,0,"507170,"
507182,0,"507182,"
507183,0,"507183,"
507201,0,"507201,"
507202,0,"507202,"
507203,0,"507203,"
507204,0,"507204,"
507208,0,"507208,"
507209,0,"507209,"
507210,0,"507210,"
507211,0,"507211,"
507301,0,"507301,"
507302,0,"507302,"
507303,0,"507303,"
507304,0,"507304,"
507305,0,"507305,"
507306,0,"507306,"
507316,0,"507316,"
507318,0,"507318,"
508001,0,"508001,"
508002,0,"508002,"
508004,0,"508004,"
508101,0,"508101,"
508105,0,"508105,"
508111,0,"508111,"
508112,0,"508112,"
508113,0,"508113,"
508114,0,"508114,"
508115,0,"508115,"
508116,0,"508116,"
508117,0,"508117,"
508126,0,"508126,"
508201,0,"508201,"
508202,0,"508202,"
508204,0,"508204,"
508205,0,"508205,"
508206,0,"508206,"
508207,0,"508207,"
508208,0,"508208,"
508210,0,"508210,"
508211,0,"508211,"
508212,0,"508212,"
508213,0,"508213,"
508214,0,"508214,"
508217,0,"508217,"
508218,0,"508218,"
508221,0,"508221,"
508223,0,"508223,"
508224,0,"508224,"
508233,0,"508233,"
508234,0,"508234,"
508238,0,"508238,"
508243,0,"508243,"
508244,0,"508244,"
508245,0,"508245,"
508246,0,"508246,"
508247,0,"508247,"
508248,0,"508248,"
508250,0,"508250,"
508252,0,"508252,"
508253,0,"508253,"
508254,0,"508254,"
508255,0,"508255,"
508256,0,"508256,"
508257,0,"508257,"
508258,0,"508258,"
508266,0,"508266,"
508277,0,"508277,"
508278,0,"508278,"
508279,0,"508279,"
508280,0,"508280,"
508284,0,"508284,"
508285,0,"508285,"
508286,0,"508286,"
508355,0,"508355,"
508373,0,"508373,"
508374,0,"508374,"
508376,0,"508376,"
508377,0,"508377,"
509001,0,"509001,"
509002,0,"509002,"
509102,0,"509102,"
509103,0,"509103,"
509104,0,"509104,"
509105,0,"509105,"
509106,0,"509106,"
509110,0,"509110,"
509120,0,"509120,"
509125,0,"509125,"
509126,0,"509126,"
509127,0,"509127,"
509128,0,"509128,"
509129,0,"509129,"
509130,0,"509130,"
509131,0,"509131,"
509132,0,"509132,"
509133,0,"509133,"
509135,0,"509135,"
509152,0,"509152,"
509153,0,"509153,"
509201,0,"509201,"
509202,0,"509202,"
509203,0,"509203,"
509204,0,"509204,"
509205,0,"509205,"
509206,0,"509206,"
509207,0,"509207,"
509208,0,"509208,"
509209,0,"509209,"
509210,0,"509210,"
509215,0,"509215,"
509216,0,"509216,"
509217,0,"509217,"
509219,0,"509219,"
509228,0,"509228,"
509235,0,"509235,"
509301,0,"509301,"
509302,0,"509302,"
509311,0,"509311,"
509320,0,"509320,"
509321,0,"509321,"
509324,0,"509324,"
509325,0,"509325,"
509326,0,"509326,"
509327,0,"509327,"
509334,0,"509334,"
509335,0,"509335,"
509336,0,"509336,"
509337,0,"509337,"
509338,0,"509338,"
509339,0,"509339,"
509340,0,"509340,"
509349,0,"509349,"
509350,0,"509350,"
509351,0,"509351,"
509352,0,"509352,"
509353,0,"509353,"
509357,0,"509357,"
509358,0,"509358,"
509360,0,"509360,"
509371,0,"509371,"
509375,0,"509375,"
509376,0,"509376,"
509380,0,"509380,"
509381,0,"509381,"
509382,0,"509382,"
509385,0,"509385,"
509401,0,"509401,"
509406,0,"509406,"
509407,0,"509407,"
509408,0,"509408,"
509409,0,"509409,"
509410,0,"509410,"
509411,0,"509411,"
509412,0,"509412,"
515001,0,"515001,"
515002,0,"515002,"
515003,0,"515003,"
515004,0,"515004,"
515005,0,"515005,"
515101,0,"515101,"
515110,0,"515110,"
515122,0,"515122,"
515123,0,"515123,"
515124,0,"515124,"
515133,0,"515133,"
515134,0,"515134,"
515144,0,"515144,"
515154,0,"515154,"
515159,0,"515159,"
515164,0,"515164,"
515201,0,"515201,"
515202,0,"515202,"
515211,0,"515211,"
515212,0,"515212,"
515231,0,"515231,"
515241,0,"515241,"
515261,0,"515261,"
515271,0,"515271,"
515281,0,"515281,"
515286,0,"515286,"
515291,0,"515291,"
515301,0,"515301,"
515303,0,"515303,"
515305,0,"515305,"
515311,0,"515311,"
515321,0,"515321,"
515331,0,"515331,"
515341,0,"515341,"
515401,0,"515401,"
515402,0,"515402,"
515405,0,"515405,"
515408,0,"515408,"
515411,0,"515411,"
515413,0,"515413,"
515414,0,"515414,"
515415,0,"515415,"
515425,0,"515425,"
515435,0,"515435,"
515445,0,"515445,"
515455,0,"515455,"
515465,0,"515465,"
515501,0,"515501,"
515511,0,"515511,"
515521,0,"515521,"
515531,0,"515531,"
515541,0,"515541,"
515551,0,"515551,"
515556,0,"515556,"
515561,0,"515561,"
515571,0,"515571,"
515581,0,"515581,"
515591,0,"515591,"
515601,0,"515601,"
515611,0,"515611,"
515621,0,"515621,"
515631,0,"515631,"
515641,0,"515641,"
515651,0,"515651,"
515661,0,"515661,"
515671,0,"515671,"
515672,0,"515672,"
515701,0,"515701,"
515711,0,"515711,"
515721,0,"515721,"
515722,0,"515722,"
515731,0,"515731,"
515741,0,"515741,"
515751,0,"515751,"
515761,0,"515761,"
515763,0,"515763,"
515765,0,"515765,"
515766,0,"515766,"
515767,0,"515767,"
515774,0,"515774,"
515775,0,"515775,"
515787,0,"515787,"
515801,0,"515801,"
515803,0,"515803,"
515812,0,"515812,"
515822,0,"515822,"
515832,0,"515832,"
515842,0,"515842,"
515863,0,"515863,"
515865,0,"515865,"
515867,0,"515867,"
515870,0,"515870,"
515871,0,"515871,"
515872,0,"515872,"
516001,0,"516001,"
516002,0,"516002,"
516003,0,"516003,"
516004,0,"516004,"
516005,0,"516005,"
516101,0,"516101,"
516104,0,"516104,"
516105,0,"516105,"
516107,0,"516107,"
516108,0,"516108,"
516110,0,"516110,"
516115,0,"516115,"
516126,0,"516126,"
516127,0,"516127,"
516128,0,"516128,"
516129,0,"516129,"
516130,0,"516130,"
516150,0,"516150,"
516151,0,"516151,"
516152,0,"516152,"
516162,0,"516162,"
516163,0,"516163,"
516172,0,"516172,"
516173,0,"516173,"
516175,0,"516175,"
516193,0,"516193,"
516203,0,"516203,"
516213,0,"516213,"
516214,0,"516214,"
516215,0,"516215,"
516216,0,"516216,"
516217,0,"516217,"
516218,0,"516218,"
516227,0,"516227,"
516228,0,"516228,"
516233,0,"516233,"
516237,0,"516237,"
516247,0,"516247,"
516257,0,"516257,"
516259,0,"516259,"
516267,0,"516267,"
516268,0,"516268,"
516269,0,"516269,"
516270,0,"516270,"
516289,0,"516289,"
516293,0,"516293,"
516309,0,"516309,"
516310,0,"516310,"
516311,0,"516311,"
516312,0,"516312,"
516321,0,"516321,"
516329,0,"516329,"
516330,0,"516330,"
516339,0,"516339,"
516349,0,"516349,"
516350,0,"516350,"
516355,0,"516355,"
516356,0,"516356,"
516359,0,"516359,"
516360,0,"516360,"
516361,0,"516361,"
516362,0,"516362,"
516380,0,"516380,"
516390,0,"516390,"
516391,0,"516391,"
516396,0,"516396,"
516401,0,"516401,"
516411,0,"516411,"
516421,0,"516421,"
516431,0,"516431,"
516432,0,"516432,"
516433,0,"516433,"
516434,0,"516434,"
516439,0,"516439,"
516444,0,"516444,"
516454,0,"516454,"
516464,0,"516464,"
516474,0,"516474,"
516484,0,"516484,"
516501,0,"516501,"
516502,0,"516502,"
516503,0,"516503,"
516504,0,"516504,"
516505,0,"516505,"
517001,0,"517001,"
517002,0,"517002,"
517004,0,"517004,"
517101,0,"517101,"
517102,0,"517102,"
517112,0,"517112,"
517113,0,"517113,"
517123,0,"517123,"
517124,0,"517124,"
517125,0,"517125,"
517126,0,"517126,"
517127,0,"517127,"
517128,0,"517128,"
517129,0,"517129,"
517130,0,"517130,"
517131,0,"517131,"
517132,0,"517132,"
517152,0,"517152,"
517167,0,"517167,"
517172,0,"517172,"
517192,0,"517192,"
517193,0,"517193,"
517194,0,"517194,"
517213,0,"517213,"
517214,0,"517214,"
517234,0,"517234,"
517235,0,"517235,"
517236,0,"517236,"
517237,0,"517237,"
517247,0,"517247,"
517257,0,"517257,"
517277,0,"517277,"
517280,0,"517280,"
517291,0,"517291,"
517297,0,"517297,"
517299,0,"517299,"
517305,0,"517305,"
517319,0,"517319,"
517325,0,"517325,"
517326,0,"517326,"
517350,0,"517350,"
517351,0,"517351,"
517352,0,"517352,"
517370,0,"517370,"
517390,0,"517390,"
517391,0,"517391,"
517401,0,"517401,"
517403,0,"517403,"
517408,0,"517408,"
517414,0,"517414,"
517415,0,"517415,"
517416,0,"517416,"
517417,0,"517417,"
517418,0,"517418,"
517419,0,"517419,"
517421,0,"517421,"
517422,0,"517422,"
517423,0,"517423,"
517424,0,"517424,"
517425,0,"517425,"
517426,0,"517426,"
517429,0,"517429,"
517432,0,"517432,"
517501,0,"517501,"
517502,0,"517502,"
517503,0,"517503,"
517504,0,"517504,"
517505,0,"517505,"
517506,0,"517506,"
517507,0,"517507,"
517520,0,"517520,"
517526,0,"517526,"
517536,0,"517536,"
517541,0,"517541,"
517551,0,"517551,"
517561,0,"517561,"
517569,0,"517569,"
517571,0,"517571,"
517581,0,"517581,"
517582,0,"517582,"
517583,0,"517583,"
517584,0,"517584,"
517586,0,"517586,"
517587,0,"517587,"
517588,0,"517588,"
517589,0,"517589,"
517590,0,"517590,"
517591,0,"517591,"
517592,0,"517592,"
517599,0,"517599,"
517619,0,"517619,"
517620,0,"517620,"
517640,0,"517640,"
517641,0,"517641,"
517642,0,"517642,"
517643,0,"517643,"
517644,0,"517644,"
517645,0,"517645,"
517646,0,"517646,"
518001,0,"518001,"
518002,0,"518002,"
518003,0,"518003,"
518004,0,"518004,"
518005,0,"518005,"
518006,0,"518006,"
518007,0,"518007,"
518010,0,"518010,"
518101,0,"518101,"
518102,0,"518102,"
518112,0,"518112,"
518122,0,"518122,"
518123,0,"518123,"
518124,0,"518124,"
518134,0,"518134,"
518135,0,"518135,"
518145,0,"518145,"
518155,0,"518155,"
518165,0,"518165,"
518166,0,"518166,"
518176,0,"518176,"
518186,0,"518186,"
518196,0,"518196,"
518206,0,"518206,"
518216,0,"518216,"
518217,0,"518217,"
518218,0,"518218,"
518220,0,"518220,"
518221,0,"518221,"
518222,0,"518222,"
518225,0,"518225,"
518301,0,"518301,"
518302,0,"518302,"
518308,0,"518308,"
518313,0,"518313,"
518323,0,"518323,"
518333,0,"518333,"
518343,0,"518343,"
518344,0,"518344,"
518345,0,"518345,"
518346,0,"518346,"
518347,0,"518347,"
518348,0,"518348,"
518349,0,"518349,"
518350,0,"518350,"
518360,0,"518360,"
518380,0,"518380,"
518385,0,"518385,"
518390,0,"518390,"
518395,0,"518395,"
518396,0,"518396,"
518401,0,"518401,"
518405,0,"518405,"
518411,0,"518411,"
518412,0,"518412,"
518422,0,"518422,"
518432,0,"518432,"
518442,0,"518442,"
518452,0,"518452,"
518462,0,"518462,"
518463,0,"518463,"
518464,0,"518464,"
518465,0,"518465,"
518466,0,"518466,"
518467,0,"518467,"
518468,0,"518468,"
518501,0,"518501,"
518502,0,"518502,"
518508,0,"518508,"
518510,0,"518510,"
518511,0,"518511,"
518512,0,"518512,"
518513,0,"518513,"
518523,0,"518523,"
518533,0,"518533,"
518543,0,"518543,"
518553,0,"518553,"
518563,0,"518563,"
518573,0,"518573,"
518583,0,"518583,"
518593,0,"518593,"
518594,0,"518594,"
518598,0,"518598,"
518599,0,"518599,"
518674,0,"518674,"
520001,0,"520001,"
520002,0,"520002,"
520003,0,"520003,"
520004,0,"520004,"
520007,0,"520007,"
520008,0,"520008,"
520010,0,"520010,"
520011,0,"520011,"
520012,0,"520012,"
520013,0,"520013,"
520015,0,"520015,"
521001,0,"521001,"
521002,0,"521002,"
521003,0,"521003,"
521101,0,"521101,"
521102,0,"521102,"
521104,0,"521104,"
521105,0,"521105,"
521106,0,"521106,"
521107,0,"521107,"
521108,0,"521108,"
521109,0,"521109,"
521110,0,"521110,"
521111,0,"521111,"
521120,0,"521120,"
521121,0,"521121,"
521122,0,"521122,"
521125,0,"521125,"
521126,0,"521126,"
521130,0,"521130,"
521131,0,"521131,"
521132,0,"521132,"
521133,0,"521133,"
521134,0,"521134,"
521135,0,"521135,"
521136,0,"521136,"
521137,0,"521137,"
521138,0,"521138,"
521139,0,"521139,"
521148,0,"521148,"
521149,0,"521149,"
521150,0,"521150,"
521151,0,"521151,"
521153,0,"521153,"
521156,0,"521156,"
521157,0,"521157,"
521158,0,"521158,"
521162,0,"521162,"
521163,0,"521163,"
521164,0,"521164,"
521165,0,"521165,"
521170,0,"521170,"
521175,0,"521175,"
521178,0,"521178,"
521180,0,"521180,"
521181,0,"521181,"
521182,0,"521182,"
521183,0,"521183,"
521184,0,"521184,"
521185,0,"521185,"
521190,0,"521190,"
521201,0,"521201,"
521202,0,"521202,"
521207,0,"521207,"
521211,0,"521211,"
521212,0,"521212,"
521213,0,"521213,"
521214,0,"521214,"
521215,0,"521215,"
521225,0,"521225,"
521226,0,"521226,"
521227,0,"521227,"
521228,0,"521228,"
521229,0,"521229,"
521230,0,"521230,"
521231,0,"521231,"
521235,0,"521235,"
521241,0,"521241,"
521245,0,"521245,"
521246,0,"521246,"
521247,0,"521247,"
521250,0,"521250,"
521256,0,"521256,"
521260,0,"521260,"
521261,0,"521261,"
521263,0,"521263,"
521286,0,"521286,"
521301,0,"521301,"
521311,0,"521311,"
521312,0,"521312,"
521321,0,"521321,"
521322,0,"521322,"
521323,0,"521323,"
521324,0,"521324,"
521325,0,"521325,"
521326,0,"521326,"
521327,0,"521327,"
521328,0,"521328,"
521329,0,"521329,"
521330,0,"521330,"
521331,0,"521331,"
521332,0,"521332,"
521333,0,"521333,"
521340,0,"521340,"
521343,0,"521343,"
521344,0,"521344,"
521345,0,"521345,"
521356,0,"521356,"
521366,0,"521366,"
521369,0,"521369,"
521390,0,"521390,"
521401,0,"521401,"
521402,0,"521402,"
521403,0,"521403,"
521456,0,"521456,"
521457,0,"521457,"
522001,0,"522001,"
522002,0,"522002,"
522003,0,"522003,"
522004,0,"522004,"
522005,0,"522005,"
522006,0,"522006,"
522007,0,"522007,"
522009,0,"522009,"
522015,0,"522015,"
522016,0,"522016,"
522017,0,"522017,"
522018,0,"522018,"
522019,0,"522019,"
522020,0,"522020,"
522034,0,"522034,"
522101,0,"522101,"
522102,0,"522102,"
522111,0,"522111,"
522112,0,"522112,"
522113,0,"522113,"
522124,0,"522124,"
522201,0,"522201,"
522202,0,"522202,"
522211,0,"522211,"
522212,0,"522212,"
522213,0,"522213,"
522233,0,"522233,"
522234,0,"522234,"
522235,0,"522235,"
522236,0,"522236,"
522237,0,"522237,"
522238,0,"522238,"
522256,0,"522256,"
522257,0,"522257,"
522258,0,"522258,"
522259,0,"522259,"
522261,0,"522261,"
522262,0,"522262,"
522264,0,"522264,"
522265,0,"522265,"
522268,0,"522268,"
522301,0,"522301,"
522302,0,"522302,"
522303,0,"522303,"
522304,0,"522304,"
522305,0,"522305,"
522306,0,"522306,"
522307,0,"522307,"
522308,0,"522308,"
522309,0,"522309,"
522310,0,"522310,"
522311,0,"522311,"
522312,0,"522312,"
522313,0,"522313,"
522314,0,"522314,"
522315,0,"522315,"
522316,0,"522316,"
522317,0,"522317,"
522318,0,"522318,"
522324,0,"522324,"
522325,0,"522325,"
522329,0,"522329,"
522330,0,"522330,"
522341,0,"522341,"
522401,0,"522401,"
522402,0,"522402,"
522403,0,"522403,"
522408,0,"522408,"
522409,0,"522409,"
522410,0,"522410,"
522411,0,"522411,"
522412,0,"522412,"
522413,0,"522413,"
522414,0,"522414,"
522415,0,"522415,"
522421,0,"522421,"
522426,0,"522426,"
522435,0,"522435,"
522436,0,"522436,"
522437,0,"522437,"
522438,0,"522438,"
522439,0,"522439,"
522501,0,"522501,"
522502,0,"522502,"
522503,0,"522503,"
522508,0,"522508,"
522509,0,"522509,"
522510,0,"522510,"
522529,0,"522529,"
522549,0,"522549,"
522601,0,"522601,"
522603,0,"522603,"
522611,0,"522611,"
522612,0,"522612,"
522613,0,"522613,"
522614,0,"522614,"
522615,0,"522615,"
522616,0,"522616,"
522617,0,"522617,"
522619,0,"522619,"
522626,0,"522626,"
522646,0,"522646,"
522647,0,"522647,"
522649,0,"522649,"
522657,0,"522657,"
522658,0,"522658,"
522659,0,"522659,"
522660,0,"522660,"
522661,0,"522661,"
522663,0,"522663,"
523001,0,"523001,"
523002,0,"523002,"
523101,0,"523101,"
523104,0,"523104,"
523105,0,"523105,"
523108,0,"523108,"
523109,0,"523109,"
523110,0,"523110,"
523111,0,"523111,"
523112,0,"523112,"
523113,0,"523113,"
523114,0,"523114,"
523115,0,"523115,"
523116,0,"523116,"
523117,0,"523117,"
523135,0,"523135,"
523155,0,"523155,"
523156,0,"523156,"
523157,0,"523157,"
523165,0,"523165,"
523166,0,"523166,"
523167,0,"523167,"
523168,0,"523168,"
523169,0,"523169,"
523170,0,"523170,"
523171,0,"523171,"
523180,0,"523180,"
523181,0,"523181,"
523182,0,"523182,"
523183,0,"523183,"
523184,0,"523184,"
523185,0,"523185,"
523186,0,"523186,"
523187,0,"523187,"
523190,0,"523190,"
523201,0,"523201,"
523211,0,"523211,"
523212,0,"523212,"
523213,0,"523213,"
523214,0,"523214,"
523223,0,"523223,"
523224,0,"523224,"
523225,0,"523225,"
523226,0,"523226,"
523227,0,"523227,"
523228,0,"523228,"
523230,0,"523230,"
523240,0,"523240,"
523241,0,"523241,"
523245,0,"523245,"
523246,0,"523246,"
523247,0,"523247,"
523252,0,"523252,"
523253,0,"523253,"
523254,0,"523254,"
523260,0,"523260,"
523261,0,"523261,"
523262,0,"523262,"
523263,0,"523263,"
523264,0,"523264,"
523265,0,"523265,"
523270,0,"523270,"
523271,0,"523271,"
523272,0,"523272,"
523273,0,"523273,"
523274,0,"523274,"
523279,0,"523279,"
523280,0,"523280,"
523281,0,"523281,"
523286,0,"523286,"
523291,0,"523291,"
523292,0,"523292,"
523301,0,"523301,"
523302,0,"523302,"
523303,0,"523303,"
523304,0,"523304,"
523305,0,"523305,"
523315,0,"523315,"
523316,0,"523316,"
523320,0,"523320,"
523326,0,"523326,"
523327,0,"523327,"
523328,0,"523328,"
523329,0,"523329,"
523330,0,"523330,"
523331,0,"523331,"
523332,0,"523332,"
523333,0,"523333,"
523334,0,"523334,"
523335,0,"523335,"
523336,0,"523336,"
523346,0,"523346,"
523356,0,"523356,"
523357,0,"523357,"
523367,0,"523367,"
523368,0,"523368,"
523369,0,"523369,"
523370,0,"523370,"
523371,0,"523371,"
523372,0,"523372,"
523373,0,"523373,"
524001,0,"524001,"
524002,0,"524002,"
524003,0,"524003,"
524004,0,"524004,"
524005,0,"524005,"
524101,0,"524101,"
524121,0,"524121,"
524123,0,"524123,"
524124,0,"524124,"
524126,0,"524126,"
524127,0,"524127,"
524129,0,"524129,"
524131,0,"524131,"
524132,0,"524132,"
524134,0,"524134,"
524137,0,"524137,"
524142,0,"524142,"
524152,0,"524152,"
524201,0,"524201,"
524203,0,"524203,"
524221,0,"524221,"
524222,0,"524222,"
524223,0,"524223,"
524224,0,"524224,"
524225,0,"524225,"
524226,0,"524226,"
524227,0,"524227,"
524228,0,"524228,"
524230,0,"524230,"
524234,0,"524234,"
524236,0,"524236,"
524239,0,"524239,"
524240,0,"524240,"
524301,0,"524301,"
524302,0,"524302,"
524303,0,"524303,"
524304,0,"524304,"
524305,0,"524305,"
524306,0,"524306,"
524307,0,"524307,"
524308,0,"524308,"
524309,0,"524309,"
524310,0,"524310,"
524311,0,"524311,"
524312,0,"524312,"
524313,0,"524313,"
524314,0,"524314,"
524315,0,"524315,"
524316,0,"524316,"
524317,0,"524317,"
524318,0,"524318,"
524319,0,"524319,"
524320,0,"524320,"
524321,0,"524321,"
524322,0,"524322,"
524323,0,"524323,"
524341,0,"524341,"
524342,0,"524342,"
524343,0,"524343,"
524344,0,"524344,"
524345,0,"524345,"
524346,0,"524346,"
524347,0,"524347,"
524366,0,"524366,"
524401,0,"524401,"
524402,0,"524402,"
524403,0,"524403,"
524404,0,"524404,"
524405,0,"524405,"
524406,0,"524406,"
524407,0,"524407,"
524408,0,"524408,"
524409,0,"524409,"
524410,0,"524410,"
524411,0,"524411,"
524412,0,"524412,"
524413,0,"524413,"
524414,0,"524414,"
524415,0,"524415,"
524421,0,"524421,"
530001,0,"530001,"
530002,0,"530002,"
530003,0,"530003,"
530004,0,"530004,"
530005,0,"530005,"
530007,0,"530007,"
530008,0,"530008,"
530009,0,"530009,"
530011,0,"530011,"
530012,0,"530012,"
530013,0,"530013,"
530014,0,"530014,"
530015,0,"530015,"
530016,0,"530016,"
530017,0,"530017,"
530018,0,"530018,"
530020,0,"530020,"
530022,0,"530022,"
530024,0,"530024,"
530026,0,"530026,"
530027,0,"530027,"
530028,0,"530028,"
530029,0,"530029,"
530031,0,"530031,"
530032,0,"530032,"
530035,0,"530035,"
530040,0,"530040,"
530041,0,"530041,"
530043,0,"530043,"
530044,0,"530044,"
530045,0,"530045,"
530046,0,"530046,"
530047,0,"530047,"
530048,0,"530048,"
530049,0,"530049,"
530051,0,"530051,"
530052,0,"530052,"
530053,0,"530053,"
531001,0,"531001,"
531002,0,"531002,"
531011,0,"531011,"
531019,0,"531019,"
531020,0,"531020,"
531021,0,"531021,"
531022,0,"531022,"
531023,0,"531023,"
531024,0,"531024,"
531025,0,"531025,"
531026,0,"531026,"
531027,0,"531027,"
531028,0,"531028,"
531029,0,"531029,"
531030,0,"531030,"
531031,0,"531031,"
531032,0,"531032,"
531033,0,"531033,"
531034,0,"531034,"
531035,0,"531035,"
531036,0,"531036,"
531040,0,"531040,"
531055,0,"531055,"
531060,0,"531060,"
531061,0,"531061,"
531075,0,"531075,"
531077,0,"531077,"
531081,0,"531081,"
531082,0,"531082,"
531083,0,"531083,"
531084,0,"531084,"
531085,0,"531085,"
531087,0,"531087,"
531105,0,"531105,"
531111,0,"531111,"
531113,0,"531113,"
531114,0,"531114,"
531115,0,"531115,"
531116,0,"531116,"
531117,0,"531117,"
531118,0,"531118,"
531126,0,"531126,"
531127,0,"531127,"
531133,0,"531133,"
531149,0,"531149,"
531151,0,"531151,"
531162,0,"531162,"
531163,0,"531163,"
531173,0,"531173,"
531219,0,"531219,"
532001,0,"532001,"
532005,0,"532005,"
532122,0,"532122,"
532123,0,"532123,"
532127,0,"532127,"
532148,0,"532148,"
532168,0,"532168,"
532185,0,"532185,"
532186,0,"532186,"
532190,0,"532190,"
532195,0,"532195,"
532201,0,"532201,"
532203,0,"532203,"
532211,0,"532211,"
532212,0,"532212,"
532213,0,"532213,"
532214,0,"532214,"
532215,0,"532215,"
532216,0,"532216,"
532218,0,"532218,"
532219,0,"532219,"
532220,0,"532220,"
532221,0,"532221,"
532222,0,"532222,"
532242,0,"532242,"
532243,0,"532243,"
532263,0,"532263,"
532264,0,"532264,"
532284,0,"532284,"
532290,0,"532290,"
532291,0,"532291,"
532292,0,"532292,"
532312,0,"532312,"
532322,0,"532322,"
532401,0,"532401,"
532402,0,"532402,"
532403,0,"532403,"
532404,0,"532404,"
532405,0,"532405,"
532406,0,"532406,"
532407,0,"532407,"
532408,0,"532408,"
532409,0,"532409,"
532410,0,"532410,"
532421,0,"532421,"
532425,0,"532425,"
532426,0,"532426,"
532427,0,"532427,"
532428,0,"532428,"
532429,0,"532429,"
532430,0,"532430,"
532432,0,"532432,"
532440,0,"532440,"
532443,0,"532443,"
532445,0,"532445,"
532455,0,"532455,"
532456,0,"532456,"
532457,0,"532457,"
532458,0,"532458,"
532459,0,"532459,"
532460,0,"532460,"
532461,0,"532461,"
532462,0,"532462,"
532474,0,"532474,"
532484,0,"532484,"
533001,0,"533001,"
533002,0,"533002,"
533003,0,"533003,"
533004,0,"533004,"
533005,0,"533005,"
533006,0,"533006,"
533016,0,"533016,"
533101,0,"533101,"
533102,0,"533102,"
533103,0,"533103,"
533104,0,"533104,"
533105,0,"533105,"
533106,0,"533106,"
533107,0,"533107,"
533124,0,"533124,"
533125,0,"533125,"
533126,0,"533126,"
533201,0,"533201,"
533210,0,"533210,"
533211,0,"533211,"
533212,0,"533212,"
533213,0,"533213,"
533214,0,"533214,"
533215,0,"533215,"
533216,0,"533216,"
533217,0,"533217,"
533218,0,"533218,"
533220,0,"533220,"
533221,0,"533221,"
533222,0,"533222,"
533223,0,"533223,"
533228,0,"533228,"
533229,0,"533229,"
533232,0,"533232,"
533233,0,"533233,"
533234,0,"533234,"
533235,0,"533235,"
533236,0,"533236,"
533237,0,"533237,"
533238,0,"533238,"
533239,0,"533239,"
533240,0,"533240,"
533241,0,"533241,"
533242,0,"533242,"
533244,0,"533244,"
533247,0,"533247,"
533248,0,"533248,"
533249,0,"533249,"
533250,0,"533250,"
533251,0,"533251,"
533252,0,"533252,"
533253,0,"533253,"
533254,0,"533254,"
533255,0,"533255,"
533256,0,"533256,"
533260,0,"533260,"
533261,0,"533261,"
533262,0,"533262,"
533263,0,"533263,"
533264,0,"533264,"
533274,0,"533274,"
533284,0,"533284,"
533285,0,"533285,"
533286,0,"533286,"
533287,0,"533287,"
533288,0,"533288,"
533289,0,"533289,"
533290,0,"533290,"
533291,0,"533291,"
533292,0,"533292,"
533293,0,"533293,"
533294,0,"533294,"
533295,0,"533295,"
533296,0,"533296,"
533297,0,"533297,"
533305,0,"533305,"
533306,0,"533306,"
533307,0,"533307,"
533308,0,"533308,"
533309,0,"533309,"
533339,0,"533339,"
533340,0,"533340,"
533341,0,"533341,"
533342,0,"533342,"
533343,0,"533343,"
533344,0,"533344,"
533345,0,"533345,"
533346,0,"533346,"
533347,0,"533347,"
533348,0,"533348,"
533349,0,"533349,"
533350,0,"533350,"
533351,0,"533351,"
533352,0,"533352,"
533401,0,"533401,"
533406,0,"533406,"
533407,0,"533407,"
533408,0,"533408,"
533428,0,"533428,"
533429,0,"533429,"
533430,0,"533430,"
533431,0,"533431,"
533432,0,"533432,"
533433,0,"533433,"
533434,0,"533434,"
533435,0,"533435,"
533436,0,"533436,"
533437,0,"533437,"
533440,0,"533440,"
533444,0,"533444,"
533445,0,"533445,"
533446,0,"533446,"
533447,0,"533447,"
533448,0,"533448,"
533449,0,"533449,"
533450,0,"533450,"
533461,0,"533461,"
533462,0,"533462,"
533463,0,"533463,"
533464,0,"533464,"
533468,0,"533468,"
533483,0,"533483,"
533577,0,"533577,"
534001,0,"534001,"
534002,0,"534002,"
534003,0,"534003,"
534004,0,"534004,"
534005,0,"534005,"
534006,0,"534006,"
534007,0,"534007,"
534101,0,"534101,"
534102,0,"534102,"
534111,0,"534111,"
534112,0,"534112,"
534122,0,"534122,"
534123,0,"534123,"
534124,0,"534124,"
534126,0,"534126,"
534134,0,"534134,"
534145,0,"534145,"
534146,0,"534146,"
534156,0,"534156,"
534165,0,"534165,"
534166,0,"534166,"
534176,0,"534176,"
534186,0,"534186,"
534195,0,"534195,"
534196,0,"534196,"
534197,0,"534197,"
534198,0,"534198,"
534199,0,"534199,"
534201,0,"534201,"
534202,0,"534202,"
534204,0,"534204,"
534206,0,"534206,"
534207,0,"534207,"
534208,0,"534208,"
534209,0,"534209,"
534210,0,"534210,"
534211,0,"534211,"
534215,0,"534215,"
534216,0,"534216,"
534217,0,"534217,"
534218,0,"534218,"
534222,0,"534222,"
534225,0,"534225,"
534227,0,"534227,"
534230,0,"534230,"
534235,0,"534235,"
534236,0,"534236,"
534237,0,"534237,"
534238,0,"534238,"
534239,0,"534239,"
534240,0,"534240,"
534243,0,"534243,"
534244,0,"534244,"
534245,0,"534245,"
534247,0,"534247,"
534250,0,"534250,"
534260,0,"534260,"
534265,0,"534265,"
534266,0,"534266,"
534267,0,"534267,"
534268,0,"534268,"
534269,0,"534269,"
534275,0,"534275,"
534280,0,"534280,"
534281,0,"534281,"
534301,0,"534301,"
534302,0,"534302,"
534305,0,"534305,"
534311,0,"534311,"
534312,0,"534312,"
534313,0,"534313,"
534315,0,"534315,"
534316,0,"534316,"
534318,0,"534318,"
534320,0,"534320,"
534324,0,"534324,"
534326,0,"534326,"
534327,0,"534327,"
534328,0,"534328,"
534329,0,"534329,"
534330,0,"534330,"
534331,0,"534331,"
534338,0,"534338,"
534340,0,"534340,"
534341,0,"534341,"
534342,0,"534342,"
534350,0,"534350,"
534401,0,"534401,"
534406,0,"534406,"
534411,0,"534411,"
534416,0,"534416,"
534425,0,"534425,"
534426,0,"534426,"
534427,0,"534427,"
534432,0,"534432,"
534435,0,"534435,"
534437,0,"534437,"
534442,0,"534442,"
534444,0,"534444,"
534447,0,"534447,"
534448,0,"534448,"
534449,0,"534449,"
534450,0,"534450,"
534451,0,"534451,"
534452,0,"534452,"
534455,0,"534455,"
534456,0,"534456,"
534460,0,"534460,"
534461,0,"534461,"
534462,0,"534462,"
534467,0,"534467,"
534475,0,"534475,"
535001,0,"535001,"
535002,0,"535002,"
535003,0,"535003,"
535004,0,"535004,"
535005,0,"535005,"
535006,0,"535006,"
535101,0,"535101,"
535102,0,"535102,"
535124,0,"535124,"
535125,0,"535125,"
535126,0,"535126,"
535128,0,"535128,"
535145,0,"535145,"
535148,0,"535148,"
535160,0,"535160,"
535161,0,"535161,"
535183,0,"535183,"
535204,0,"535204,"
535213,0,"535213,"
535214,0,"535214,"
535215,0,"535215,"
535216,0,"535216,"
535217,0,"535217,"
535218,0,"535218,"
535220,0,"535220,"
535221,0,"535221,"
535240,0,"535240,"
535250,0,"535250,"
535260,0,"535260,"
535270,0,"535270,"
535273,0,"535273,"
535280,0,"535280,"
535281,0,"535281,"
535463,0,"535463,"
535501,0,"535501,"
535502,0,"535502,"
535521,0,"535521,"
535522,0,"535522,"
535523,0,"535523,"
535524,0,"535524,"
535525,0,"535525,"
535526,0,"535526,"
535527,0,"535527,"
535534,0,"535534,"
535546,0,"535546,"
535547,0,"535547,"
535557,0,"535557,"
535558,0,"535558,"
535559,0,"535559,"
535568,0,"535568,"
535573,0,"535573,"
535578,0,"535578,"
535579,0,"535579,"
535580,0,"535580,"
535581,0,"535581,"
535591,0,"535591,"
535592,0,"535592,"
535593,0,"535593,"
535594,0,"535594,"
560001,0,"560001,"
560002,0,"560002,"
560003,0,"560003,"
560004,0,"560004,"
560005,0,"560005,"
560006,0,"560006,"
560007,0,"560007,"
560008,0,"560008,"
560009,0,"560009,"
560010,0,"560010,"
560011,0,"560011,"
560012,0,"560012,"
560013,0,"560013,"
560015,0,"560015,"
560016,0,"560016,"
560017,0,"560017,"
560018,0,"560018,"
560020,0,"560020,"
560021,0,"560021,"
560022,0,"560022,"
560023,0,"560023,"
560024,0,"560024,"
560025,0,"560025,"
560026,0,"560026,"
560027,0,"560027,"
560029,0,"560029,"
560030,0,"560030,"
560032,0,"560032,"
560033,0,"560033,"
560034,0,"560034,"
560035,0,"560035,"
560036,0,"560036,"
560037,0,"560037,"
560038,0,"560038,"
560040,0,"560040,"
560041,0,"560041,"
560042,0,"560042,"
560043,0,"560043,"
560045,0,"560045,"
560046,0,"560046,"
560047,0,"560047,"
560048,0,"560048,"
560049,0,"560049,"
560050,0,"560050,"
560051,0,"560051,"
560053,0,"560053,"
560054,0,"560054,"
560055,0,"560055,"
560056,0,"560056,"
560057,0,"560057,"
560058,0,"560058,"
560059,0,"560059,"
560060,0,"560060,"
560061,0,"560061,"
560062,0,"560062,"
560063,0,"560063,"
560064,0,"560064,"
560065,0,"560065,"
560066,0,"560066,"
560067,0,"560067,"
560068,0,"560068,"
560070,0,"560070,"
560071,0,"560071,"
560072,0,"560072,"
560073,0,"560073,"
560074,0,"560074,"
560075,0,"560075,"
560076,0,"560076,"
560077,0,"560077,"
560078,0,"560078,"
560079,0,"560079,"
560080,0,"560080,"
560081,0,"560081,"
560082,0,"560082,"
560083,0,"560083,"
560084,0,"560084,"
560085,0,"560085,"
560086,0,"560086,"
560087,0,"560087,"
560088,0,"560088,"
560089,0,"560089,"
560090,0,"560090,"
560091,0,"560091,"
560092,0,"560092,"
560093,0,"560093,"
560094,0,"560094,"
560095,0,"560095,"
560096,0,"560096,"
560097,0,"560097,"
560098,0,"560098,"
560099,0,"560099,"
560100,0,"560100,"
560102,0,"560102,"
560103,0,"560103,"
560104,0,"560104,"
560105,0,"560105,"
560107,0,"560107,"
560108,0,"560108,"
560109,0,"560109,"
560110,0,"560110,"
560111,0,"560111,"
560112,0,"560112,"
560113,0,"560113,"
560114,0,"560114,"
560115,0,"560115,"
560116,0,"560116,"
560117,0,"560117,"
560300,0,"560300,"
560500,0,"560500,"
561101,0,"561101,"
561201,0,"561201,"
561202,0,"561202,"
561203,0,"561203,"
561204,0,"561204,"
561205,0,"561205,"
561206,0,"561206,"
561207,0,"561207,"
561208,0,"561208,"
561209,0,"561209,"
561210,0,"561210,"
561211,0,"561211,"
561212,0,"561212,"
561213,0,"561213,"
561228,0,"561228,"
562101,0,"562101,"
562102,0,"562102,"
562103,0,"562103,"
562104,0,"562104,"
562105,0,"562105,"
562106,0,"562106,"
562107,0,"562107,"
562108,0,"562108,"
562109,0,"562109,"
562110,0,"562110,"
562111,0,"562111,"
562112,0,"562112,"
562114,0,"562114,"
562117,0,"562117,"
562119,0,"562119,"
562120,0,"562120,"
562121,0,"562121,"
562122,0,"562122,"
562123,0,"562123,"
562125,0,"562125,"
562126,0,"562126,"
562127,0,"562127,"
562128,0,"562128,"
562129,0,"562129,"
562130,0,"562130,"
562131,0,"562131,"
562132,0,"562132,"
562135,0,"562135,"
562138,0,"562138,"
562149,0,"562149,"
562157,0,"562157,"
562159,0,"562159,"
562160,0,"562160,"
562161,0,"562161,"
562162,0,"562162,"
562163,0,"562163,"
562164,0,"562164,"
563101,0,"563101,"
563102,0,"563102,"
563103,0,"563103,"
563113,0,"563113,"
563114,0,"563114,"
563115,0,"563115,"
563116,0,"563116,"
563117,0,"563117,"
563118,0,"563118,"
563119,0,"563119,"
563120,0,"563120,"
563121,0,"563121,"
563122,0,"563122,"
563123,0,"563123,"
563124,0,"563124,"
563125,0,"563125,"
563126,0,"563126,"
563127,0,"563127,"
563128,0,"563128,"
563129,0,"563129,"
563130,0,"563130,"
563131,0,"563131,"
563132,0,"563132,"
563133,0,"563133,"
563134,0,"563134,"
563135,0,"563135,"
563136,0,"563136,"
563137,0,"563137,"
563138,0,"563138,"
563139,0,"563139,"
563146,0,"563146,"
563147,0,"563147,"
563157,0,"563157,"
563159,0,"563159,"
563160,0,"563160,"
563161,0,"563161,"
563162,0,"563162,"
563163,0,"563163,"
570001,0,"570001,"
570002,0,"570002,"
570003,0,"570003,"
570004,0,"570004,"
570005,0,"570005,"
570006,0,"570006,"
570007,0,"570007,"
570008,0,"570008,"
570009,0,"570009,"
570010,0,"570010,"
570011,0,"570011,"
570012,0,"570012,"
570014,0,"570014,"
570015,0,"570015,"
570016,0,"570016,"
570017,0,"570017,"
570018,0,"570018,"
570019,0,"570019,"
570020,0,"570020,"
570022,0,"570022,"
570023,0,"570023,"
570025,0,"570025,"
570026,0,"570026,"
570027,0,"570027,"
570028,0,"570028,"
570029,0,"570029,"
570030,0,"570030,"
570031,0,"570031,"
570032,0,"570032,"
570033,0,"570033,"
570034,0,"570034,"
571101,0,"571101,"
571102,0,"571102,"
571103,0,"571103,"
571104,0,"571104,"
571105,0,"571105,"
571106,0,"571106,"
571107,0,"571107,"
571108,0,"571108,"
571109,0,"571109,"
571110,0,"571110,"
571111,0,"571111,"
571114,0,"571114,"
571115,0,"571115,"
571116,0,"571116,"
571117,0,"571117,"
571118,0,"571118,"
571119,0,"571119,"
571120,0,"571120,"
571121,0,"571121,"
571122,0,"571122,"
571123,0,"571123,"
571124,0,"571124,"
571125,0,"571125,"
571126,0,"571126,"
571127,0,"571127,"
571128,0,"571128,"
571129,0,"571129,"
571130,0,"571130,"
571134,0,"571134,"
571187,0,"571187,"
571189,0,"571189,"
571201,0,"571201,"
571211,0,"571211,"
571212,0,"571212,"
571213,0,"571213,"
571214,0,"571214,"
571215,0,"571215,"
571216,0,"571216,"
571217,0,"571217,"
571218,0,"571218,"
571219,0,"571219,"
571231,0,"571231,"
571232,0,"571232,"
571234,0,"571234,"
571235,0,"571235,"
571236,0,"571236,"
571237,0,"571237,"
571247,0,"571247,"
571248,0,"571248,"
571249,0,"571249,"
571250,0,"571250,"
571251,0,"571251,"
571252,0,"571252,"
571253,0,"571253,"
571254,0,"571254,"
571301,0,"571301,"
571302,0,"571302,"
571311,0,"571311,"
571312,0,"571312,"
571313,0,"571313,"
571314,0,"571314,"
571315,0,"571315,"
571316,0,"571316,"
571320,0,"571320,"
571342,0,"571342,"
571401,0,"571401,"
571402,0,"571402,"
571403,0,"571403,"
571404,0,"571404,"
571405,0,"571405,"
571415,0,"571415,"
571416,0,"571416,"
571417,0,"571417,"
571418,0,"571418,"
571419,0,"571419,"
571421,0,"571421,"
571422,0,"571422,"
571423,0,"571423,"
571424,0,"571424,"
571425,0,"571425,"
571426,0,"571426,"
571427,0,"571427,"
571428,0,"571428,"
571429,0,"571429,"
571430,0,"571430,"
571431,0,"571431,"
571432,0,"571432,"
571433,0,"571433,"
571434,0,"571434,"
571435,0,"571435,"
571436,0,"571436,"
571438,0,"571438,"
571439,0,"571439,"
571440,0,"571440,"
571441,0,"571441,"
571442,0,"571442,"
571443,0,"571443,"
571444,0,"571444,"
571445,0,"571445,"
571446,0,"571446,"
571448,0,"571448,"
571450,0,"571450,"
571455,0,"571455,"
571457,0,"571457,"
571463,0,"571463,"
571475,0,"571475,"
571476,0,"571476,"
571477,0,"571477,"
571478,0,"571478,"
571490,0,"571490,"
571601,0,"571601,"
571602,0,"571602,"
571603,0,"571603,"
571604,0,"571604,"
571605,0,"571605,"
571606,0,"571606,"
571607,0,"571607,"
571610,0,"571610,"
571617,0,"571617,"
571802,0,"571802,"
571807,0,"571807,"
571811,0,"571811,"
571812,0,"571812,"
572101,0,"572101,"
572102,0,"572102,"
572103,0,"572103,"
572104,0,"572104,"
572105,0,"572105,"
572106,0,"572106,"
572107,0,"572107,"
572111,0,"572111,"
572112,0,"572112,"
572113,0,"572113,"
572114,0,"572114,"
572115,0,"572115,"
572116,0,"572116,"
572117,0,"572117,"
572118,0,"572118,"
572119,0,"572119,"
572120,0,"572120,"
572121,0,"572121,"
572122,0,"572122,"
572123,0,"572123,"
572124,0,"572124,"
572125,0,"572125,"
572126,0,"572126,"
572127,0,"572127,"
572128,0,"572128,"
572129,0,"572129,"
572130,0,"572130,"
572132,0,"572132,"
572133,0,"572133,"
572134,0,"572134,"
572135,0,"572135,"
572136,0,"572136,"
572137,0,"572137,"
572138,0,"572138,"
572139,0,"572139,"
572140,0,"572140,"
572141,0,"572141,"
572142,0,"572142,"
572168,0,"572168,"
572175,0,"572175,"
572201,0,"572201,"
572211,0,"572211,"
572212,0,"572212,"
572213,0,"572213,"
572214,0,"572214,"
572215,0,"572215,"
572216,0,"572216,"
572217,0,"572217,"
572218,0,"572218,"
572219,0,"572219,"
572220,0,"572220,"
572221,0,"572221,"
572222,0,"572222,"
572223,0,"572223,"
572224,0,"572224,"
572225,0,"572225,"
572226,0,"572226,"
572227,0,"572227,"
572228,0,"572228,"
573101,0,"573101,"
573102,0,"573102,"
573103,0,"573103,"
573111,0,"573111,"
573112,0,"573112,"
573113,0,"573113,"
573115,0,"573115,"
573116,0,"573116,"
573117,0,"573117,"
573118,0,"573118,"
573119,0,"573119,"
573120,0,"573120,"
573121,0,"573121,"
573122,0,"573122,"
573123,0,"573123,"
573124,0,"573124,"
573125,0,"573125,"
573126,0,"573126,"
573127,0,"573127,"
573128,0,"573128,"
573129,0,"573129,"
573130,0,"573130,"
573131,0,"573131,"
573133,0,"573133,"
573134,0,"573134,"
573135,0,"573135,"
573136,0,"573136,"
573137,0,"573137,"
573141,0,"573141,"
573142,0,"573142,"
573144,0,"573144,"
573162,0,"573162,"
573164,0,"573164,"
573165,0,"573165,"
573201,0,"573201,"
573202,0,"573202,"
573210,0,"573210,"
573211,0,"573211,"
573212,0,"573212,"
573213,0,"573213,"
573214,0,"573214,"
573215,0,"573215,"
573216,0,"573216,"
573217,0,"573217,"
573218,0,"573218,"
573219,0,"573219,"
573220,0,"573220,"
573225,0,"573225,"
573226,0,"573226,"
574101,0,"574101,"
574102,0,"574102,"
574103,0,"574103,"
574104,0,"574104,"
574105,0,"574105,"
574106,0,"574106,"
574107,0,"574107,"
574108,0,"574108,"
574109,0,"574109,"
574110,0,"574110,"
574111,0,"574111,"
574112,0,"574112,"
574113,0,"574113,"
574114,0,"574114,"
574115,0,"574115,"
574116,0,"574116,"
574117,0,"574117,"
574118,0,"574118,"
574119,0,"574119,"
574122,0,"574122,"
574129,0,"574129,"
574141,0,"574141,"
574142,0,"574142,"
574143,0,"574143,"
574144,0,"574144,"
574145,0,"574145,"
574146,0,"574146,"
574148,0,"574148,"
574150,0,"574150,"
574151,0,"574151,"
574153,0,"574153,"
574154,0,"574154,"
574197,0,"574197,"
574198,0,"574198,"
574199,0,"574199,"
574201,0,"574201,"
574202,0,"574202,"
574203,0,"574203,"
574210,0,"574210,"
574211,0,"574211,"
574212,0,"574212,"
574213,0,"574213,"
574214,0,"574214,"
574216,0,"574216,"
574217,0,"574217,"
574218,0,"574218,"
574219,0,"574219,"
574220,0,"574220,"
574221,0,"574221,"
574222,0,"574222,"
574223,0,"574223,"
574224,0,"574224,"
574225,0,"574225,"
574226,0,"574226,"
574227,0,"574227,"
574228,0,"574228,"
574229,0,"574229,"
574230,0,"574230,"
574231,0,"574231,"
574232,0,"574232,"
574233,0,"574233,"
574234,0,"574234,"
574235,0,"574235,"
574236,0,"574236,"
574237,0,"574237,"
574238,0,"574238,"
574239,0,"574239,"
574240,0,"574240,"
574241,0,"574241,"
574242,0,"574242,"
574243,0,"574243,"
574244,0,"574244,"
574248,0,"574248,"
574253,0,"574253,"
574259,0,"574259,"
574260,0,"574260,"
574265,0,"574265,"
574267,0,"574267,"
574274,0,"574274,"
574279,0,"574279,"
574285,0,"574285,"
574313,0,"574313,"
574314,0,"574314,"
574323,0,"574323,"
574324,0,"574324,"
574325,0,"574325,"
574326,0,"574326,"
574327,0,"574327,"
574328,0,"574328,"
574509,0,"574509,"
575001,0,"575001,"
575002,0,"575002,"
575003,0,"575003,"
575004,0,"575004,"
575005,0,"575005,"
575006,0,"575006,"
575007,0,"575007,"
575008,0,"575008,"
575010,0,"575010,"
575011,0,"575011,"
575013,0,"575013,"
575014,0,"575014,"
575015,0,"575015,"
575016,0,"575016,"
575017,0,"575017,"
575018,0,"575018,"
575019,0,"575019,"
575020,0,"575020,"
575022,0,"575022,"
575023,0,"575023,"
575025,0,"575025,"
575028,0,"575028,"
575029,0,"575029,"
575030,0,"575030,"
576101,0,"576101,"
576102,0,"576102,"
576103,0,"576103,"
576104,0,"576104,"
576105,0,"576105,"
576106,0,"576106,"
576107,0,"576107,"
576108,0,"576108,"
576111,0,"576111,"
576112,0,"576112,"
576113,0,"576113,"
576114,0,"576114,"
576115,0,"576115,"
576117,0,"576117,"
576120,0,"576120,"
576121,0,"576121,"
576122,0,"576122,"
576124,0,"576124,"
576201,0,"576201,"
576210,0,"576210,"
576211,0,"576211,"
576212,0,"576212,"
576213,0,"576213,"
576214,0,"576214,"
576215,0,"576215,"
576216,0,"576216,"
576217,0,"576217,"
576218,0,"576218,"
576219,0,"576219,"
576220,0,"576220,"
576221,0,"576221,"
576222,0,"576222,"
576223,0,"576223,"
576224,0,"576224,"
576225,0,"576225,"
576226,0,"576226,"
576227,0,"576227,"
576228,0,"576228,"
576229,0,"576229,"
576230,0,"576230,"
576231,0,"576231,"
576232,0,"576232,"
576233,0,"576233,"
576234,0,"576234,"
576235,0,"576235,"
576247,0,"576247,"
576257,0,"576257,"
576282,0,"576282,"
576283,0,"576283,"
577001,0,"577001,"
577002,0,"577002,"
577003,0,"577003,"
577004,0,"577004,"
577005,0,"577005,"
577006,0,"577006,"
577007,0,"577007,"
577101,0,"577101,"
577102,0,"577102,"
577111,0,"577111,"
577112,0,"577112,"
577113,0,"577113,"
577114,0,"577114,"
577115,0,"577115,"
577116,0,"577116,"
577117,0,"577117,"
577120,0,"577120,"
577121,0,"577121,"
577122,0,"577122,"
577123,0,"577123,"
577124,0,"577124,"
577125,0,"577125,"
577126,0,"577126,"
577127,0,"577127,"
577128,0,"577128,"
577129,0,"577129,"
577130,0,"577130,"
577131,0,"577131,"
577132,0,"577132,"
577133,0,"577133,"
577134,0,"577134,"
577135,0,"577135,"
577136,0,"577136,"
577137,0,"577137,"
577138,0,"577138,"
577139,0,"577139,"
577140,0,"577140,"
577144,0,"577144,"
577145,0,"577145,"
577146,0,"577146,"
577160,0,"577160,"
577168,0,"577168,"
577175,0,"577175,"
577179,0,"577179,"
577180,0,"577180,"
577181,0,"577181,"
577182,0,"577182,"
577201,0,"577201,"
577202,0,"577202,"
577203,0,"577203,"
577204,0,"577204,"
577205,0,"577205,"
577211,0,"577211,"
577213,0,"577213,"
577214,0,"577214,"
577215,0,"577215,"
577216,0,"577216,"
577217,0,"577217,"
577218,0,"577218,"
577219,0,"577219,"
577220,0,"577220,"
577221,0,"577221,"
577222,0,"577222,"
577223,0,"577223,"
577224,0,"577224,"
577225,0,"577225,"
577226,0,"577226,"
577227,0,"577227,"
577228,0,"577228,"
577229,0,"577229,"
577230,0,"577230,"
577231,0,"577231,"
577232,0,"577232,"
577233,0,"577233,"
577243,0,"577243,"
577245,0,"577245,"
577301,0,"577301,"
577302,0,"577302,"
577401,0,"577401,"
577411,0,"577411,"
577412,0,"577412,"
577413,0,"577413,"
577414,0,"577414,"
577415,0,"577415,"
577416,0,"577416,"
577417,0,"577417,"
577418,0,"577418,"
577419,0,"577419,"
577421,0,"577421,"
577422,0,"577422,"
577423,0,"577423,"
577424,0,"577424,"
577425,0,"577425,"
577426,0,"577426,"
577427,0,"577427,"
577428,0,"577428,"
577429,0,"577429,"
577430,0,"577430,"
577431,0,"577431,"
577432,0,"577432,"
577433,0,"577433,"
577434,0,"577434,"
577435,0,"577435,"
577436,0,"577436,"
577451,0,"577451,"
577452,0,"577452,"
577453,0,"577453,"
577501,0,"577501,"
577502,0,"577502,"
577511,0,"577511,"
577512,0,"577512,"
577513,0,"577513,"
577514,0,"577514,"
577515,0,"577515,"
577516,0,"577516,"
577517,0,"577517,"
577518,0,"577518,"
577519,0,"577519,"
577520,0,"577520,"
577521,0,"577521,"
577522,0,"577522,"
577523,0,"577523,"
577524,0,"577524,"
577525,0,"577525,"
577526,0,"577526,"
577527,0,"577527,"
577528,0,"577528,"
577529,0,"577529,"
577530,0,"577530,"
577531,0,"577531,"
577532,0,"577532,"
577533,0,"577533,"
577534,0,"577534,"
577535,0,"577535,"
577536,0,"577536,"
577537,0,"577537,"
577538,0,"577538,"
577539,0,"577539,"
577540,0,"577540,"
577541,0,"577541,"
577542,0,"577542,"
577543,0,"577543,"
577544,0,"577544,"
577545,0,"577545,"
577546,0,"577546,"
577547,0,"577547,"
577548,0,"577548,"
577549,0,"577549,"
577550,0,"577550,"
577551,0,"577551,"
577552,0,"577552,"
577553,0,"577553,"
577554,0,"577554,"
577555,0,"577555,"
577556,0,"577556,"
577557,0,"577557,"
577558,0,"577558,"
577566,0,"577566,"
577589,0,"577589,"
577596,0,"577596,"
577597,0,"577597,"
577598,0,"577598,"
577599,0,"577599,"
577601,0,"577601,"
580001,0,"580001,"
580002,0,"580002,"
580003,0,"580003,"
580004,0,"580004,"
580005,0,"580005,"
580006,0,"580006,"
580007,0,"580007,"
580008,0,"580008,"
580009,0,"580009,"
580011,0,"580011,"
580020,0,"580020,"
580021,0,"580021,"
580023,0,"580023,"
580024,0,"580024,"
580025,0,"580025,"
580026,0,"580026,"
580027,0,"580027,"
580028,0,"580028,"
580029,0,"580029,"
580030,0,"580030,"
580031,0,"580031,"
580032,0,"580032,"
580112,0,"580112,"
580114,0,"580114,"
580118,0,"580118,"
581101,0,"581101,"
581102,0,"581102,"
581103,0,"581103,"
581104,0,"581104,"
581105,0,"581105,"
581106,0,"581106,"
581107,0,"581107,"
581108,0,"581108,"
581109,0,"581109,"
581110,0,"581110,"
581111,0,"581111,"
581112,0,"581112,"
581113,0,"581113,"
581115,0,"581115,"
581116,0,"581116,"
581117,0,"581117,"
581118,0,"581118,"
581119,0,"581119,"
581120,0,"581120,"
581121,0,"581121,"
581123,0,"581123,"
581126,0,"581126,"
581128,0,"581128,"
581129,0,"581129,"
581145,0,"581145,"
581148,0,"581148,"
581186,0,"581186,"
581187,0,"581187,"
581193,0,"581193,"
581195,0,"581195,"
581196,0,"581196,"
581198,0,"581198,"
581199,0,"581199,"
581201,0,"581201,"
581202,0,"581202,"
581203,0,"581203,"
581204,0,"581204,"
581205,0,"581205,"
581206,0,"581206,"
581207,0,"581207,"
581208,0,"581208,"
581209,0,"581209,"
581210,0,"581210,"
581211,0,"581211,"
581212,0,"581212,"
581213,0,"581213,"
581237,0,"581237,"
581301,0,"581301,"
581302,0,"581302,"
581303,0,"581303,"
581304,0,"581304,"
581306,0,"581306,"
581307,0,"581307,"
581308,0,"581308,"
581314,0,"581314,"
581315,0,"581315,"
581316,0,"581316,"
581317,0,"581317,"
581318,0,"581318,"
581319,0,"581319,"
581320,0,"581320,"
581321,0,"581321,"
581322,0,"581322,"
581323,0,"581323,"
581324,0,"581324,"
581325,0,"581325,"
581326,0,"581326,"
581327,0,"581327,"
581328,0,"581328,"
581329,0,"581329,"
581330,0,"581330,"
581331,0,"581331,"
581332,0,"581332,"
581333,0,"581333,"
581334,0,"581334,"
581335,0,"581335,"
581336,0,"581336,"
581337,0,"581337,"
581338,0,"581338,"
581339,0,"581339,"
581340,0,"581340,"
581341,0,"581341,"
581342,0,"581342,"
581343,0,"581343,"
581344,0,"581344,"
581345,0,"581345,"
581346,0,"581346,"
581347,0,"581347,"
581348,0,"581348,"
581349,0,"581349,"
581350,0,"581350,"
581351,0,"581351,"
581352,0,"581352,"
581353,0,"581353,"
581354,0,"581354,"
581355,0,"581355,"
581356,0,"581356,"
581357,0,"581357,"
581358,0,"581358,"
581359,0,"581359,"
581360,0,"581360,"
581361,0,"581361,"
581362,0,"581362,"
581363,0,"581363,"
581365,0,"581365,"
581384,0,"581384,"
581396,0,"581396,"
581400,0,"581400,"
581401,0,"581401,"
581402,0,"581402,"
581403,0,"581403,"
581411,0,"581411,"
581412,0,"581412,"
581421,0,"581421,"
581423,0,"581423,"
581440,0,"581440,"
581450,0,"581450,"
581453,0,"581453,"
582101,0,"582101,"
582102,0,"582102,"
582103,0,"582103,"
582111,0,"582111,"
582112,0,"582112,"
582113,0,"582113,"
582114,0,"582114,"
582115,0,"582115,"
582116,0,"582116,"
582117,0,"582117,"
582118,0,"582118,"
582119,0,"582119,"
582120,0,"582120,"
582201,0,"582201,"
582202,0,"582202,"
582203,0,"582203,"
582204,0,"582204,"
582205,0,"582205,"
582206,0,"582206,"
582207,0,"582207,"
582208,0,"582208,"
582209,0,"582209,"
582210,0,"582210,"
582211,0,"582211,"
583101,0,"583101,"
583102,0,"583102,"
583103,0,"583103,"
583104,0,"583104,"
583105,0,"583105,"
583111,0,"583111,"
583112,0,"583112,"
583113,0,"583113,"
583114,0,"583114,"
583115,0,"583115,"
583116,0,"583116,"
583117,0,"583117,"
583118,0,"583118,"
583119,0,"583119,"
583120,0,"583120,"
583121,0,"583121,"
583122,0,"583122,"
583123,0,"583123,"
583124,0,"583124,"
583125,0,"583125,"
583126,0,"583126,"
583127,0,"583127,"
583128,0,"583128,"
583129,0,"583129,"
583130,0,"583130,"
583131,0,"583131,"
583132,0,"583132,"
583134,0,"583134,"
583135,0,"583135,"
583136,0,"583136,"
583137,0,"583137,"
583152,0,"583152,"
583153,0,"583153,"
583154,0,"583154,"
583155,0,"583155,"
583201,0,"583201,"
583203,0,"583203,"
583211,0,"583211,"
583212,0,"583212,"
583213,0,"583213,"
583214,0,"583214,"
583215,0,"583215,"
583216,0,"583216,"
583217,0,"583217,"
583218,0,"583218,"
583219,0,"583219,"
583220,0,"583220,"
583221,0,"583221,"
583222,0,"583222,"
583223,0,"583223,"
583224,0,"583224,"
583225,0,"583225,"
583226,0,"583226,"
583227,0,"583227,"
583228,0,"583228,"
583229,0,"583229,"
583230,0,"583230,"
583231,0,"583231,"
583232,0,"583232,"
583233,0,"583233,"
583234,0,"583234,"
583235,0,"583235,"
583236,0,"583236,"
583237,0,"583237,"
583238,0,"583238,"
583239,0,"583239,"
583268,0,"583268,"
583275,0,"583275,"
583276,0,"583276,"
583277,0,"583277,"
583278,0,"583278,"
583279,0,"583279,"
583280,0,"583280,"
583281,0,"583281,"
583282,0,"583282,"
583283,0,"583283,"
583284,0,"583284,"
583285,0,"583285,"
583287,0,"583287,"
584101,0,"584101,"
584102,0,"584102,"
584103,0,"584103,"
584104,0,"584104,"
584111,0,"584111,"
584113,0,"584113,"
584115,0,"584115,"
584116,0,"584116,"
584118,0,"584118,"
584120,0,"584120,"
584122,0,"584122,"
584123,0,"584123,"
584124,0,"584124,"
584125,0,"584125,"
584126,0,"584126,"
584127,0,"584127,"
584128,0,"584128,"
584129,0,"584129,"
584132,0,"584132,"
584133,0,"584133,"
584134,0,"584134,"
584135,0,"584135,"
584136,0,"584136,"
584138,0,"584138,"
584139,0,"584139,"
584140,0,"584140,"
584143,0,"584143,"
584167,0,"584167,"
584170,0,"584170,"
584202,0,"584202,"
584203,0,"584203,"
585101,0,"585101,"
585102,0,"585102,"
585103,0,"585103,"
585104,0,"585104,"
585105,0,"585105,"
585106,0,"585106,"
585107,0,"585107,"
585201,0,"585201,"
585202,0,"585202,"
585210,0,"585210,"
585211,0,"585211,"
585212,0,"585212,"
585213,0,"585213,"
585214,0,"585214,"
585215,0,"585215,"
585216,0,"585216,"
585217,0,"585217,"
585218,0,"585218,"
585219,0,"585219,"
585220,0,"585220,"
585221,0,"585221,"
585222,0,"585222,"
585223,0,"585223,"
585224,0,"585224,"
585225,0,"585225,"
585226,0,"585226,"
585227,0,"585227,"
585228,0,"585228,"
585229,0,"585229,"
585236,0,"585236,"
585237,0,"585237,"
585265,0,"585265,"
585287,0,"585287,"
585290,0,"585290,"
585291,0,"585291,"
585292,0,"585292,"
585301,0,"585301,"
585302,0,"585302,"
585303,0,"585303,"
585304,0,"585304,"
585305,0,"585305,"
585306,0,"585306,"
585307,0,"585307,"
585308,0,"585308,"
585309,0,"585309,"
585310,0,"585310,"
585311,0,"585311,"
585312,0,"585312,"
585313,0,"585313,"
585314,0,"585314,"
585315,0,"585315,"
585316,0,"585316,"
585317,0,"585317,"
585318,0,"585318,"
585319,0,"585319,"
585320,0,"585320,"
585321,0,"585321,"
585322,0,"585322,"
585323,0,"585323,"
585324,0,"585324,"
585325,0,"585325,"
585326,0,"585326,"
585327,0,"585327,"
585328,0,"585328,"
585329,0,"585329,"
585330,0,"585330,"
585331,0,"585331,"
585353,0,"585353,"
585355,0,"585355,"
585367,0,"585367,"
585401,0,"585401,"
585402,0,"585402,"
585403,0,"585403,"
585411,0,"585411,"
585412,0,"585412,"
585413,0,"585413,"
585414,0,"585414,"
585415,0,"585415,"
585416,0,"585416,"
585417,0,"585417,"
585418,0,"585418,"
585419,0,"585419,"
585421,0,"585421,"
585436,0,"585436,"
585437,0,"585437,"
585443,0,"585443,"
585444,0,"585444,"
585445,0,"585445,"
586101,0,"586101,"
586103,0,"586103,"
586104,0,"586104,"
586108,0,"586108,"
586109,0,"586109,"
586111,0,"586111,"
586112,0,"586112,"
586113,0,"586113,"
586114,0,"586114,"
586115,0,"586115,"
586116,0,"586116,"
586117,0,"586117,"
586118,0,"586118,"
586119,0,"586119,"
586120,0,"586120,"
586121,0,"586121,"
586122,0,"586122,"
586123,0,"586123,"
586124,0,"586124,"
586125,0,"586125,"
586127,0,"586127,"
586128,0,"586128,"
586129,0,"586129,"
586130,0,"586130,"
586201,0,"586201,"
586202,0,"586202,"
586203,0,"586203,"
586204,0,"586204,"
586205,0,"586205,"
586206,0,"586206,"
586207,0,"586207,"
586208,0,"586208,"
586209,0,"586209,"
586210,0,"586210,"
586211,0,"586211,"
586212,0,"586212,"
586213,0,"586213,"
586214,0,"586214,"
586215,0,"586215,"
586216,0,"586216,"
586217,0,"586217,"
587101,0,"587101,"
587102,0,"587102,"
587103,0,"587103,"
587104,0,"587104,"
587111,0,"587111,"
587112,0,"587112,"
587113,0,"587113,"
587114,0,"587114,"
587115,0,"587115,"
587116,0,"587116,"
587117,0,"587117,"
587118,0,"587118,"
587119,0,"587119,"
587120,0,"587120,"
587121,0,"587121,"
587122,0,"587122,"
587124,0,"587124,"
587125,0,"587125,"
587154,0,"587154,"
587155,0,"587155,"
587156,0,"587156,"
587201,0,"587201,"
587202,0,"587202,"
587203,0,"587203,"
587204,0,"587204,"
587205,0,"587205,"
587206,0,"587206,"
587207,0,"587207,"
587301,0,"587301,"
587311,0,"587311,"
587312,0,"587312,"
587313,0,"587313,"
587314,0,"587314,"
587315,0,"587315,"
587316,0,"587316,"
587330,0,"587330,"
587331,0,"587331,"
590001,0,"590001,"
590003,0,"590003,"
590005,0,"590005,"
590006,0,"590006,"
590008,0,"590008,"
590009,0,"590009,"
590010,0,"590010,"
590011,0,"590011,"
590014,0,"590014,"
590015,0,"590015,"
590016,0,"590016,"
590017,0,"590017,"
590018,0,"590018,"
590019,0,"590019,"
590020,0,"590020,"
591101,0,"591101,"
591102,0,"591102,"
591103,0,"591103,"
591104,0,"591104,"
591106,0,"591106,"
591107,0,"591107,"
591108,0,"591108,"
591109,0,"591109,"
591110,0,"591110,"
591111,0,"591111,"
591112,0,"591112,"
591113,0,"591113,"
591114,0,"591114,"
591115,0,"591115,"
591116,0,"591116,"
591117,0,"591117,"
591118,0,"591118,"
591119,0,"591119,"
591120,0,"591120,"
591121,0,"591121,"
591122,0,"591122,"
591123,0,"591123,"
591124,0,"591124,"
591125,0,"591125,"
591126,0,"591126,"
591127,0,"591127,"
591128,0,"591128,"
591129,0,"591129,"
591130,0,"591130,"
591131,0,"591131,"
591136,0,"591136,"
591143,0,"591143,"
591147,0,"591147,"
591153,0,"591153,"
591156,0,"591156,"
591173,0,"591173,"
591201,0,"591201,"
591211,0,"591211,"
591212,0,"591212,"
591213,0,"591213,"
591214,0,"591214,"
591215,0,"591215,"
591216,0,"591216,"
591217,0,"591217,"
591218,0,"591218,"
591219,0,"591219,"
591220,0,"591220,"
591221,0,"591221,"
591222,0,"591222,"
591223,0,"591223,"
591224,0,"591224,"
591225,0,"591225,"
591226,0,"591226,"
591227,0,"591227,"
591228,0,"591228,"
591229,0,"591229,"
591230,0,"591230,"
591231,0,"591231,"
591232,0,"591232,"
591233,0,"591233,"
591234,0,"591234,"
591235,0,"591235,"
591236,0,"591236,"
591237,0,"591237,"
591238,0,"591238,"
591239,0,"591239,"
591240,0,"591240,"
591241,0,"591241,"
591242,0,"591242,"
591243,0,"591243,"
591244,0,"591244,"
591246,0,"591246,"
591247,0,"591247,"
591248,0,"591248,"
591254,0,"591254,"
591263,0,"591263,"
591265,0,"591265,"
591287,0,"591287,"
591301,0,"591301,"
591302,0,"591302,"
591303,0,"591303,"
591304,0,"591304,"
591305,0,"591305,"
591306,0,"591306,"
591307,0,"591307,"
591308,0,"591308,"
591309,0,"591309,"
591310,0,"591310,"
591311,0,"591311,"
591312,0,"591312,"
591313,0,"591313,"
591314,0,"591314,"
591315,0,"591315,"
591316,0,"591316,"
591317,0,"591317,"
591340,0,"591340,"
591344,0,"591344,"
591345,0,"591345,"
591346,0,"591346,"
600001,0,"600001,"
600002,0,"600002,"
600003,0,"600003,"
600004,0,"600004,"
600005,0,"600005,"
600006,0,"600006,"
600007,0,"600007,"
600008,0,"600008,"
600009,0,"600009,"
600010,0,"600010,"
600011,0,"600011,"
600012,0,"600012,"
600013,0,"600013,"
600014,0,"600014,"
600015,0,"600015,"
600016,0,"600016,"
600017,0,"600017,"
600018,0,"600018,"
600019,0,"600019,"
600020,0,"600020,"
600021,0,"600021,"
600022,0,"600022,"
600023,0,"600023,"
600024,0,"600024,"
600025,0,"600025,"
600026,0,"600026,"
600028,0,"600028,"
600030,0,"600030,"
600031,0,"600031,"
600032,0,"600032,"
600033,0,"600033,"
600034,0,"600034,"
600035,0,"600035,"
600036,0,"600036,"
600037,0,"600037,"
600038,0,"600038,"
600039,0,"600039,"
600040,0,"600040,"
600041,0,"600041,"
600042,0,"600042,"
600043,0,"600043,"
600044,0,"600044,"
600045,0,"600045,"
600046,0,"600046,"
600047,0,"600047,"
600048,0,"600048,"
600049,0,"600049,"
600050,0,"600050,"
600051,0,"600051,"
600052,0,"600052,"
600053,0,"600053,"
600054,0,"600054,"
600055,0,"600055,"
600056,0,"600056,"
600057,0,"600057,"
600058,0,"600058,"
600059,0,"600059,"
600060,0,"600060,"
600061,0,"600061,"
600062,0,"600062,"
600063,0,"600063,"
600064,0,"600064,"
600066,0,"600066,"
600067,0,"600067,"
600068,0,"600068,"
600069,0,"600069,"
600070,0,"600070,"
600071,0,"600071,"
600072,0,"600072,"
600073,0,"600073,"
600074,0,"600074,"
600075,0,"600075,"
600076,0,"600076,"
600077,0,"600077,"
600078,0,"600078,"
600081,0,"600081,"
600082,0,"600082,"
600083,0,"600083,"
600084,0,"600084,"
600085,0,"600085,"
600086,0,"600086,"
600087,0,"600087,"
600088,0,"600088,"
600089,0,"600089,"
600090,0,"600090,"
600091,0,"600091,"
600092,0,"600092,"
600093,0,"600093,"
600094,0,"600094,"
600095,0,"600095,"
600096,0,"600096,"
600097,0,"600097,"
600099,0,"600099,"
600100,0,"600100,"
600101,0,"600101,"
600102,0,"600102,"
600103,0,"600103,"
600104,0,"600104,"
600106,0,"600106,"
600107,0,"600107,"
600110,0,"600110,"
600113,0,"600113,"
600115,0,"600115,"
600116,0,"600116,"
600117,0,"600117,"
600118,0,"600118,"
600119,0,"600119,"
600120,0,"600120,"
600122,0,"600122,"
600123,0,"600123,"
600124,0,"600124,"
600125,0,"600125,"
600126,0,"600126,"
600127,0,"600127,"
600128,0,"600128,"
600129,0,"600129,"
600130,0,"600130,"
600131,0,"600131,"
600132,0,"600132,"
601101,0,"601101,"
601102,0,"601102,"
601103,0,"601103,"
601201,0,"601201,"
601202,0,"601202,"
601203,0,"601203,"
601204,0,"601204,"
601205,0,"601205,"
601206,0,"601206,"
601301,0,"601301,"
602001,0,"602001,"
602002,0,"602002,"
602003,0,"602003,"
602021,0,"602021,"
602023,0,"602023,"
602024,0,"602024,"
602025,0,"602025,"
602026,0,"602026,"
602105,0,"602105,"
602106,0,"602106,"
602108,0,"602108,"
602117,0,"602117,"
603001,0,"603001,"
603002,0,"603002,"
603003,0,"603003,"
603004,0,"603004,"
603101,0,"603101,"
603102,0,"603102,"
603103,0,"603103,"
603104,0,"603104,"
603105,0,"603105,"
603106,0,"603106,"
603107,0,"603107,"
603108,0,"603108,"
603109,0,"603109,"
603110,0,"603110,"
603111,0,"603111,"
603112,0,"603112,"
603127,0,"603127,"
603201,0,"603201,"
603202,0,"603202,"
603203,0,"603203,"
603204,0,"603204,"
603209,0,"603209,"
603210,0,"603210,"
603211,0,"603211,"
603301,0,"603301,"
603302,0,"603302,"
603303,0,"603303,"
603304,0,"603304,"
603305,0,"603305,"
603306,0,"603306,"
603307,0,"603307,"
603308,0,"603308,"
603309,0,"603309,"
603310,0,"603310,"
603311,0,"603311,"
603312,0,"603312,"
603313,0,"603313,"
603314,0,"603314,"
603319,0,"603319,"
603401,0,"603401,"
603402,0,"603402,"
603403,0,"603403,"
603405,0,"603405,"
603406,0,"603406,"
604001,0,"604001,"
604101,0,"604101,"
604102,0,"604102,"
604151,0,"604151,"
604152,0,"604152,"
604153,0,"604153,"
604154,0,"604154,"
604201,0,"604201,"
604202,0,"604202,"
604203,0,"604203,"
604204,0,"604204,"
604205,0,"604205,"
604206,0,"604206,"
604207,0,"604207,"
604208,0,"604208,"
604210,0,"604210,"
604301,0,"604301,"
604302,0,"604302,"
604303,0,"604303,"
604304,0,"604304,"
604305,0,"604305,"
604306,0,"604306,"
604307,0,"604307,"
604401,0,"604401,"
604402,0,"604402,"
604403,0,"604403,"
604404,0,"604404,"
604405,0,"604405,"
604406,0,"604406,"
604407,0,"604407,"
604408,0,"604408,"
604409,0,"604409,"
604410,0,"604410,"
604501,0,"604501,"
604502,0,"604502,"
604503,0,"604503,"
604504,0,"604504,"
604505,0,"604505,"
604601,0,"604601,"
605001,0,"605001,"
605002,0,"605002,"
605003,0,"605003,"
605004,0,"605004,"
605005,0,"605005,"
605006,0,"605006,"
605007,0,"605007,"
605008,0,"605008,"
605009,0,"605009,"
605010,0,"605010,"
605011,0,"605011,"
605013,0,"605013,"
605014,0,"605014,"
605101,0,"605101,"
605102,0,"605102,"
605103,0,"605103,"
605104,0,"605104,"
605105,0,"605105,"
605106,0,"605106,"
605107,0,"605107,"
605108,0,"605108,"
605109,0,"605109,"
605110,0,"605110,"
605111,0,"605111,"
605201,0,"605201,"
605202,0,"605202,"
605203,0,"605203,"
605301,0,"605301,"
605302,0,"605302,"
605401,0,"605401,"
605402,0,"605402,"
605501,0,"605501,"
605502,0,"605502,"
605601,0,"605601,"
605602,0,"605602,"
605651,0,"605651,"
605652,0,"605652,"
605701,0,"605701,"
605702,0,"605702,"
605751,0,"605751,"
605752,0,"605752,"
605754,0,"605754,"
605755,0,"605755,"
605756,0,"605756,"
605757,0,"605757,"
605758,0,"605758,"
605759,0,"605759,"
605766,0,"605766,"
605801,0,"605801,"
605802,0,"605802,"
605803,0,"605803,"
606001,0,"606001,"
606003,0,"606003,"
606102,0,"606102,"
606103,0,"606103,"
606104,0,"606104,"
606105,0,"606105,"
606106,0,"606106,"
606107,0,"606107,"
606108,0,"606108,"
606109,0,"606109,"
606110,0,"606110,"
606111,0,"606111,"
606115,0,"606115,"
606201,0,"606201,"
606202,0,"606202,"
606203,0,"606203,"
606204,0,"606204,"
606205,0,"606205,"
606206,0,"606206,"
606207,0,"606207,"
606208,0,"606208,"
606209,0,"606209,"
606213,0,"606213,"
606301,0,"606301,"
606302,0,"606302,"
606303,0,"606303,"
606304,0,"606304,"
606305,0,"606305,"
606401,0,"606401,"
606402,0,"606402,"
606601,0,"606601,"
606603,0,"606603,"
606604,0,"606604,"
606611,0,"606611,"
606701,0,"606701,"
606702,0,"606702,"
606703,0,"606703,"
606704,0,"606704,"
606705,0,"606705,"
606706,0,"606706,"
606707,0,"606707,"
606708,0,"606708,"
606709,0,"606709,"
606710,0,"606710,"
606751,0,"606751,"
606752,0,"606752,"
606753,0,"606753,"
606754,0,"606754,"
606755,0,"606755,"
606801,0,"606801,"
606802,0,"606802,"
606803,0,"606803,"
606804,0,"606804,"
606805,0,"606805,"
606806,0,"606806,"
606807,0,"606807,"
606808,0,"606808,"
606811,0,"606811,"
606901,0,"606901,"
606902,0,"606902,"
606903,0,"606903,"
606904,0,"606904,"
606905,0,"606905,"
606906,0,"606906,"
606907,0,"606907,"
606908,0,"606908,"
607001,0,"607001,"
607002,0,"607002,"
607003,0,"607003,"
607004,0,"607004,"
607005,0,"607005,"
607006,0,"607006,"
607101,0,"607101,"
607102,0,"607102,"
607103,0,"607103,"
607104,0,"607104,"
607105,0,"607105,"
607106,0,"607106,"
607107,0,"607107,"
607108,0,"607108,"
607109,0,"607109,"
607112,0,"607112,"
607201,0,"607201,"
607202,0,"607202,"
607203,0,"607203,"
607204,0,"607204,"
607205,0,"607205,"
607209,0,"607209,"
607301,0,"607301,"
607302,0,"607302,"
607303,0,"607303,"
607308,0,"607308,"
607401,0,"607401,"
607402,0,"607402,"
607403,0,"607403,"
607801,0,"607801,"
607802,0,"607802,"
607803,0,"607803,"
607804,0,"607804,"
607805,0,"607805,"
607807,0,"607807,"
608001,0,"608001,"
608002,0,"608002,"
608102,0,"608102,"
608201,0,"608201,"
608301,0,"608301,"
608302,0,"608302,"
608303,0,"608303,"
608304,0,"608304,"
608305,0,"608305,"
608306,0,"608306,"
608401,0,"608401,"
608501,0,"608501,"
608502,0,"608502,"
608601,0,"608601,"
608602,0,"608602,"
608701,0,"608701,"
608702,0,"608702,"
608703,0,"608703,"
608704,0,"608704,"
608801,0,"608801,"
608901,0,"608901,"
609001,0,"609001,"
609003,0,"609003,"
609101,0,"609101,"
609102,0,"609102,"
609103,0,"609103,"
609104,0,"609104,"
609105,0,"609105,"
609106,0,"609106,"
609107,0,"609107,"
609108,0,"609108,"
609109,0,"609109,"
609110,0,"609110,"
609111,0,"609111,"
609112,0,"609112,"
609113,0,"609113,"
609114,0,"609114,"
609115,0,"609115,"
609116,0,"609116,"
609117,0,"609117,"
609118,0,"609118,"
609201,0,"609201,"
609202,0,"609202,"
609203,0,"609203,"
609204,0,"609204,"
609205,0,"609205,"
609301,0,"609301,"
609302,0,"609302,"
609303,0,"609303,"
609304,0,"609304,"
609305,0,"609305,"
609306,0,"609306,"
609307,0,"609307,"
609308,0,"609308,"
609309,0,"609309,"
609310,0,"609310,"
609311,0,"609311,"
609312,0,"609312,"
609313,0,"609313,"
609314,0,"609314,"
609401,0,"609401,"
609402,0,"609402,"
609403,0,"609403,"
609404,0,"609404,"
609405,0,"609405,"
609501,0,"609501,"
609502,0,"609502,"
609503,0,"609503,"
609504,0,"609504,"
609601,0,"609601,"
609602,0,"609602,"
609603,0,"609603,"
609604,0,"609604,"
609605,0,"609605,"
609606,0,"609606,"
609607,0,"609607,"
609608,0,"609608,"
609609,0,"609609,"
609701,0,"609701,"
609702,0,"609702,"
609703,0,"609703,"
609704,0,"609704,"
609801,0,"609801,"
609802,0,"609802,"
609803,0,"609803,"
609804,0,"609804,"
609805,0,"609805,"
609806,0,"609806,"
609807,0,"609807,"
609808,0,"609808,"
609810,0,"609810,"
609811,0,"609811,"
610001,0,"610001,"
610003,0,"610003,"
610004,0,"610004,"
610005,0,"610005,"
610101,0,"610101,"
610102,0,"610102,"
610103,0,"610103,"
610104,0,"610104,"
610105,0,"610105,"
610106,0,"610106,"
610107,0,"610107,"
610109,0,"610109,"
610201,0,"610201,"
610202,0,"610202,"
610203,0,"610203,"
610204,0,"610204,"
610205,0,"610205,"
610206,0,"610206,"
610207,0,"610207,"
611001,0,"611001,"
611002,0,"611002,"
611003,0,"611003,"
611101,0,"611101,"
611102,0,"611102,"
611103,0,"611103,"
611104,0,"611104,"
611105,0,"611105,"
611106,0,"611106,"
611108,0,"611108,"
611109,0,"611109,"
611110,0,"611110,"
611111,0,"611111,"
611112,0,"611112,"
612001,0,"612001,"
612002,0,"612002,"
612101,0,"612101,"
612102,0,"612102,"
612103,0,"612103,"
612104,0,"612104,"
612105,0,"612105,"
612106,0,"612106,"
612201,0,"612201,"
612202,0,"612202,"
612203,0,"612203,"
612204,0,"612204,"
612301,0,"612301,"
612302,0,"612302,"
612303,0,"612303,"
612401,0,"612401,"
612402,0,"612402,"
612501,0,"612501,"
612502,0,"612502,"
612503,0,"612503,"
612504,0,"612504,"
612601,0,"612601,"
612602,0,"612602,"
612603,0,"612603,"
612604,0,"612604,"
612605,0,"612605,"
612610,0,"612610,"
612701,0,"612701,"
612702,0,"612702,"
612703,0,"612703,"
612801,0,"612801,"
612802,0,"612802,"
612803,0,"612803,"
612804,0,"612804,"
612901,0,"612901,"
612902,0,"612902,"
612903,0,"612903,"
612904,0,"612904,"
612905,0,"612905,"
613001,0,"613001,"
613002,0,"613002,"
613003,0,"613003,"
613004,0,"613004,"
613005,0,"613005,"
613006,0,"613006,"
613007,0,"613007,"
613008,0,"613008,"
613009,0,"613009,"
613010,0,"613010,"
613101,0,"613101,"
613102,0,"613102,"
613103,0,"613103,"
613104,0,"613104,"
613105,0,"613105,"
613201,0,"613201,"
613202,0,"613202,"
613203,0,"613203,"
613204,0,"613204,"
613205,0,"613205,"
613301,0,"613301,"
613303,0,"613303,"
613401,0,"613401,"
613402,0,"613402,"
613403,0,"613403,"
613501,0,"613501,"
613502,0,"613502,"
613503,0,"613503,"
613504,0,"613504,"
613601,0,"613601,"
613602,0,"613602,"
613701,0,"613701,"
613702,0,"613702,"
613703,0,"613703,"
613704,0,"613704,"
613705,0,"613705,"
614001,0,"614001,"
614013,0,"614013,"
614014,0,"614014,"
614015,0,"614015,"
614016,0,"614016,"
614017,0,"614017,"
614018,0,"614018,"
614019,0,"614019,"
614020,0,"614020,"
614101,0,"614101,"
614102,0,"614102,"
614103,0,"614103,"
614201,0,"614201,"
614202,0,"614202,"
614203,0,"614203,"
614204,0,"614204,"
614205,0,"614205,"
614206,0,"614206,"
614207,0,"614207,"
614208,0,"614208,"
614210,0,"614210,"
614211,0,"614211,"
614301,0,"614301,"
614302,0,"614302,"
614303,0,"614303,"
614401,0,"614401,"
614402,0,"614402,"
614403,0,"614403,"
614404,0,"614404,"
614601,0,"614601,"
614602,0,"614602,"
614612,0,"614612,"
614613,0,"614613,"
614614,0,"614614,"
614615,0,"614615,"
614616,0,"614616,"
614617,0,"614617,"
614618,0,"614618,"
614619,0,"614619,"
614620,0,"614620,"
614621,0,"614621,"
614622,0,"614622,"
614623,0,"614623,"
614624,0,"614624,"
614625,0,"614625,"
614626,0,"614626,"
614628,0,"614628,"
614629,0,"614629,"
614630,0,"614630,"
614701,0,"614701,"
614702,0,"614702,"
614703,0,"614703,"
614704,0,"614704,"
614705,0,"614705,"
614706,0,"614706,"
614707,0,"614707,"
614708,0,"614708,"
614710,0,"614710,"
614711,0,"614711,"
614712,0,"614712,"
614713,0,"614713,"
614714,0,"614714,"
614715,0,"614715,"
614716,0,"614716,"
614717,0,"614717,"
614723,0,"614723,"
614738,0,"614738,"
614801,0,"614801,"
614802,0,"614802,"
614803,0,"614803,"
614804,0,"614804,"
614805,0,"614805,"
614806,0,"614806,"
614807,0,"614807,"
614808,0,"614808,"
614809,0,"614809,"
614810,0,"614810,"
614901,0,"614901,"
614902,0,"614902,"
614903,0,"614903,"
614904,0,"614904,"
614905,0,"614905,"
614906,0,"614906,"
620001,0,"620001,"
620002,0,"620002,"
620003,0,"620003,"
620004,0,"620004,"
620005,0,"620005,"
620006,0,"620006,"
620007,0,"620007,"
620008,0,"620008,"
620009,0,"620009,"
620010,0,"620010,"
620011,0,"620011,"
620012,0,"620012,"
620013,0,"620013,"
620014,0,"620014,"
620015,0,"620015,"
620016,0,"620016,"
620017,0,"620017,"
620018,0,"620018,"
620019,0,"620019,"
620020,0,"620020,"
620021,0,"620021,"
620022,0,"620022,"
620023,0,"620023,"
620024,0,"620024,"
620025,0,"620025,"
620026,0,"620026,"
620027,0,"620027,"
620101,0,"620101,"
620102,0,"620102,"
621001,0,"621001,"
621002,0,"621002,"
621003,0,"621003,"
621004,0,"621004,"
621005,0,"621005,"
621006,0,"621006,"
621007,0,"621007,"
621008,0,"621008,"
621009,0,"621009,"
621010,0,"621010,"
621011,0,"621011,"
621012,0,"621012,"
621014,0,"621014,"
621101,0,"621101,"
621102,0,"621102,"
621103,0,"621103,"
621104,0,"621104,"
621105,0,"621105,"
621106,0,"621106,"
621107,0,"621107,"
621108,0,"621108,"
621109,0,"621109,"
621110,0,"621110,"
621111,0,"621111,"
621112,0,"621112,"
621113,0,"621113,"
621114,0,"621114,"
621115,0,"621115,"
621116,0,"621116,"
621117,0,"621117,"
621118,0,"621118,"
621133,0,"621133,"
621202,0,"621202,"
621203,0,"621203,"
621204,0,"621204,"
621205,0,"621205,"
621206,0,"621206,"
621207,0,"621207,"
621208,0,"621208,"
621209,0,"621209,"
621210,0,"621210,"
621211,0,"621211,"
621212,0,"621212,"
621213,0,"621213,"
621214,0,"621214,"
621215,0,"621215,"
621216,0,"621216,"
621217,0,"621217,"
621218,0,"621218,"
621219,0,"621219,"
621220,0,"621220,"
621301,0,"621301,"
621302,0,"621302,"
621305,0,"621305,"
621306,0,"621306,"
621307,0,"621307,"
621308,0,"621308,"
621310,0,"621310,"
621311,0,"621311,"
621312,0,"621312,"
621313,0,"621313,"
621314,0,"621314,"
621315,0,"621315,"
621316,0,"621316,"
621601,0,"621601,"
621651,0,"621651,"
621652,0,"621652,"
621653,0,"621653,"
621701,0,"621701,"
621702,0,"621702,"
621703,0,"621703,"
621704,0,"621704,"
621705,0,"621705,"
621706,0,"621706,"
621707,0,"621707,"
621708,0,"621708,"
621709,0,"621709,"
621710,0,"621710,"
621711,0,"621711,"
621712,0,"621712,"
621713,0,"621713,"
621714,0,"621714,"
621715,0,"621715,"
621716,0,"621716,"
621717,0,"621717,"
621718,0,"621718,"
621719,0,"621719,"
621722,0,"621722,"
621729,0,"621729,"
621730,0,"621730,"
621731,0,"621731,"
621801,0,"621801,"
621802,0,"621802,"
621803,0,"621803,"
621804,0,"621804,"
621805,0,"621805,"
621806,0,"621806,"
621851,0,"621851,"
622001,0,"622001,"
622002,0,"622002,"
622003,0,"622003,"
622004,0,"622004,"
622005,0,"622005,"
622101,0,"622101,"
622102,0,"622102,"
622103,0,"622103,"
622104,0,"622104,"
622201,0,"622201,"
622202,0,"622202,"
622203,0,"622203,"
622204,0,"622204,"
622209,0,"622209,"
622301,0,"622301,"
622302,0,"622302,"
622303,0,"622303,"
622304,0,"622304,"
622401,0,"622401,"
622402,0,"622402,"
622403,0,"622403,"
622404,0,"622404,"
622407,0,"622407,"
622409,0,"622409,"
622411,0,"622411,"
622412,0,"622412,"
622422,0,"622422,"
622501,0,"622501,"
622502,0,"622502,"
622503,0,"622503,"
622504,0,"622504,"
622505,0,"622505,"
622506,0,"622506,"
622507,0,"622507,"
622515,0,"622515,"
623115,0,"623115,"
623120,0,"623120,"
623135,0,"623135,"
623308,0,"623308,"
623315,0,"623315,"
623401,0,"623401,"
623402,0,"623402,"
623403,0,"623403,"
623404,0,"623404,"
623406,0,"623406,"
623407,0,"623407,"
623409,0,"623409,"
623501,0,"623501,"
623502,0,"623502,"
623503,0,"623503,"
623504,0,"623504,"
623512,0,"623512,"
623513,0,"623513,"
623514,0,"623514,"
623515,0,"623515,"
623516,0,"623516,"
623517,0,"623517,"
623518,0,"623518,"
623519,0,"623519,"
623520,0,"623520,"
623521,0,"623521,"
623522,0,"623522,"
623523,0,"623523,"
623524,0,"623524,"
623525,0,"623525,"
623526,0,"623526,"
623527,0,"623527,"
623528,0,"623528,"
623529,0,"623529,"
623530,0,"623530,"
623531,0,"623531,"
623532,0,"623532,"
623533,0,"623533,"
623534,0,"623534,"
623536,0,"623536,"
623537,0,"623537,"
623538,0,"623538,"
623566,0,"623566,"
623601,0,"623601,"
623603,0,"623603,"
623604,0,"623604,"
623605,0,"623605,"
623608,0,"623608,"
623701,0,"623701,"
623703,0,"623703,"
623704,0,"623704,"
623705,0,"623705,"
623706,0,"623706,"
623707,0,"623707,"
623708,0,"623708,"
623711,0,"623711,"
623712,0,"623712,"
623806,0,"623806,"
624001,0,"624001,"
624002,0,"624002,"
624003,0,"624003,"
624004,0,"624004,"
624005,0,"624005,"
624101,0,"624101,"
624103,0,"624103,"
624201,0,"624201,"
624202,0,"624202,"
624204,0,"624204,"
624206,0,"624206,"
624208,0,"624208,"
624210,0,"624210,"
624211,0,"624211,"
624212,0,"624212,"
624215,0,"624215,"
624216,0,"624216,"
624219,0,"624219,"
624220,0,"624220,"
624301,0,"624301,"
624302,0,"624302,"
624303,0,"624303,"
624304,0,"624304,"
624306,0,"624306,"
624307,0,"624307,"
624308,0,"624308,"
624401,0,"624401,"
624402,0,"624402,"
624403,0,"624403,"
624601,0,"624601,"
624610,0,"624610,"
624612,0,"624612,"
624613,0,"624613,"
624614,0,"624614,"
624615,0,"624615,"
624616,0,"624616,"
624617,0,"624617,"
624618,0,"624618,"
624619,0,"624619,"
624620,0,"624620,"
624621,0,"624621,"
624622,0,"624622,"
624701,0,"624701,"
624702,0,"624702,"
624703,0,"624703,"
624704,0,"624704,"
624705,0,"624705,"
624706,0,"624706,"
624707,0,"624707,"
624708,0,"624708,"
624709,0,"624709,"
624710,0,"624710,"
624711,0,"624711,"
624712,0,"624712,"
624801,0,"624801,"
624802,0,"624802,"
625001,0,"625001,"
625002,0,"625002,"
625003,0,"625003,"
625004,0,"625004,"
625005,0,"625005,"
625006,0,"625006,"
625007,0,"625007,"
625008,0,"625008,"
625009,0,"625009,"
625011,0,"625011,"
625012,0,"625012,"
625014,0,"625014,"
625015,0,"625015,"
625016,0,"625016,"
625017,0,"625017,"
625018,0,"625018,"
625019,0,"625019,"
625020,0,"625020,"
625021,0,"625021,"
625022,0,"625022,"
625023,0,"625023,"
625101,0,"625101,"
625102,0,"625102,"
625103,0,"625103,"
625104,0,"625104,"
625105,0,"625105,"
625106,0,"625106,"
625107,0,"625107,"
625108,0,"625108,"
625109,0,"625109,"
625110,0,"625110,"
625122,0,"625122,"
625201,0,"625201,"
625203,0,"625203,"
625205,0,"625205,"
625207,0,"625207,"
625214,0,"625214,"
625218,0,"625218,"
625221,0,"625221,"
625234,0,"625234,"
625301,0,"625301,"
625402,0,"625402,"
625501,0,"625501,"
625503,0,"625503,"
625512,0,"625512,"
625513,0,"625513,"
625514,0,"625514,"
625515,0,"625515,"
625516,0,"625516,"
625517,0,"625517,"
625518,0,"625518,"
625519,0,"625519,"
625520,0,"625520,"
625521,0,"625521,"
625522,0,"625522,"
625523,0,"625523,"
625524,0,"625524,"
625525,0,"625525,"
625526,0,"625526,"
625527,0,"625527,"
625528,0,"625528,"
625529,0,"625529,"
625530,0,"625530,"
625531,0,"625531,"
625532,0,"625532,"
625533,0,"625533,"
625534,0,"625534,"
625535,0,"625535,"
625536,0,"625536,"
625537,0,"625537,"
625540,0,"625540,"
625556,0,"625556,"
625562,0,"625562,"
625579,0,"625579,"
625582,0,"625582,"
625601,0,"625601,"
625602,0,"625602,"
625603,0,"625603,"
625604,0,"625604,"
625605,0,"625605,"
625701,0,"625701,"
625702,0,"625702,"
625703,0,"625703,"
625704,0,"625704,"
625705,0,"625705,"
625706,0,"625706,"
625707,0,"625707,"
625708,0,"625708,"
626001,0,"626001,"
626002,0,"626002,"
626003,0,"626003,"
626004,0,"626004,"
626005,0,"626005,"
626101,0,"626101,"
626102,0,"626102,"
626103,0,"626103,"
626104,0,"626104,"
626105,0,"626105,"
626106,0,"626106,"
626107,0,"626107,"
626108,0,"626108,"
626109,0,"626109,"
626110,0,"626110,"
626111,0,"626111,"
626112,0,"626112,"
626113,0,"626113,"
626114,0,"626114,"
626115,0,"626115,"
626116,0,"626116,"
626117,0,"626117,"
626118,0,"626118,"
626119,0,"626119,"
626121,0,"626121,"
626122,0,"626122,"
626123,0,"626123,"
626124,0,"626124,"
626125,0,"626125,"
626126,0,"626126,"
626127,0,"626127,"
626128,0,"626128,"
626129,0,"626129,"
626130,0,"626130,"
626131,0,"626131,"
626132,0,"626132,"
626133,0,"626133,"
626134,0,"626134,"
626135,0,"626135,"
626136,0,"626136,"
626137,0,"626137,"
626138,0,"626138,"
626139,0,"626139,"
626140,0,"626140,"
626141,0,"626141,"
626142,0,"626142,"
626149,0,"626149,"
626161,0,"626161,"
626188,0,"626188,"
626189,0,"626189,"
626201,0,"626201,"
626202,0,"626202,"
626203,0,"626203,"
626204,0,"626204,"
626205,0,"626205,"
626607,0,"626607,"
626612,0,"626612,"
627001,0,"627001,"
627002,0,"627002,"
627003,0,"627003,"
627004,0,"627004,"
627005,0,"627005,"
627006,0,"627006,"
627007,0,"627007,"
627008,0,"627008,"
627009,0,"627009,"
627010,0,"627010,"
627011,0,"627011,"
627012,0,"627012,"
627101,0,"627101,"
627102,0,"627102,"
627103,0,"627103,"
627104,0,"627104,"
627105,0,"627105,"
627106,0,"627106,"
627107,0,"627107,"
627108,0,"627108,"
627109,0,"627109,"
627110,0,"627110,"
627111,0,"627111,"
627112,0,"627112,"
627113,0,"627113,"
627114,0,"627114,"
627115,0,"627115,"
627116,0,"627116,"
627117,0,"627117,"
627118,0,"627118,"
627119,0,"627119,"
627120,0,"627120,"
627127,0,"627127,"
627133,0,"627133,"
627151,0,"627151,"
627152,0,"627152,"
627201,0,"627201,"
627202,0,"627202,"
627351,0,"627351,"
627352,0,"627352,"
627353,0,"627353,"
627354,0,"627354,"
627355,0,"627355,"
627356,0,"627356,"
627357,0,"627357,"
627358,0,"627358,"
627359,0,"627359,"
627401,0,"627401,"
627412,0,"627412,"
627413,0,"627413,"
627414,0,"627414,"
627415,0,"627415,"
627416,0,"627416,"
627417,0,"627417,"
627418,0,"627418,"
627420,0,"627420,"
627421,0,"627421,"
627422,0,"627422,"
627423,0,"627423,"
627424,0,"627424,"
627425,0,"627425,"
627426,0,"627426,"
627427,0,"627427,"
627428,0,"627428,"
627451,0,"627451,"
627452,0,"627452,"
627453,0,"627453,"
627501,0,"627501,"
627502,0,"627502,"
627601,0,"627601,"
627602,0,"627602,"
627603,0,"627603,"
627604,0,"627604,"
627651,0,"627651,"
627652,0,"627652,"
627654,0,"627654,"
627657,0,"627657,"
627713,0,"627713,"
627719,0,"627719,"
627751,0,"627751,"
627753,0,"627753,"
627754,0,"627754,"
627755,0,"627755,"
627756,0,"627756,"
627757,0,"627757,"
627758,0,"627758,"
627759,0,"627759,"
627760,0,"627760,"
627761,0,"627761,"
627764,0,"627764,"
627802,0,"627802,"
627803,0,"627803,"
627804,0,"627804,"
627805,0,"627805,"
627806,0,"627806,"
627807,0,"627807,"
627808,0,"627808,"
627809,0,"627809,"
627811,0,"627811,"
627812,0,"627812,"
627813,0,"627813,"
627814,0,"627814,"
627818,0,"627818,"
627851,0,"627851,"
627852,0,"627852,"
627853,0,"627853,"
627854,0,"627854,"
627855,0,"627855,"
627856,0,"627856,"
627857,0,"627857,"
627858,0,"627858,"
627859,0,"627859,"
627860,0,"627860,"
627861,0,"627861,"
627862,0,"627862,"
627951,0,"627951,"
627953,0,"627953,"
628001,0,"628001,"
628002,0,"628002,"
628003,0,"628003,"
628004,0,"628004,"
628005,0,"628005,"
628006,0,"628006,"
628007,0,"628007,"
628008,0,"628008,"
628101,0,"628101,"
628102,0,"628102,"
628103,0,"628103,"
628104,0,"628104,"
628105,0,"628105,"
628151,0,"628151,"
628152,0,"628152,"
628201,0,"628201,"
628202,0,"628202,"
628203,0,"628203,"
628204,0,"628204,"
628205,0,"628205,"
628206,0,"628206,"
628207,0,"628207,"
628208,0,"628208,"
628209,0,"628209,"
628210,0,"628210,"
628211,0,"628211,"
628212,0,"628212,"
628213,0,"628213,"
628215,0,"628215,"
628216,0,"628216,"
628217,0,"628217,"
628218,0,"628218,"
628219,0,"628219,"
628229,0,"628229,"
628251,0,"628251,"
628252,0,"628252,"
628301,0,"628301,"
628302,0,"628302,"
628303,0,"628303,"
628304,0,"628304,"
628401,0,"628401,"
628402,0,"628402,"
628501,0,"628501,"
628502,0,"628502,"
628503,0,"628503,"
628552,0,"628552,"
628601,0,"628601,"
628612,0,"628612,"
628613,0,"628613,"
628614,0,"628614,"
628615,0,"628615,"
628616,0,"628616,"
628617,0,"628617,"
628618,0,"628618,"
628619,0,"628619,"
628620,0,"628620,"
628621,0,"628621,"
628622,0,"628622,"
628623,0,"628623,"
628653,0,"628653,"
628656,0,"628656,"
628701,0,"628701,"
628702,0,"628702,"
628703,0,"628703,"
628704,0,"628704,"
628712,0,"628712,"
628714,0,"628714,"
628716,0,"628716,"
628718,0,"628718,"
628720,0,"628720,"
628721,0,"628721,"
628722,0,"628722,"
628751,0,"628751,"
628752,0,"628752,"
628753,0,"628753,"
628801,0,"628801,"
628802,0,"628802,"
628809,0,"628809,"
628851,0,"628851,"
628901,0,"628901,"
628902,0,"628902,"
628903,0,"628903,"
628904,0,"628904,"
628905,0,"628905,"
628906,0,"628906,"
628907,0,"628907,"
628908,0,"628908,"
628952,0,"628952,"
629001,0,"629001,"
629002,0,"629002,"
629003,0,"629003,"
629004,0,"629004,"
629101,0,"629101,"
629102,0,"629102,"
629151,0,"629151,"
629152,0,"629152,"
629153,0,"629153,"
629154,0,"629154,"
629155,0,"629155,"
629156,0,"629156,"
629157,0,"629157,"
629158,0,"629158,"
629159,0,"629159,"
629160,0,"629160,"
629161,0,"629161,"
629162,0,"629162,"
629163,0,"629163,"
629164,0,"629164,"
629165,0,"629165,"
629166,0,"629166,"
629167,0,"629167,"
629168,0,"629168,"
629169,0,"629169,"
629170,0,"629170,"
629171,0,"629171,"
629172,0,"629172,"
629173,0,"629173,"
629174,0,"629174,"
629175,0,"629175,"
629176,0,"629176,"
629177,0,"629177,"
629178,0,"629178,"
629179,0,"629179,"
629180,0,"629180,"
629193,0,"629193,"
629201,0,"629201,"
629202,0,"629202,"
629203,0,"629203,"
629204,0,"629204,"
629251,0,"629251,"
629252,0,"629252,"
629301,0,"629301,"
629302,0,"629302,"
629401,0,"629401,"
629402,0,"629402,"
629403,0,"629403,"
629501,0,"629501,"
629502,0,"629502,"
629601,0,"629601,"
629602,0,"629602,"
629701,0,"629701,"
629702,0,"629702,"
629703,0,"629703,"
629704,0,"629704,"
629801,0,"629801,"
629802,0,"629802,"
629803,0,"629803,"
629804,0,"629804,"
629809,0,"629809,"
629810,0,"629810,"
629851,0,"629851,"
629852,0,"629852,"
629901,0,"629901,"
630001,0,"630001,"
630002,0,"630002,"
630003,0,"630003,"
630005,0,"630005,"
630101,0,"630101,"
630102,0,"630102,"
630103,0,"630103,"
630104,0,"630104,"
630105,0,"630105,"
630106,0,"630106,"
630107,0,"630107,"
630108,0,"630108,"
630201,0,"630201,"
630202,0,"630202,"
630203,0,"630203,"
630204,0,"630204,"
630205,0,"630205,"
630206,0,"630206,"
630207,0,"630207,"
630208,0,"630208,"
630210,0,"630210,"
630211,0,"630211,"
630212,0,"630212,"
630301,0,"630301,"
630302,0,"630302,"
630303,0,"630303,"
630305,0,"630305,"
630306,0,"630306,"
630307,0,"630307,"
630309,0,"630309,"
630311,0,"630311,"
630312,0,"630312,"
630313,0,"630313,"
630314,0,"630314,"
630321,0,"630321,"
630405,0,"630405,"
630408,0,"630408,"
630410,0,"630410,"
630411,0,"630411,"
630501,0,"630501,"
630502,0,"630502,"
630551,0,"630551,"
630552,0,"630552,"
630553,0,"630553,"
630554,0,"630554,"
630555,0,"630555,"
630556,0,"630556,"
630557,0,"630557,"
630558,0,"630558,"
630559,0,"630559,"
630561,0,"630561,"
630562,0,"630562,"
630566,0,"630566,"
630602,0,"630602,"
630606,0,"630606,"
630609,0,"630609,"
630610,0,"630610,"
630611,0,"630611,"
630612,0,"630612,"
630702,0,"630702,"
630709,0,"630709,"
630710,0,"630710,"
630713,0,"630713,"
631001,0,"631001,"
631002,0,"631002,"
631003,0,"631003,"
631004,0,"631004,"
631005,0,"631005,"
631006,0,"631006,"
631051,0,"631051,"
631052,0,"631052,"
631101,0,"631101,"
631102,0,"631102,"
631151,0,"631151,"
631152,0,"631152,"
631201,0,"631201,"
631202,0,"631202,"
631203,0,"631203,"
631204,0,"631204,"
631205,0,"631205,"
631206,0,"631206,"
631207,0,"631207,"
631208,0,"631208,"
631209,0,"631209,"
631210,0,"631210,"
631211,0,"631211,"
631212,0,"631212,"
631213,0,"631213,"
631301,0,"631301,"
631302,0,"631302,"
631303,0,"631303,"
631304,0,"631304,"
631402,0,"631402,"
631501,0,"631501,"
631502,0,"631502,"
631551,0,"631551,"
631552,0,"631552,"
631553,0,"631553,"
631561,0,"631561,"
631601,0,"631601,"
631603,0,"631603,"
631604,0,"631604,"
631605,0,"631605,"
631606,0,"631606,"
631701,0,"631701,"
631702,0,"631702,"
632001,0,"632001,"
632002,0,"632002,"
632004,0,"632004,"
632006,0,"632006,"
632007,0,"632007,"
632008,0,"632008,"
632009,0,"632009,"
632010,0,"632010,"
632011,0,"632011,"
632012,0,"632012,"
632013,0,"632013,"
632014,0,"632014,"
632055,0,"632055,"
632057,0,"632057,"
632058,0,"632058,"
632059,0,"632059,"
632101,0,"632101,"
632102,0,"632102,"
632103,0,"632103,"
632104,0,"632104,"
632105,0,"632105,"
632106,0,"632106,"
632107,0,"632107,"
632113,0,"632113,"
632114,0,"632114,"
632115,0,"632115,"
632201,0,"632201,"
632202,0,"632202,"
632203,0,"632203,"
632204,0,"632204,"
632209,0,"632209,"
632301,0,"632301,"
632311,0,"632311,"
632312,0,"632312,"
632313,0,"632313,"
632314,0,"632314,"
632315,0,"632315,"
632316,0,"632316,"
632317,0,"632317,"
632318,0,"632318,"
632319,0,"632319,"
632326,0,"632326,"
632401,0,"632401,"
632403,0,"632403,"
632404,0,"632404,"
632405,0,"632405,"
632406,0,"632406,"
632501,0,"632501,"
632502,0,"632502,"
632503,0,"632503,"
632504,0,"632504,"
632505,0,"632505,"
632506,0,"632506,"
632507,0,"632507,"
632508,0,"632508,"
632509,0,"632509,"
632510,0,"632510,"
632511,0,"632511,"
632512,0,"632512,"
632513,0,"632513,"
632514,0,"632514,"
632515,0,"632515,"
632516,0,"632516,"
632517,0,"632517,"
632518,0,"632518,"
632519,0,"632519,"
632520,0,"632520,"
632521,0,"632521,"
632531,0,"632531,"
632601,0,"632601,"
632602,0,"632602,"
632603,0,"632603,"
632604,0,"632604,"
635001,0,"635001,"
635002,0,"635002,"
635101,0,"635101,"
635102,0,"635102,"
635103,0,"635103,"
635104,0,"635104,"
635105,0,"635105,"
635106,0,"635106,"
635107,0,"635107,"
635108,0,"635108,"
635109,0,"635109,"
635110,0,"635110,"
635111,0,"635111,"
635112,0,"635112,"
635113,0,"635113,"
635114,0,"635114,"
635115,0,"635115,"
635116,0,"635116,"
635117,0,"635117,"
635118,0,"635118,"
635119,0,"635119,"
635120,0,"635120,"
635121,0,"635121,"
635122,0,"635122,"
635123,0,"635123,"
635124,0,"635124,"
635126,0,"635126,"
635130,0,"635130,"
635201,0,"635201,"
635202,0,"635202,"
635203,0,"635203,"
635204,0,"635204,"
635205,0,"635205,"
635206,0,"635206,"
635207,0,"635207,"
635301,0,"635301,"
635302,0,"635302,"
635303,0,"635303,"
635304,0,"635304,"
635305,0,"635305,"
635306,0,"635306,"
635307,0,"635307,"
635601,0,"635601,"
635602,0,"635602,"
635651,0,"635651,"
635652,0,"635652,"
635653,0,"635653,"
635654,0,"635654,"
635655,0,"635655,"
635701,0,"635701,"
635702,0,"635702,"
635703,0,"635703,"
635710,0,"635710,"
635751,0,"635751,"
635752,0,"635752,"
635754,0,"635754,"
635801,0,"635801,"
635802,0,"635802,"
635803,0,"635803,"
635804,0,"635804,"
635805,0,"635805,"
635806,0,"635806,"
635807,0,"635807,"
635808,0,"635808,"
635809,0,"635809,"
635810,0,"635810,"
635811,0,"635811,"
635812,0,"635812,"
635813,0,"635813,"
635814,0,"635814,"
635815,0,"635815,"
635851,0,"635851,"
635852,0,"635852,"
635853,0,"635853,"
635854,0,"635854,"
635901,0,"635901,"
636001,0,"636001,"
636002,0,"636002,"
636003,0,"636003,"
636004,0,"636004,"
636005,0,"636005,"
636006,0,"636006,"
636007,0,"636007,"
636008,0,"636008,"
636009,0,"636009,"
636010,0,"636010,"
636011,0,"636011,"
636012,0,"636012,"
636013,0,"636013,"
636014,0,"636014,"
636015,0,"636015,"
636016,0,"636016,"
636017,0,"636017,"
636030,0,"636030,"
636101,0,"636101,"
636102,0,"636102,"
636103,0,"636103,"
636104,0,"636104,"
636105,0,"636105,"
636106,0,"636106,"
636107,0,"636107,"
636108,0,"636108,"
636109,0,"636109,"
636110,0,"636110,"
636111,0,"636111,"
636112,0,"636112,"
636113,0,"636113,"
636114,0,"636114,"
636115,0,"636115,"
636116,0,"636116,"
636117,0,"636117,"
636118,0,"636118,"
636119,0,"636119,"
636121,0,"636121,"
636122,0,"636122,"
636138,0,"636138,"
636139,0,"636139,"
636140,0,"636140,"
636141,0,"636141,"
636142,0,"636142,"
636201,0,"636201,"
636202,0,"636202,"
636203,0,"636203,"
636204,0,"636204,"
636301,0,"636301,"
636302,0,"636302,"
636303,0,"636303,"
636304,0,"636304,"
636305,0,"636305,"
636306,0,"636306,"
636307,0,"636307,"
636308,0,"636308,"
636309,0,"636309,"
636351,0,"636351,"
636352,0,"636352,"
636354,0,"636354,"
636401,0,"636401,"
636402,0,"636402,"
636403,0,"636403,"
636404,0,"636404,"
636406,0,"636406,"
636451,0,"636451,"
636452,0,"636452,"
636453,0,"636453,"
636454,0,"636454,"
636455,0,"636455,"
636456,0,"636456,"
636457,0,"636457,"
636458,0,"636458,"
636501,0,"636501,"
636502,0,"636502,"
636503,0,"636503,"
636601,0,"636601,"
636602,0,"636602,"
636701,0,"636701,"
636704,0,"636704,"
636705,0,"636705,"
636803,0,"636803,"
636804,0,"636804,"
636805,0,"636805,"
636806,0,"636806,"
636807,0,"636807,"
636808,0,"636808,"
636809,0,"636809,"
636810,0,"636810,"
636811,0,"636811,"
636812,0,"636812,"
636813,0,"636813,"
636902,0,"636902,"
636903,0,"636903,"
636904,0,"636904,"
636905,0,"636905,"
636906,0,"636906,"
637001,0,"637001,"
637002,0,"637002,"
637003,0,"637003,"
637013,0,"637013,"
637014,0,"637014,"
637015,0,"637015,"
637017,0,"637017,"
637018,0,"637018,"
637019,0,"637019,"
637020,0,"637020,"
637021,0,"637021,"
637101,0,"637101,"
637102,0,"637102,"
637103,0,"637103,"
637104,0,"637104,"
637105,0,"637105,"
637107,0,"637107,"
637201,0,"637201,"
637202,0,"637202,"
637203,0,"637203,"
637204,0,"637204,"
637205,0,"637205,"
637206,0,"637206,"
637207,0,"637207,"
637208,0,"637208,"
637209,0,"637209,"
637210,0,"637210,"
637211,0,"637211,"
637212,0,"637212,"
637213,0,"637213,"
637214,0,"637214,"
637215,0,"637215,"
637301,0,"637301,"
637302,0,"637302,"
637303,0,"637303,"
637304,0,"637304,"
637401,0,"637401,"
637402,0,"637402,"
637403,0,"637403,"
637404,0,"637404,"
637405,0,"637405,"
637406,0,"637406,"
637407,0,"637407,"
637408,0,"637408,"
637409,0,"637409,"
637410,0,"637410,"
637411,0,"637411,"
637412,0,"637412,"
637415,0,"637415,"
637501,0,"637501,"
637502,0,"637502,"
637503,0,"637503,"
637504,0,"637504,"
637505,0,"637505,"
638001,0,"638001,"
638002,0,"638002,"
638003,0,"638003,"
638004,0,"638004,"
638005,0,"638005,"
638006,0,"638006,"
638007,0,"638007,"
638008,0,"638008,"
638009,0,"638009,"
638010,0,"638010,"
638011,0,"638011,"
638012,0,"638012,"
638051,0,"638051,"
638052,0,"638052,"
638053,0,"638053,"
638054,0,"638054,"
638055,0,"638055,"
638056,0,"638056,"
638057,0,"638057,"
638060,0,"638060,"
638101,0,"638101,"
638102,0,"638102,"
638103,0,"638103,"
638104,0,"638104,"
638105,0,"638105,"
638106,0,"638106,"
638107,0,"638107,"
638108,0,"638108,"
638109,0,"638109,"
638110,0,"638110,"
638111,0,"638111,"
638112,0,"638112,"
638115,0,"638115,"
638116,0,"638116,"
638151,0,"638151,"
638152,0,"638152,"
638153,0,"638153,"
638154,0,"638154,"
638181,0,"638181,"
638182,0,"638182,"
638183,0,"638183,"
638301,0,"638301,"
638311,0,"638311,"
638312,0,"638312,"
638313,0,"638313,"
638314,0,"638314,"
638315,0,"638315,"
638316,0,"638316,"
638401,0,"638401,"
638402,0,"638402,"
638451,0,"638451,"
638452,0,"638452,"
638453,0,"638453,"
638454,0,"638454,"
638455,0,"638455,"
638456,0,"638456,"
638457,0,"638457,"
638458,0,"638458,"
638459,0,"638459,"
638460,0,"638460,"
638461,0,"638461,"
638462,0,"638462,"
638476,0,"638476,"
638501,0,"638501,"
638502,0,"638502,"
638503,0,"638503,"
638504,0,"638504,"
638505,0,"638505,"
638506,0,"638506,"
638656,0,"638656,"
638657,0,"638657,"
638660,0,"638660,"
638661,0,"638661,"
638672,0,"638672,"
638673,0,"638673,"
638701,0,"638701,"
638702,0,"638702,"
638703,0,"638703,"
638706,0,"638706,"
638751,0,"638751,"
638752,0,"638752,"
638812,0,"638812,"
639001,0,"639001,"
639002,0,"639002,"
639003,0,"639003,"
639004,0,"639004,"
639005,0,"639005,"
639006,0,"639006,"
639007,0,"639007,"
639008,0,"639008,"
639101,0,"639101,"
639102,0,"639102,"
639103,0,"639103,"
639104,0,"639104,"
639105,0,"639105,"
639107,0,"639107,"
639108,0,"639108,"
639109,0,"639109,"
639110,0,"639110,"
639111,0,"639111,"
639112,0,"639112,"
639113,0,"639113,"
639114,0,"639114,"
639115,0,"639115,"
639116,0,"639116,"
639117,0,"639117,"
639118,0,"639118,"
639119,0,"639119,"
639120,0,"639120,"
639136,0,"639136,"
639201,0,"639201,"
639202,0,"639202,"
639203,0,"639203,"
639205,0,"639205,"
639206,0,"639206,"
639207,0,"639207,"
641001,0,"641001,"
641002,0,"641002,"
641003,0,"641003,"
641004,0,"641004,"
641005,0,"641005,"
641006,0,"641006,"
641007,0,"641007,"
641008,0,"641008,"
641009,0,"641009,"
641010,0,"641010,"
641011,0,"641011,"
641012,0,"641012,"
641013,0,"641013,"
641014,0,"641014,"
641015,0,"641015,"
641016,0,"641016,"
641017,0,"641017,"
641018,0,"641018,"
641019,0,"641019,"
641020,0,"641020,"
641021,0,"641021,"
641022,0,"641022,"
641023,0,"641023,"
641024,0,"641024,"
641025,0,"641025,"
641026,0,"641026,"
641027,0,"641027,"
641028,0,"641028,"
641029,0,"641029,"
641030,0,"641030,"
641031,0,"641031,"
641032,0,"641032,"
641033,0,"641033,"
641034,0,"641034,"
641035,0,"641035,"
641036,0,"641036,"
641037,0,"641037,"
641038,0,"641038,"
641039,0,"641039,"
641041,0,"641041,"
641042,0,"641042,"
641043,0,"641043,"
641044,0,"641044,"
641045,0,"641045,"
641046,0,"641046,"
641047,0,"641047,"
641048,0,"641048,"
641049,0,"641049,"
641050,0,"641050,"
641062,0,"641062,"
641101,0,"641101,"
641103,0,"641103,"
641104,0,"641104,"
641105,0,"641105,"
641107,0,"641107,"
641108,0,"641108,"
641109,0,"641109,"
641110,0,"641110,"
641111,0,"641111,"
641112,0,"641112,"
641113,0,"641113,"
641114,0,"641114,"
641201,0,"641201,"
641202,0,"641202,"
641301,0,"641301,"
641302,0,"641302,"
641305,0,"641305,"
641401,0,"641401,"
641402,0,"641402,"
641407,0,"641407,"
641601,0,"641601,"
641602,0,"641602,"
641603,0,"641603,"
641604,0,"641604,"
641605,0,"641605,"
641606,0,"641606,"
641607,0,"641607,"
641652,0,"641652,"
641653,0,"641653,"
641654,0,"641654,"
641655,0,"641655,"
641658,0,"641658,"
641659,0,"641659,"
641662,0,"641662,"
641663,0,"641663,"
641664,0,"641664,"
641665,0,"641665,"
641666,0,"641666,"
641667,0,"641667,"
641668,0,"641668,"
641669,0,"641669,"
641670,0,"641670,"
641671,0,"641671,"
641687,0,"641687,"
641697,0,"641697,"
642001,0,"642001,"
642002,0,"642002,"
642003,0,"642003,"
642004,0,"642004,"
642005,0,"642005,"
642006,0,"642006,"
642007,0,"642007,"
642101,0,"642101,"
642102,0,"642102,"
642103,0,"642103,"
642104,0,"642104,"
642105,0,"642105,"
642106,0,"642106,"
642107,0,"642107,"
642108,0,"642108,"
642109,0,"642109,"
642110,0,"642110,"
642111,0,"642111,"
642112,0,"642112,"
642113,0,"642113,"
642114,0,"642114,"
642117,0,"642117,"
642120,0,"642120,"
642122,0,"642122,"
642123,0,"642123,"
642125,0,"642125,"
642126,0,"642126,"
642127,0,"642127,"
642128,0,"642128,"
642129,0,"642129,"
642130,0,"642130,"
642132,0,"642132,"
642133,0,"642133,"
642134,0,"642134,"
642154,0,"642154,"
642201,0,"642201,"
642202,0,"642202,"
642203,0,"642203,"
642204,0,"642204,"
642205,0,"642205,"
642206,0,"642206,"
642207,0,"642207,"
643001,0,"643001,"
643002,0,"643002,"
643003,0,"643003,"
643004,0,"643004,"
643005,0,"643005,"
643006,0,"643006,"
643007,0,"643007,"
643101,0,"643101,"
643102,0,"643102,"
643103,0,"643103,"
643105,0,"643105,"
643201,0,"643201,"
643202,0,"643202,"
643203,0,"643203,"
643204,0,"643204,"
643205,0,"643205,"
643206,0,"643206,"
643207,0,"643207,"
643209,0,"643209,"
643211,0,"643211,"
643212,0,"643212,"
643213,0,"643213,"
643214,0,"643214,"
643215,0,"643215,"
643216,0,"643216,"
643217,0,"643217,"
643218,0,"643218,"
643219,0,"643219,"
643220,0,"643220,"
643221,0,"643221,"
643223,0,"643223,"
643224,0,"643224,"
643225,0,"643225,"
643226,0,"643226,"
643231,0,"643231,"
643233,0,"643233,"
643236,0,"643236,"
643237,0,"643237,"
643238,0,"643238,"
643239,0,"643239,"
643240,0,"643240,"
643241,0,"643241,"
643242,0,"643242,"
643243,0,"643243,"
643253,0,"643253,"
643270,0,"643270,"
670001,0,"670001,"
670002,0,"670002,"
670003,0,"670003,"
670004,0,"670004,"
670005,0,"670005,"
670006,0,"670006,"
670007,0,"670007,"
670008,0,"670008,"
670009,0,"670009,"
670010,0,"670010,"
670011,0,"670011,"
670012,0,"670012,"
670013,0,"670013,"
670014,0,"670014,"
670017,0,"670017,"
670018,0,"670018,"
670101,0,"670101,"
670102,0,"670102,"
670103,0,"670103,"
670104,0,"670104,"
670105,0,"670105,"
670106,0,"670106,"
670107,0,"670107,"
670141,0,"670141,"
670142,0,"670142,"
670143,0,"670143,"
670301,0,"670301,"
670302,0,"670302,"
670303,0,"670303,"
670304,0,"670304,"
670305,0,"670305,"
670306,0,"670306,"
670307,0,"670307,"
670308,0,"670308,"
670309,0,"670309,"
670310,0,"670310,"
670325,0,"670325,"
670327,0,"670327,"
670331,0,"670331,"
670334,0,"670334,"
670353,0,"670353,"
670358,0,"670358,"
670501,0,"670501,"
670502,0,"670502,"
670503,0,"670503,"
670504,0,"670504,"
670511,0,"670511,"
670521,0,"670521,"
670561,0,"670561,"
670562,0,"670562,"
670563,0,"670563,"
670567,0,"670567,"
670571,0,"670571,"
670581,0,"670581,"
670582,0,"670582,"
670591,0,"670591,"
670592,0,"670592,"
670593,0,"670593,"
670594,0,"670594,"
670595,0,"670595,"
670601,0,"670601,"
670602,0,"670602,"
670604,0,"670604,"
670611,0,"670611,"
670612,0,"670612,"
670613,0,"670613,"
670621,0,"670621,"
670622,0,"670622,"
670631,0,"670631,"
670632,0,"670632,"
670633,0,"670633,"
670641,0,"670641,"
670642,0,"670642,"
670643,0,"670643,"
670644,0,"670644,"
670645,0,"670645,"
670646,0,"670646,"
670649,0,"670649,"
670650,0,"670650,"
670651,0,"670651,"
670661,0,"670661,"
670662,0,"670662,"
670663,0,"670663,"
670671,0,"670671,"
670672,0,"670672,"
670673,0,"670673,"
670674,0,"670674,"
670675,0,"670675,"
670676,0,"670676,"
670691,0,"670691,"
670692,0,"670692,"
670693,0,"670693,"
670694,0,"670694,"
670701,0,"670701,"
670702,0,"670702,"
670703,0,"670703,"
670704,0,"670704,"
670705,0,"670705,"
670706,0,"670706,"
670721,0,"670721,"
670731,0,"670731,"
670741,0,"670741,"
671121,0,"671121,"
671122,0,"671122,"
671123,0,"671123,"
671124,0,"671124,"
671310,0,"671310,"
671311,0,"671311,"
671312,0,"671312,"
671313,0,"671313,"
671314,0,"671314,"
671315,0,"671315,"
671316,0,"671316,"
671317,0,"671317,"
671318,0,"671318,"
671319,0,"671319,"
671320,0,"671320,"
671321,0,"671321,"
671322,0,"671322,"
671323,0,"671323,"
671324,0,"671324,"
671326,0,"671326,"
671348,0,"671348,"
671351,0,"671351,"
671531,0,"671531,"
671532,0,"671532,"
671533,0,"671533,"
671534,0,"671534,"
671541,0,"671541,"
671542,0,"671542,"
671543,0,"671543,"
671551,0,"671551,"
671552,0,"671552,"
673001,0,"673001,"
673002,0,"673002,"
673003,0,"673003,"
673004,0,"673004,"
673005,0,"673005,"
673006,0,"673006,"
673007,0,"673007,"
673008,0,"673008,"
673009,0,"673009,"
673010,0,"673010,"
673011,0,"673011,"
673012,0,"673012,"
673014,0,"673014,"
673015,0,"673015,"
673016,0,"673016,"
673017,0,"673017,"
673018,0,"673018,"
673019,0,"673019,"
673020,0,"673020,"
673021,0,"673021,"
673027,0,"673027,"
673028,0,"673028,"
673029,0,"673029,"
673032,0,"673032,"
673051,0,"673051,"
673101,0,"673101,"
673102,0,"673102,"
673103,0,"673103,"
673104,0,"673104,"
673105,0,"673105,"
673106,0,"673106,"
673121,0,"673121,"
673122,0,"673122,"
673123,0,"673123,"
673124,0,"673124,"
673301,0,"673301,"
673302,0,"673302,"
673303,0,"673303,"
673304,0,"673304,"
673305,0,"673305,"
673306,0,"673306,"
673307,0,"673307,"
673308,0,"673308,"
673309,0,"673309,"
673310,0,"673310,"
673311,0,"673311,"
673312,0,"673312,"
673313,0,"673313,"
673314,0,"673314,"
673315,0,"673315,"
673316,0,"673316,"
673317,0,"673317,"
673323,0,"673323,"
673328,0,"673328,"
673501,0,"673501,"
673502,0,"673502,"
673503,0,"673503,"
673504,0,"673504,"
673505,0,"673505,"
673506,0,"673506,"
673507,0,"673507,"
673508,0,"673508,"
673509,0,"673509,"
673513,0,"673513,"
673517,0,"673517,"
673521,0,"673521,"
673522,0,"673522,"
673523,0,"673523,"
673524,0,"673524,"
673525,0,"673525,"
673526,0,"673526,"
673527,0,"673527,"
673528,0,"673528,"
673529,0,"673529,"
673541,0,"673541,"
673542,0,"673542,"
673570,0,"673570,"
673571,0,"673571,"
673572,0,"673572,"
673573,0,"673573,"
673574,0,"673574,"
673575,0,"673575,"
673576,0,"673576,"
673577,0,"673577,"
673579,0,"673579,"
673580,0,"673580,"
673581,0,"673581,"
673582,0,"673582,"
673585,0,"673585,"
673586,0,"673586,"
673591,0,"673591,"
673592,0,"673592,"
673593,0,"673593,"
673595,0,"673595,"
673596,0,"673596,"
673601,0,"673601,"
673602,0,"673602,"
673603,0,"673603,"
673604,0,"673604,"
673611,0,"673611,"
673612,0,"673612,"
673613,0,"673613,"
673614,0,"673614,"
673615,0,"673615,"
673616,0,"673616,"
673620,0,"673620,"
673631,0,"673631,"
673632,0,"673632,"
673633,0,"673633,"
673634,0,"673634,"
673635,0,"673635,"
673636,0,"673636,"
673637,0,"673637,"
673638,0,"673638,"
673639,0,"673639,"
673640,0,"673640,"
673641,0,"673641,"
673642,0,"673642,"
673645,0,"673645,"
673647,0,"673647,"
673655,0,"673655,"
673661,0,"673661,"
676101,0,"676101,"
676102,0,"676102,"
676103,0,"676103,"
676104,0,"676104,"
676105,0,"676105,"
676106,0,"676106,"
676107,0,"676107,"
676108,0,"676108,"
676109,0,"676109,"
676121,0,"676121,"
676122,0,"676122,"
676123,0,"676123,"
676301,0,"676301,"
676302,0,"676302,"
676303,0,"676303,"
676304,0,"676304,"
676305,0,"676305,"
676306,0,"676306,"
676307,0,"676307,"
676309,0,"676309,"
676311,0,"676311,"
676312,0,"676312,"
676317,0,"676317,"
676319,0,"676319,"
676320,0,"676320,"
676501,0,"676501,"
676502,0,"676502,"
676503,0,"676503,"
676504,0,"676504,"
676505,0,"676505,"
676506,0,"676506,"
676507,0,"676507,"
676508,0,"676508,"
676509,0,"676509,"
676510,0,"676510,"
676517,0,"676517,"
676519,0,"676519,"
676521,0,"676521,"
676522,0,"676522,"
676523,0,"676523,"
676525,0,"676525,"
676528,0,"676528,"
676541,0,"676541,"
676542,0,"676542,"
676551,0,"676551,"
676552,0,"676552,"
676553,0,"676553,"
676561,0,"676561,"
676562,0,"676562,"
678001,0,"678001,"
678002,0,"678002,"
678003,0,"678003,"
678004,0,"678004,"
678005,0,"678005,"
678006,0,"678006,"
678007,0,"678007,"
678008,0,"678008,"
678009,0,"678009,"
678010,0,"678010,"
678011,0,"678011,"
678012,0,"678012,"
678013,0,"678013,"
678014,0,"678014,"
678101,0,"678101,"
678102,0,"678102,"
678103,0,"678103,"
678104,0,"678104,"
678501,0,"678501,"
678502,0,"678502,"
678503,0,"678503,"
678504,0,"678504,"
678505,0,"678505,"
678506,0,"678506,"
678507,0,"678507,"
678508,0,"678508,"
678510,0,"678510,"
678512,0,"678512,"
678531,0,"678531,"
678532,0,"678532,"
678533,0,"678533,"
678534,0,"678534,"
678541,0,"678541,"
678542,0,"678542,"
678543,0,"678543,"
678544,0,"678544,"
678545,0,"678545,"
678546,0,"678546,"
678551,0,"678551,"
678552,0,"678552,"
678553,0,"678553,"
678554,0,"678554,"
678555,0,"678555,"
678556,0,"678556,"
678557,0,"678557,"
678571,0,"678571,"
678572,0,"678572,"
678573,0,"678573,"
678574,0,"678574,"
678581,0,"678581,"
678582,0,"678582,"
678583,0,"678583,"
678591,0,"678591,"
678592,0,"678592,"
678593,0,"678593,"
678594,0,"678594,"
678595,0,"678595,"
678596,0,"678596,"
678597,0,"678597,"
678598,0,"678598,"
678601,0,"678601,"
678611,0,"678611,"
678612,0,"678612,"
678613,0,"678613,"
678621,0,"678621,"
678622,0,"678622,"
678623,0,"678623,"
678624,0,"678624,"
678631,0,"678631,"
678632,0,"678632,"
678633,0,"678633,"
678641,0,"678641,"
678642,0,"678642,"
678651,0,"678651,"
678661,0,"678661,"
678671,0,"678671,"
678681,0,"678681,"
678682,0,"678682,"
678683,0,"678683,"
678684,0,"678684,"
678685,0,"678685,"
678686,0,"678686,"
678687,0,"678687,"
678688,0,"678688,"
678701,0,"678701,"
678702,0,"678702,"
678703,0,"678703,"
678704,0,"678704,"
678705,0,"678705,"
678706,0,"678706,"
678721,0,"678721,"
678722,0,"678722,"
678731,0,"678731,"
678732,0,"678732,"
678762,0,"678762,"
679101,0,"679101,"
679102,0,"679102,"
679103,0,"679103,"
679104,0,"679104,"
679105,0,"679105,"
679106,0,"679106,"
679121,0,"679121,"
679122,0,"679122,"
679123,0,"679123,"
679301,0,"679301,"
679302,0,"679302,"
679303,0,"679303,"
679304,0,"679304,"
679305,0,"679305,"
679306,0,"679306,"
679307,0,"679307,"
679308,0,"679308,"
679309,0,"679309,"
679313,0,"679313,"
679321,0,"679321,"
679322,0,"679322,"
679323,0,"679323,"
679324,0,"679324,"
679325,0,"679325,"
679326,0,"679326,"
679327,0,"679327,"
679328,0,"679328,"
679329,0,"679329,"
679330,0,"679330,"
679331,0,"679331,"
679332,0,"679332,"
679333,0,"679333,"
679334,0,"679334,"
679335,0,"679335,"
679336,0,"679336,"
679337,0,"679337,"
679338,0,"679338,"
679339,0,"679339,"
679340,0,"679340,"
679341,0,"679341,"
679357,0,"679357,"
679501,0,"679501,"
679502,0,"679502,"
679503,0,"679503,"
679504,0,"679504,"
679505,0,"679505,"
679506,0,"679506,"
679511,0,"679511,"
679512,0,"679512,"
679513,0,"679513,"
679514,0,"679514,"
679515,0,"679515,"
679516,0,"679516,"
679521,0,"679521,"
679522,0,"679522,"
679523,0,"679523,"
679531,0,"679531,"
679532,0,"679532,"
679533,0,"679533,"
679534,0,"679534,"
679535,0,"679535,"
679536,0,"679536,"
679551,0,"679551,"
679552,0,"679552,"
679553,0,"679553,"
679554,0,"679554,"
679561,0,"679561,"
679562,0,"679562,"
679563,0,"679563,"
679564,0,"679564,"
679571,0,"679571,"
679572,0,"679572,"
679573,0,"679573,"
679574,0,"679574,"
679575,0,"679575,"
679576,0,"679576,"
679577,0,"679577,"
679578,0,"679578,"
679579,0,"679579,"
679580,0,"679580,"
679581,0,"679581,"
679582,0,"679582,"
679583,0,"679583,"
679584,0,"679584,"
679585,0,"679585,"
679586,0,"679586,"
679587,0,"679587,"
679591,0,"679591,"
680001,0,"680001,"
680002,0,"680002,"
680003,0,"680003,"
680004,0,"680004,"
680005,0,"680005,"
680006,0,"680006,"
680007,0,"680007,"
680008,0,"680008,"
680009,0,"680009,"
680010,0,"680010,"
680011,0,"680011,"
680012,0,"680012,"
680013,0,"680013,"
680014,0,"680014,"
680020,0,"680020,"
680021,0,"680021,"
680022,0,"680022,"
680026,0,"680026,"
680027,0,"680027,"
680028,0,"680028,"
680101,0,"680101,"
680102,0,"680102,"
680103,0,"680103,"
680104,0,"680104,"
680121,0,"680121,"
680122,0,"680122,"
680123,0,"680123,"
680125,0,"680125,"
680301,0,"680301,"
680302,0,"680302,"
680303,0,"680303,"
680304,0,"680304,"
680305,0,"680305,"
680306,0,"680306,"
680307,0,"680307,"
680308,0,"680308,"
680309,0,"680309,"
680310,0,"680310,"
680311,0,"680311,"
680312,0,"680312,"
680317,0,"680317,"
680501,0,"680501,"
680502,0,"680502,"
680503,0,"680503,"
680504,0,"680504,"
680505,0,"680505,"
680506,0,"680506,"
680507,0,"680507,"
680508,0,"680508,"
680509,0,"680509,"
680510,0,"680510,"
680511,0,"680511,"
680512,0,"680512,"
680513,0,"680513,"
680514,0,"680514,"
680515,0,"680515,"
680516,0,"680516,"
680517,0,"680517,"
680518,0,"680518,"
680519,0,"680519,"
680520,0,"680520,"
680521,0,"680521,"
680522,0,"680522,"
680523,0,"680523,"
680524,0,"680524,"
680541,0,"680541,"
680542,0,"680542,"
680543,0,"680543,"
680544,0,"680544,"
680545,0,"680545,"
680546,0,"680546,"
680551,0,"680551,"
680552,0,"680552,"
680553,0,"680553,"
680555,0,"680555,"
680561,0,"680561,"
680562,0,"680562,"
680563,0,"680563,"
680564,0,"680564,"
680565,0,"680565,"
680566,0,"680566,"
680567,0,"680567,"
680568,0,"680568,"
680569,0,"680569,"
680570,0,"680570,"
680571,0,"680571,"
680581,0,"680581,"
680582,0,"680582,"
680583,0,"680583,"
680584,0,"680584,"
680585,0,"680585,"
680586,0,"680586,"
680587,0,"680587,"
680588,0,"680588,"
680589,0,"680589,"
680590,0,"680590,"
680591,0,"680591,"
680594,0,"680594,"
680596,0,"680596,"
680601,0,"680601,"
680602,0,"680602,"
680604,0,"680604,"
680611,0,"680611,"
680612,0,"680612,"
680613,0,"680613,"
680614,0,"680614,"
680615,0,"680615,"
680616,0,"680616,"
680617,0,"680617,"
680618,0,"680618,"
680619,0,"680619,"
680620,0,"680620,"
680623,0,"680623,"
680631,0,"680631,"
680641,0,"680641,"
680642,0,"680642,"
680651,0,"680651,"
680652,0,"680652,"
680653,0,"680653,"
680654,0,"680654,"
680655,0,"680655,"
680656,0,"680656,"
680661,0,"680661,"
680662,0,"680662,"
680663,0,"680663,"
680664,0,"680664,"
680665,0,"680665,"
680666,0,"680666,"
680667,0,"680667,"
680668,0,"680668,"
680669,0,"680669,"
680670,0,"680670,"
680671,0,"680671,"
680681,0,"680681,"
680682,0,"680682,"
680683,0,"680683,"
680684,0,"680684,"
680685,0,"680685,"
680686,0,"680686,"
680687,0,"680687,"
680688,0,"680688,"
680689,0,"680689,"
680691,0,"680691,"
680697,0,"680697,"
680699,0,"680699,"
680701,0,"680701,"
680702,0,"680702,"
680703,0,"680703,"
680711,0,"680711,"
680712,0,"680712,"
680721,0,"680721,"
680722,0,"680722,"
680724,0,"680724,"
680731,0,"680731,"
680732,0,"680732,"
680733,0,"680733,"
680734,0,"680734,"
680741,0,"680741,"
680751,0,"680751,"
682001,0,"682001,"
682002,0,"682002,"
682003,0,"682003,"
682004,0,"682004,"
682005,0,"682005,"
682006,0,"682006,"
682007,0,"682007,"
682008,0,"682008,"
682009,0,"682009,"
682010,0,"682010,"
682011,0,"682011,"
682012,0,"682012,"
682013,0,"682013,"
682015,0,"682015,"
682016,0,"682016,"
682017,0,"682017,"
682018,0,"682018,"
682019,0,"682019,"
682020,0,"682020,"
682021,0,"682021,"
682022,0,"682022,"
682023,0,"682023,"
682024,0,"682024,"
682025,0,"682025,"
682026,0,"682026,"
682027,0,"682027,"
682028,0,"682028,"
682029,0,"682029,"
682030,0,"682030,"
682031,0,"682031,"
682032,0,"682032,"
682033,0,"682033,"
682034,0,"682034,"
682035,0,"682035,"
682036,0,"682036,"
682037,0,"682037,"
682038,0,"682038,"
682039,0,"682039,"
682040,0,"682040,"
682041,0,"682041,"
682042,0,"682042,"
682050,0,"682050,"
682051,0,"682051,"
682301,0,"682301,"
682302,0,"682302,"
682303,0,"682303,"
682304,0,"682304,"
682305,0,"682305,"
682306,0,"682306,"
682307,0,"682307,"
682308,0,"682308,"
682309,0,"682309,"
682310,0,"682310,"
682311,0,"682311,"
682312,0,"682312,"
682313,0,"682313,"
682314,0,"682314,"
682315,0,"682315,"
682316,0,"682316,"
682317,0,"682317,"
682501,0,"682501,"
682502,0,"682502,"
682503,0,"682503,"
682504,0,"682504,"
682505,0,"682505,"
682506,0,"682506,"
682507,0,"682507,"
682508,0,"682508,"
682509,0,"682509,"
682511,0,"682511,"
682551,0,"682551,"
682552,0,"682552,"
682553,0,"682553,"
682554,0,"682554,"
682555,0,"682555,"
682556,0,"682556,"
682557,0,"682557,"
682558,0,"682558,"
682559,0,"682559,"
683101,0,"683101,"
683102,0,"683102,"
683104,0,"683104,"
683105,0,"683105,"
683106,0,"683106,"
683108,0,"683108,"
683110,0,"683110,"
683111,0,"683111,"
683112,0,"683112,"
683501,0,"683501,"
683502,0,"683502,"
683503,0,"683503,"
683511,0,"683511,"
683512,0,"683512,"
683513,0,"683513,"
683514,0,"683514,"
683515,0,"683515,"
683516,0,"683516,"
683517,0,"683517,"
683518,0,"683518,"
683519,0,"683519,"
683520,0,"683520,"
683521,0,"683521,"
683522,0,"683522,"
683541,0,"683541,"
683542,0,"683542,"
683543,0,"683543,"
683544,0,"683544,"
683545,0,"683545,"
683546,0,"683546,"
683547,0,"683547,"
683548,0,"683548,"
683549,0,"683549,"
683550,0,"683550,"
683556,0,"683556,"
683561,0,"683561,"
683562,0,"683562,"
683563,0,"683563,"
683565,0,"683565,"
683571,0,"683571,"
683572,0,"683572,"
683573,0,"683573,"
683574,0,"683574,"
683575,0,"683575,"
683576,0,"683576,"
683577,0,"683577,"
683578,0,"683578,"
683579,0,"683579,"
683580,0,"683580,"
683581,0,"683581,"
683585,0,"683585,"
683587,0,"683587,"
683589,0,"683589,"
683594,0,"683594,"
685501,0,"685501,"
685503,0,"685503,"
685505,0,"685505,"
685507,0,"685507,"
685508,0,"685508,"
685509,0,"685509,"
685511,0,"685511,"
685512,0,"685512,"
685514,0,"685514,"
685515,0,"685515,"
685531,0,"685531,"
685532,0,"685532,"
685533,0,"685533,"
685535,0,"685535,"
685551,0,"685551,"
685552,0,"685552,"
685553,0,"685553,"
685554,0,"685554,"
685561,0,"685561,"
685562,0,"685562,"
685563,0,"685563,"
685565,0,"685565,"
685566,0,"685566,"
685571,0,"685571,"
685581,0,"685581,"
685582,0,"685582,"
685583,0,"685583,"
685584,0,"685584,"
685585,0,"685585,"
685586,0,"685586,"
685587,0,"685587,"
685588,0,"685588,"
685589,0,"685589,"
685590,0,"685590,"
685591,0,"685591,"
685595,0,"685595,"
685601,0,"685601,"
685602,0,"685602,"
685603,0,"685603,"
685604,0,"685604,"
685605,0,"685605,"
685606,0,"685606,"
685607,0,"685607,"
685608,0,"685608,"
685609,0,"685609,"
685612,0,"685612,"
685613,0,"685613,"
685614,0,"685614,"
685615,0,"685615,"
685616,0,"685616,"
685618,0,"685618,"
685619,0,"685619,"
685620,0,"685620,"
686001,0,"686001,"
686002,0,"686002,"
686003,0,"686003,"
686004,0,"686004,"
686005,0,"686005,"
686006,0,"686006,"
686007,0,"686007,"
686008,0,"686008,"
686009,0,"686009,"
686010,0,"686010,"
686011,0,"686011,"
686012,0,"686012,"
686013,0,"686013,"
686014,0,"686014,"
686015,0,"686015,"
686016,0,"686016,"
686017,0,"686017,"
686018,0,"686018,"
686019,0,"686019,"
686020,0,"686020,"
686021,0,"686021,"
686022,0,"686022,"
686041,0,"686041,"
686101,0,"686101,"
686102,0,"686102,"
686103,0,"686103,"
686104,0,"686104,"
686105,0,"686105,"
686106,0,"686106,"
686121,0,"686121,"
686122,0,"686122,"
686123,0,"686123,"
686141,0,"686141,"
686143,0,"686143,"
686144,0,"686144,"
686146,0,"686146,"
686501,0,"686501,"
686502,0,"686502,"
686503,0,"686503,"
686504,0,"686504,"
686505,0,"686505,"
686506,0,"686506,"
686507,0,"686507,"
686508,0,"686508,"
686509,0,"686509,"
686510,0,"686510,"
686511,0,"686511,"
686512,0,"686512,"
686513,0,"686513,"
686514,0,"686514,"
686515,0,"686515,"
686516,0,"686516,"
686517,0,"686517,"
686518,0,"686518,"
686519,0,"686519,"
686520,0,"686520,"
686521,0,"686521,"
686522,0,"686522,"
686531,0,"686531,"
686532,0,"686532,"
686533,0,"686533,"
686534,0,"686534,"
686535,0,"686535,"
686536,0,"686536,"
686537,0,"686537,"
686538,0,"686538,"
686539,0,"686539,"
686540,0,"686540,"
686541,0,"686541,"
686542,0,"686542,"
686543,0,"686543,"
686544,0,"686544,"
686545,0,"686545,"
686546,0,"686546,"
686547,0,"686547,"
686548,0,"686548,"
686555,0,"686555,"
686560,0,"686560,"
686561,0,"686561,"
686562,0,"686562,"
686563,0,"686563,"
686564,0,"686564,"
686571,0,"686571,"
686572,0,"686572,"
686573,0,"686573,"
686574,0,"686574,"
686575,0,"686575,"
686576,0,"686576,"
686577,0,"686577,"
686578,0,"686578,"
686579,0,"686579,"
686580,0,"686580,"
686581,0,"686581,"
686582,0,"686582,"
686583,0,"686583,"
686584,0,"686584,"
686585,0,"686585,"
686586,0,"686586,"
686587,0,"686587,"
686601,0,"686601,"
686602,0,"686602,"
686603,0,"686603,"
686604,0,"686604,"
686605,0,"686605,"
686606,0,"686606,"
686607,0,"686607,"
686608,0,"686608,"
686609,0,"686609,"
686610,0,"686610,"
686611,0,"686611,"
686612,0,"686612,"
686613,0,"686613,"
686616,0,"686616,"
686630,0,"686630,"
686631,0,"686631,"
686632,0,"686632,"
686633,0,"686633,"
686634,0,"686634,"
686635,0,"686635,"
686636,0,"686636,"
686637,0,"686637,"
686651,0,"686651,"
686652,0,"686652,"
686653,0,"686653,"
686661,0,"686661,"
686662,0,"686662,"
686663,0,"686663,"
686664,0,"686664,"
686665,0,"686665,"
686666,0,"686666,"
686667,0,"686667,"
686668,0,"686668,"
686669,0,"686669,"
686670,0,"686670,"
686671,0,"686671,"
686672,0,"686672,"
686673,0,"686673,"
686681,0,"686681,"
686691,0,"686691,"
686692,0,"686692,"
686693,0,"686693,"
688001,0,"688001,"
688002,0,"688002,"
688003,0,"688003,"
688004,0,"688004,"
688005,0,"688005,"
688006,0,"688006,"
688007,0,"688007,"
688008,0,"688008,"
688009,0,"688009,"
688011,0,"688011,"
688012,0,"688012,"
688013,0,"688013,"
688014,0,"688014,"
688501,0,"688501,"
688502,0,"688502,"
688503,0,"688503,"
688504,0,"688504,"
688505,0,"688505,"
688506,0,"688506,"
688521,0,"688521,"
688522,0,"688522,"
688523,0,"688523,"
688524,0,"688524,"
688525,0,"688525,"
688526,0,"688526,"
688527,0,"688527,"
688528,0,"688528,"
688529,0,"688529,"
688530,0,"688530,"
688531,0,"688531,"
688532,0,"688532,"
688533,0,"688533,"
688534,0,"688534,"
688535,0,"688535,"
688536,0,"688536,"
688537,0,"688537,"
688538,0,"688538,"
688539,0,"688539,"
688540,0,"688540,"
688541,0,"688541,"
688555,0,"688555,"
688561,0,"688561,"
688562,0,"688562,"
688570,0,"688570,"
688582,0,"688582,"
689101,0,"689101,"
689102,0,"689102,"
689103,0,"689103,"
689104,0,"689104,"
689105,0,"689105,"
689106,0,"689106,"
689107,0,"689107,"
689108,0,"689108,"
689109,0,"689109,"
689110,0,"689110,"
689111,0,"689111,"
689112,0,"689112,"
689113,0,"689113,"
689115,0,"689115,"
689121,0,"689121,"
689122,0,"689122,"
689123,0,"689123,"
689124,0,"689124,"
689126,0,"689126,"
689501,0,"689501,"
689502,0,"689502,"
689503,0,"689503,"
689504,0,"689504,"
689505,0,"689505,"
689506,0,"689506,"
689507,0,"689507,"
689508,0,"689508,"
689509,0,"689509,"
689510,0,"689510,"
689511,0,"689511,"
689512,0,"689512,"
689513,0,"689513,"
689514,0,"689514,"
689515,0,"689515,"
689520,0,"689520,"
689521,0,"689521,"
689531,0,"689531,"
689532,0,"689532,"
689533,0,"689533,"
689541,0,"689541,"
689542,0,"689542,"
689543,0,"689543,"
689544,0,"689544,"
689545,0,"689545,"
689546,0,"689546,"
689547,0,"689547,"
689548,0,"689548,"
689549,0,"689549,"
689550,0,"689550,"
689551,0,"689551,"
689571,0,"689571,"
689572,0,"689572,"
689573,0,"689573,"
689574,0,"689574,"
689581,0,"689581,"
689582,0,"689582,"
689583,0,"689583,"
689584,0,"689584,"
689585,0,"689585,"
689586,0,"689586,"
689587,0,"689587,"
689588,0,"689588,"
689589,0,"689589,"
689590,0,"689590,"
689591,0,"689591,"
689592,0,"689592,"
689594,0,"689594,"
689595,0,"689595,"
689597,0,"689597,"
689602,0,"689602,"
689611,0,"689611,"
689612,0,"689612,"
689613,0,"689613,"
689614,0,"689614,"
689615,0,"689615,"
689621,0,"689621,"
689622,0,"689622,"
689623,0,"689623,"
689624,0,"689624,"
689625,0,"689625,"
689626,0,"689626,"
689627,0,"689627,"
689641,0,"689641,"
689642,0,"689642,"
689643,0,"689643,"
689644,0,"689644,"
689645,0,"689645,"
689646,0,"689646,"
689647,0,"689647,"
689648,0,"689648,"
689649,0,"689649,"
689650,0,"689650,"
689652,0,"689652,"
689653,0,"689653,"
689654,0,"689654,"
689656,0,"689656,"
689661,0,"689661,"
689662,0,"689662,"
689663,0,"689663,"
689664,0,"689664,"
689666,0,"689666,"
689667,0,"689667,"
689668,0,"689668,"
689671,0,"689671,"
689672,0,"689672,"
689673,0,"689673,"
689674,0,"689674,"
689675,0,"689675,"
689676,0,"689676,"
689677,0,"689677,"
689678,0,"689678,"
689691,0,"689691,"
689692,0,"689692,"
689693,0,"689693,"
689694,0,"689694,"
689695,0,"689695,"
689696,0,"689696,"
689698,0,"689698,"
689699,0,"689699,"
689711,0,"689711,"
690101,0,"690101,"
690102,0,"690102,"
690103,0,"690103,"
690104,0,"690104,"
690105,0,"690105,"
690106,0,"690106,"
690107,0,"690107,"
690108,0,"690108,"
690110,0,"690110,"
690501,0,"690501,"
690502,0,"690502,"
690503,0,"690503,"
690504,0,"690504,"
690505,0,"690505,"
690506,0,"690506,"
690507,0,"690507,"
690508,0,"690508,"
690509,0,"690509,"
690510,0,"690510,"
690511,0,"690511,"
690512,0,"690512,"
690513,0,"690513,"
690514,0,"690514,"
690515,0,"690515,"
690516,0,"690516,"
690517,0,"690517,"
690518,0,"690518,"
690519,0,"690519,"
690520,0,"690520,"
690521,0,"690521,"
690522,0,"690522,"
690523,0,"690523,"
690524,0,"690524,"
690525,0,"690525,"
690526,0,"690526,"
690527,0,"690527,"
690528,0,"690528,"
690529,0,"690529,"
690530,0,"690530,"
690531,0,"690531,"
690532,0,"690532,"
690533,0,"690533,"
690534,0,"690534,"
690535,0,"690535,"
690536,0,"690536,"
690537,0,"690537,"
690538,0,"690538,"
690539,0,"690539,"
690540,0,"690540,"
690542,0,"690542,"
690544,0,"690544,"
690546,0,"690546,"
690547,0,"690547,"
690548,0,"690548,"
690558,0,"690558,"
690559,0,"690559,"
690561,0,"690561,"
690571,0,"690571,"
690572,0,"690572,"
690573,0,"690573,"
690574,0,"690574,"
691001,0,"691001,"
691002,0,"691002,"
691003,0,"691003,"
691004,0,"691004,"
691005,0,"691005,"
691006,0,"691006,"
691007,0,"691007,"
691008,0,"691008,"
691009,0,"691009,"
691010,0,"691010,"
691011,0,"691011,"
691012,0,"691012,"
691013,0,"691013,"
691014,0,"691014,"
691015,0,"691015,"
691016,0,"691016,"
691019,0,"691019,"
691020,0,"691020,"
691021,0,"691021,"
691301,0,"691301,"
691302,0,"691302,"
691303,0,"691303,"
691304,0,"691304,"
691305,0,"691305,"
691306,0,"691306,"
691307,0,"691307,"
691308,0,"691308,"
691309,0,"691309,"
691310,0,"691310,"
691311,0,"691311,"
691312,0,"691312,"
691319,0,"691319,"
691322,0,"691322,"
691331,0,"691331,"
691332,0,"691332,"
691333,0,"691333,"
691334,0,"691334,"
691500,0,"691500,"
691501,0,"691501,"
691502,0,"691502,"
691503,0,"691503,"
691504,0,"691504,"
691505,0,"691505,"
691506,0,"691506,"
691507,0,"691507,"
691508,0,"691508,"
691509,0,"691509,"
691510,0,"691510,"
691511,0,"691511,"
691512,0,"691512,"
691515,0,"691515,"
691516,0,"691516,"
691520,0,"691520,"
691521,0,"691521,"
691522,0,"691522,"
691523,0,"691523,"
691524,0,"691524,"
691525,0,"691525,"
691526,0,"691526,"
691527,0,"691527,"
691530,0,"691530,"
691531,0,"691531,"
691532,0,"691532,"
691533,0,"691533,"
691534,0,"691534,"
691535,0,"691535,"
691536,0,"691536,"
691537,0,"691537,"
691538,0,"691538,"
691540,0,"691540,"
691541,0,"691541,"
691543,0,"691543,"
691551,0,"691551,"
691552,0,"691552,"
691553,0,"691553,"
691554,0,"691554,"
691555,0,"691555,"
691556,0,"691556,"
691557,0,"691557,"
691559,0,"691559,"
691560,0,"691560,"
691566,0,"691566,"
691571,0,"691571,"
691572,0,"691572,"
691573,0,"691573,"
691574,0,"691574,"
691576,0,"691576,"
691577,0,"691577,"
691578,0,"691578,"
691579,0,"691579,"
691581,0,"691581,"
691582,0,"691582,"
691583,0,"691583,"
691584,0,"691584,"
691585,0,"691585,"
691589,0,"691589,"
691590,0,"691590,"
691601,0,"691601,"
691602,0,"691602,"
695001,0,"695001,"
695002,0,"695002,"
695003,0,"695003,"
695004,0,"695004,"
695005,0,"695005,"
695006,0,"695006,"
695007,0,"695007,"
695008,0,"695008,"
695009,0,"695009,"
695010,0,"695010,"
695011,0,"695011,"
695012,0,"695012,"
695013,0,"695013,"
695014,0,"695014,"
695015,0,"695015,"
695016,0,"695016,"
695017,0,"695017,"
695018,0,"695018,"
695019,0,"695019,"
695020,0,"695020,"
695021,0,"695021,"
695022,0,"695022,"
695023,0,"695023,"
695024,0,"695024,"
695025,0,"695025,"
695026,0,"695026,"
695027,0,"695027,"
695028,0,"695028,"
695029,0,"695029,"
695030,0,"695030,"
695032,0,"695032,"
695033,0,"695033,"
695034,0,"695034,"
695035,0,"695035,"
695036,0,"695036,"
695038,0,"695038,"
695040,0,"695040,"
695042,0,"695042,"
695043,0,"695043,"
695099,0,"695099,"
695101,0,"695101,"
695102,0,"695102,"
695103,0,"695103,"
695104,0,"695104,"
695121,0,"695121,"
695122,0,"695122,"
695123,0,"695123,"
695124,0,"695124,"
695125,0,"695125,"
695126,0,"695126,"
695132,0,"695132,"
695133,0,"695133,"
695134,0,"695134,"
695141,0,"695141,"
695142,0,"695142,"
695143,0,"695143,"
695144,0,"695144,"
695145,0,"695145,"
695146,0,"695146,"
695301,0,"695301,"
695302,0,"695302,"
695303,0,"695303,"
695304,0,"695304,"
695305,0,"695305,"
695306,0,"695306,"
695307,0,"695307,"
695308,0,"695308,"
695309,0,"695309,"
695310,0,"695310,"
695311,0,"695311,"
695312,0,"695312,"
695313,0,"695313,"
695316,0,"695316,"
695317,0,"695317,"
695318,0,"695318,"
695501,0,"695501,"
695502,0,"695502,"
695503,0,"695503,"
695504,0,"695504,"
695505,0,"695505,"
695506,0,"695506,"
695507,0,"695507,"
695508,0,"695508,"
695512,0,"695512,"
695513,0,"695513,"
695521,0,"695521,"
695522,0,"695522,"
695523,0,"695523,"
695524,0,"695524,"
695525,0,"695525,"
695526,0,"695526,"
695527,0,"695527,"
695528,0,"695528,"
695541,0,"695541,"
695542,0,"695542,"
695543,0,"695543,"
695547,0,"695547,"
695551,0,"695551,"
695561,0,"695561,"
695562,0,"695562,"
695563,0,"695563,"
695564,0,"695564,"
695568,0,"695568,"
695570,0,"695570,"
695571,0,"695571,"
695572,0,"695572,"
695573,0,"695573,"
695574,0,"695574,"
695575,0,"695575,"
695581,0,"695581,"
695582,0,"695582,"
695583,0,"695583,"
695584,0,"695584,"
695585,0,"695585,"
695586,0,"695586,"
695587,0,"695587,"
695588,0,"695588,"
695589,0,"695589,"
695601,0,"695601,"
695602,0,"695602,"
695603,0,"695603,"
695604,0,"695604,"
695605,0,"695605,"
695606,0,"695606,"
695607,0,"695607,"
695608,0,"695608,"
695609,0,"695609,"
695610,0,"695610,"
695611,0,"695611,"
695612,0,"695612,"
695614,0,"695614,"
695615,0,"695615,"
700001,0,"700001,"
700002,0,"700002,"
700003,0,"700003,"
700004,0,"700004,"
700005,0,"700005,"
700006,0,"700006,"
700007,0,"700007,"
700008,0,"700008,"
700009,0,"700009,"
700010,0,"700010,"
700011,0,"700011,"
700012,0,"700012,"
700013,0,"700013,"
700014,0,"700014,"
700015,0,"700015,"
700016,0,"700016,"
700017,0,"700017,"
700018,0,"700018,"
700019,0,"700019,"
700020,0,"700020,"
700021,0,"700021,"
700022,0,"700022,"
700023,0,"700023,"
700024,0,"700024,"
700025,0,"700025,"
700026,0,"700026,"
700027,0,"700027,"
700028,0,"700028,"
700029,0,"700029,"
700030,0,"700030,"
700031,0,"700031,"
700032,0,"700032,"
700033,0,"700033,"
700034,0,"700034,"
700035,0,"700035,"
700036,0,"700036,"
700037,0,"700037,"
700038,0,"700038,"
700039,0,"700039,"
700040,0,"700040,"
700041,0,"700041,"
700042,0,"700042,"
700043,0,"700043,"
700044,0,"700044,"
700045,0,"700045,"
700046,0,"700046,"
700047,0,"700047,"
700048,0,"700048,"
700049,0,"700049,"
700050,0,"700050,"
700051,0,"700051,"
700052,0,"700052,"
700053,0,"700053,"
700054,0,"700054,"
700055,0,"700055,"
700056,0,"700056,"
700057,0,"700057,"
700058,0,"700058,"
700059,0,"700059,"
700060,0,"700060,"
700061,0,"700061,"
700062,0,"700062,"
700063,0,"700063,"
700064,0,"700064,"
700065,0,"700065,"
700066,0,"700066,"
700067,0,"700067,"
700068,0,"700068,"
700069,0,"700069,"
700070,0,"700070,"
700071,0,"700071,"
700072,0,"700072,"
700073,0,"700073,"
700074,0,"700074,"
700075,0,"700075,"
700076,0,"700076,"
700077,0,"700077,"
700078,0,"700078,"
700079,0,"700079,"
700080,0,"700080,"
700081,0,"700081,"
700082,0,"700082,"
700083,0,"700083,"
700084,0,"700084,"
700085,0,"700085,"
700086,0,"700086,"
700087,0,"700087,"
700088,0,"700088,"
700089,0,"700089,"
700090,0,"700090,"
700091,0,"700091,"
700092,0,"700092,"
700093,0,"700093,"
700094,0,"700094,"
700095,0,"700095,"
700096,0,"700096,"
700097,0,"700097,"
700099,0,"700099,"
700100,0,"700100,"
700101,0,"700101,"
700102,0,"700102,"
700103,0,"700103,"
700104,0,"700104,"
700105,0,"700105,"
700106,0,"700106,"
700107,0,"700107,"
700108,0,"700108,"
700109,0,"700109,"
700110,0,"700110,"
700111,0,"700111,"
700112,0,"700112,"
700113,0,"700113,"
700114,0,"700114,"
700115,0,"700115,"
700116,0,"700116,"
700117,0,"700117,"
700118,0,"700118,"
700119,0,"700119,"
700120,0,"700120,"
700121,0,"700121,"
700122,0,"700122,"
700123,0,"700123,"
700124,0,"700124,"
700125,0,"700125,"
700126,0,"700126,"
700127,0,"700127,"
700128,0,"700128,"
700129,0,"700129,"
700130,0,"700130,"
700131,0,"700131,"
700132,0,"700132,"
700133,0,"700133,"
700134,0,"700134,"
700135,0,"700135,"
700136,0,"700136,"
700137,0,"700137,"
700138,0,"700138,"
700139,0,"700139,"
700140,0,"700140,"
700141,0,"700141,"
700142,0,"700142,"
700143,0,"700143,"
700144,0,"700144,"
700145,0,"700145,"
700146,0,"700146,"
700147,0,"700147,"
700148,0,"700148,"
700149,0,"700149,"
700150,0,"700150,"
700151,0,"700151,"
700152,0,"700152,"
700153,0,"700153,"
700154,0,"700154,"
700155,0,"700155,"
700156,0,"700156,"
700157,0,"700157,"
700158,0,"700158,"
700159,0,"700159,"
700160,0,"700160,"
700161,0,"700161,"
700162,0,"700162,"
700163,0,"700163,"
707004,0,"707004,"
711101,0,"711101,"
711102,0,"711102,"
711103,0,"711103,"
711104,0,"711104,"
711105,0,"711105,"
711106,0,"711106,"
711107,0,"711107,"
711108,0,"711108,"
711109,0,"711109,"
711110,0,"711110,"
711111,0,"711111,"
711112,0,"711112,"
711113,0,"711113,"
711114,0,"711114,"
711115,0,"711115,"
711201,0,"711201,"
711202,0,"711202,"
711203,0,"711203,"
711204,0,"711204,"
711205,0,"711205,"
711206,0,"711206,"
711225,0,"711225,"
711226,0,"711226,"
711227,0,"711227,"
711301,0,"711301,"
711302,0,"711302,"
711303,0,"711303,"
711304,0,"711304,"
711305,0,"711305,"
711306,0,"711306,"
711307,0,"711307,"
711308,0,"711308,"
711309,0,"711309,"
711310,0,"711310,"
711312,0,"711312,"
711313,0,"711313,"
711314,0,"711314,"
711315,0,"711315,"
711316,0,"711316,"
711317,0,"711317,"
711322,0,"711322,"
711401,0,"711401,"
711403,0,"711403,"
711404,0,"711404,"
711405,0,"711405,"
711408,0,"711408,"
711409,0,"711409,"
711410,0,"711410,"
711411,0,"711411,"
711412,0,"711412,"
711413,0,"711413,"
711414,0,"711414,"
712101,0,"712101,"
712102,0,"712102,"
712103,0,"712103,"
712104,0,"712104,"
712105,0,"712105,"
712121,0,"712121,"
712122,0,"712122,"
712123,0,"712123,"
712124,0,"712124,"
712125,0,"712125,"
712134,0,"712134,"
712135,0,"712135,"
712136,0,"712136,"
712137,0,"712137,"
712138,0,"712138,"
712139,0,"712139,"
712146,0,"712146,"
712147,0,"712147,"
712148,0,"712148,"
712149,0,"712149,"
712152,0,"712152,"
712201,0,"712201,"
712202,0,"712202,"
712203,0,"712203,"
712204,0,"712204,"
712221,0,"712221,"
712222,0,"712222,"
712223,0,"712223,"
712232,0,"712232,"
712233,0,"712233,"
712234,0,"712234,"
712235,0,"712235,"
712245,0,"712245,"
712246,0,"712246,"
712248,0,"712248,"
712249,0,"712249,"
712250,0,"712250,"
712258,0,"712258,"
712301,0,"712301,"
712302,0,"712302,"
712303,0,"712303,"
712304,0,"712304,"
712305,0,"712305,"
712306,0,"712306,"
712308,0,"712308,"
712310,0,"712310,"
712311,0,"712311,"
712401,0,"712401,"
712402,0,"712402,"
712403,0,"712403,"
712404,0,"712404,"
712405,0,"712405,"
712406,0,"712406,"
712407,0,"712407,"
712408,0,"712408,"
712409,0,"712409,"
712410,0,"712410,"
712412,0,"712412,"
712413,0,"712413,"
712414,0,"712414,"
712415,0,"712415,"
712416,0,"712416,"
712417,0,"712417,"
712501,0,"712501,"
712502,0,"712502,"
712503,0,"712503,"
712504,0,"712504,"
712512,0,"712512,"
712513,0,"712513,"
712514,0,"712514,"
712515,0,"712515,"
712601,0,"712601,"
712602,0,"712602,"
712611,0,"712611,"
712612,0,"712612,"
712613,0,"712613,"
712614,0,"712614,"
712615,0,"712615,"
712616,0,"712616,"
712617,0,"712617,"
712701,0,"712701,"
712702,0,"712702,"
712706,0,"712706,"
713101,0,"713101,"
713102,0,"713102,"
713103,0,"713103,"
713104,0,"713104,"
713121,0,"713121,"
713122,0,"713122,"
713123,0,"713123,"
713124,0,"713124,"
713125,0,"713125,"
713126,0,"713126,"
713127,0,"713127,"
713128,0,"713128,"
713129,0,"713129,"
713130,0,"713130,"
713131,0,"713131,"
713132,0,"713132,"
713140,0,"713140,"
713141,0,"713141,"
713142,0,"713142,"
713143,0,"713143,"
713144,0,"713144,"
713145,0,"713145,"
713146,0,"713146,"
713147,0,"713147,"
713148,0,"713148,"
713149,0,"713149,"
713150,0,"713150,"
713151,0,"713151,"
713152,0,"713152,"
713153,0,"713153,"
713154,0,"713154,"
713166,0,"713166,"
713201,0,"713201,"
713202,0,"713202,"
713203,0,"713203,"
713204,0,"713204,"
713205,0,"713205,"
713206,0,"713206,"
713207,0,"713207,"
713208,0,"713208,"
713209,0,"713209,"
713210,0,"713210,"
713211,0,"713211,"
713212,0,"713212,"
713213,0,"713213,"
713214,0,"713214,"
713215,0,"713215,"
713216,0,"713216,"
713217,0,"713217,"
713301,0,"713301,"
713302,0,"713302,"
713303,0,"713303,"
713304,0,"713304,"
713305,0,"713305,"
713315,0,"713315,"
713321,0,"713321,"
713322,0,"713322,"
713323,0,"713323,"
713324,0,"713324,"
713325,0,"713325,"
713326,0,"713326,"
713330,0,"713330,"
713331,0,"713331,"
713332,0,"713332,"
713333,0,"713333,"
713334,0,"713334,"
713335,0,"713335,"
713336,0,"713336,"
713337,0,"713337,"
713338,0,"713338,"
713339,0,"713339,"
713340,0,"713340,"
713341,0,"713341,"
713342,0,"713342,"
713343,0,"713343,"
713344,0,"713344,"
713346,0,"713346,"
713347,0,"713347,"
713357,0,"713357,"
713358,0,"713358,"
713359,0,"713359,"
713360,0,"713360,"
713361,0,"713361,"
713362,0,"713362,"
713363,0,"713363,"
713365,0,"713365,"
713369,0,"713369,"
713370,0,"713370,"
713371,0,"713371,"
713372,0,"713372,"
713373,0,"713373,"
713376,0,"713376,"
713378,0,"713378,"
713381,0,"713381,"
713384,0,"713384,"
713385,0,"713385,"
713386,0,"713386,"
713401,0,"713401,"
713403,0,"713403,"
713404,0,"713404,"
713405,0,"713405,"
713406,0,"713406,"
713407,0,"713407,"
713408,0,"713408,"
713409,0,"713409,"
713420,0,"713420,"
713421,0,"713421,"
713422,0,"713422,"
713423,0,"713423,"
713424,0,"713424,"
713426,0,"713426,"
713427,0,"713427,"
713428,0,"713428,"
713502,0,"713502,"
713512,0,"713512,"
713513,0,"713513,"
713514,0,"713514,"
713515,0,"713515,"
713519,0,"713519,"
713520,0,"713520,"
721101,0,"721101,"
721102,0,"721102,"
721121,0,"721121,"
721122,0,"721122,"
721124,0,"721124,"
721125,0,"721125,"
721126,0,"721126,"
721127,0,"721127,"
721128,0,"721128,"
721129,0,"721129,"
721130,0,"721130,"
721131,0,"721131,"
721132,0,"721132,"
721133,0,"721133,"
721134,0,"721134,"
721135,0,"721135,"
721136,0,"721136,"
721137,0,"721137,"
721139,0,"721139,"
721140,0,"721140,"
721143,0,"721143,"
721144,0,"721144,"
721145,0,"721145,"
721146,0,"721146,"
721147,0,"721147,"
721148,0,"721148,"
721149,0,"721149,"
721150,0,"721150,"
721151,0,"721151,"
721152,0,"721152,"
721153,0,"721153,"
721154,0,"721154,"
721155,0,"721155,"
721156,0,"721156,"
721157,0,"721157,"
721158,0,"721158,"
721159,0,"721159,"
721160,0,"721160,"
721161,0,"721161,"
721166,0,"721166,"
721171,0,"721171,"
721172,0,"721172,"
721201,0,"721201,"
721211,0,"721211,"
721212,0,"721212,"
721222,0,"721222,"
721232,0,"721232,"
721242,0,"721242,"
721253,0,"721253,"
721260,0,"721260,"
721301,0,"721301,"
721302,0,"721302,"
721303,0,"721303,"
721304,0,"721304,"
721305,0,"721305,"
721306,0,"721306,"
721401,0,"721401,"
721402,0,"721402,"
721403,0,"721403,"
721404,0,"721404,"
721405,0,"721405,"
721406,0,"721406,"
721420,0,"721420,"
721422,0,"721422,"
721423,0,"721423,"
721424,0,"721424,"
721425,0,"721425,"
721426,0,"721426,"
721427,0,"721427,"
721428,0,"721428,"
721429,0,"721429,"
721430,0,"721430,"
721431,0,"721431,"
721432,0,"721432,"
721433,0,"721433,"
721434,0,"721434,"
721435,0,"721435,"
721436,0,"721436,"
721437,0,"721437,"
721438,0,"721438,"
721439,0,"721439,"
721440,0,"721440,"
721441,0,"721441,"
721442,0,"721442,"
721443,0,"721443,"
721444,0,"721444,"
721445,0,"721445,"
721446,0,"721446,"
721447,0,"721447,"
721448,0,"721448,"
721449,0,"721449,"
721450,0,"721450,"
721451,0,"721451,"
721452,0,"721452,"
721453,0,"721453,"
721454,0,"721454,"
721455,0,"721455,"
721456,0,"721456,"
721457,0,"721457,"
721458,0,"721458,"
721463,0,"721463,"
721467,0,"721467,"
721501,0,"721501,"
721503,0,"721503,"
721504,0,"721504,"
721505,0,"721505,"
721506,0,"721506,"
721507,0,"721507,"
721513,0,"721513,"
721514,0,"721514,"
721515,0,"721515,"
721516,0,"721516,"
721517,0,"721517,"
721601,0,"721601,"
721602,0,"721602,"
721603,0,"721603,"
721604,0,"721604,"
721606,0,"721606,"
721607,0,"721607,"
721624,0,"721624,"
721625,0,"721625,"
721626,0,"721626,"
721627,0,"721627,"
721628,0,"721628,"
721629,0,"721629,"
721631,0,"721631,"
721632,0,"721632,"
721633,0,"721633,"
721634,0,"721634,"
721635,0,"721635,"
721636,0,"721636,"
721637,0,"721637,"
721641,0,"721641,"
721642,0,"721642,"
721643,0,"721643,"
721644,0,"721644,"
721645,0,"721645,"
721646,0,"721646,"
721647,0,"721647,"
721648,0,"721648,"
721649,0,"721649,"
721650,0,"721650,"
721651,0,"721651,"
721652,0,"721652,"
721653,0,"721653,"
721654,0,"721654,"
721655,0,"721655,"
721656,0,"721656,"
721657,0,"721657,"
721658,0,"721658,"
721659,0,"721659,"
722101,0,"722101,"
722102,0,"722102,"
722121,0,"722121,"
722122,0,"722122,"
722132,0,"722132,"
722133,0,"722133,"
722134,0,"722134,"
722135,0,"722135,"
722136,0,"722136,"
722137,0,"722137,"
722138,0,"722138,"
722139,0,"722139,"
722140,0,"722140,"
722141,0,"722141,"
722142,0,"722142,"
722143,0,"722143,"
722144,0,"722144,"
722146,0,"722146,"
722147,0,"722147,"
722148,0,"722148,"
722149,0,"722149,"
722150,0,"722150,"
722151,0,"722151,"
722152,0,"722152,"
722153,0,"722153,"
722154,0,"722154,"
722155,0,"722155,"
722156,0,"722156,"
722157,0,"722157,"
722158,0,"722158,"
722160,0,"722160,"
722161,0,"722161,"
722162,0,"722162,"
722164,0,"722164,"
722173,0,"722173,"
722183,0,"722183,"
722201,0,"722201,"
722202,0,"722202,"
722203,0,"722203,"
722204,0,"722204,"
722205,0,"722205,"
722206,0,"722206,"
722207,0,"722207,"
722208,0,"722208,"
723101,0,"723101,"
723102,0,"723102,"
723103,0,"723103,"
723104,0,"723104,"
723121,0,"723121,"
723126,0,"723126,"
723127,0,"723127,"
723128,0,"723128,"
723129,0,"723129,"
723130,0,"723130,"
723131,0,"723131,"
723132,0,"723132,"
723133,0,"723133,"
723142,0,"723142,"
723143,0,"723143,"
723145,0,"723145,"
723146,0,"723146,"
723147,0,"723147,"
723148,0,"723148,"
723149,0,"723149,"
723151,0,"723151,"
723152,0,"723152,"
723153,0,"723153,"
723154,0,"723154,"
723155,0,"723155,"
723156,0,"723156,"
723201,0,"723201,"
723202,0,"723202,"
723212,0,"723212,"
723213,0,"723213,"
723215,0,"723215,"
731101,0,"731101,"
731102,0,"731102,"
731103,0,"731103,"
731104,0,"731104,"
731121,0,"731121,"
731123,0,"731123,"
731124,0,"731124,"
731125,0,"731125,"
731126,0,"731126,"
731127,0,"731127,"
731129,0,"731129,"
731130,0,"731130,"
731132,0,"731132,"
731133,0,"731133,"
731201,0,"731201,"
731202,0,"731202,"
731204,0,"731204,"
731213,0,"731213,"
731214,0,"731214,"
731215,0,"731215,"
731216,0,"731216,"
731218,0,"731218,"
731219,0,"731219,"
731220,0,"731220,"
731221,0,"731221,"
731222,0,"731222,"
731223,0,"731223,"
731224,0,"731224,"
731233,0,"731233,"
731234,0,"731234,"
731235,0,"731235,"
731236,0,"731236,"
731237,0,"731237,"
731238,0,"731238,"
731240,0,"731240,"
731241,0,"731241,"
731242,0,"731242,"
731243,0,"731243,"
731244,0,"731244,"
731245,0,"731245,"
731301,0,"731301,"
731302,0,"731302,"
731303,0,"731303,"
731304,0,"731304,"
732101,0,"732101,"
732102,0,"732102,"
732103,0,"732103,"
732121,0,"732121,"
732122,0,"732122,"
732123,0,"732123,"
732124,0,"732124,"
732125,0,"732125,"
732126,0,"732126,"
732127,0,"732127,"
732128,0,"732128,"
732138,0,"732138,"
732139,0,"732139,"
732140,0,"732140,"
732141,0,"732141,"
732142,0,"732142,"
732144,0,"732144,"
732201,0,"732201,"
732202,0,"732202,"
732203,0,"732203,"
732204,0,"732204,"
732205,0,"732205,"
732206,0,"732206,"
732207,0,"732207,"
732208,0,"732208,"
732209,0,"732209,"
732210,0,"732210,"
732215,0,"732215,"
732216,0,"732216,"
733101,0,"733101,"
733102,0,"733102,"
733103,0,"733103,"
733121,0,"733121,"
733123,0,"733123,"
733124,0,"733124,"
733125,0,"733125,"
733126,0,"733126,"
733127,0,"733127,"
733128,0,"733128,"
733129,0,"733129,"
733130,0,"733130,"
733132,0,"733132,"
733133,0,"733133,"
733134,0,"733134,"
733140,0,"733140,"
733141,0,"733141,"
733142,0,"733142,"
733143,0,"733143,"
733145,0,"733145,"
733156,0,"733156,"
733158,0,"733158,"
733201,0,"733201,"
733202,0,"733202,"
733207,0,"733207,"
733208,0,"733208,"
733209,0,"733209,"
733210,0,"733210,"
733215,0,"733215,"
734001,0,"734001,"
734002,0,"734002,"
734003,0,"734003,"
734004,0,"734004,"
734005,0,"734005,"
734006,0,"734006,"
734007,0,"734007,"
734008,0,"734008,"
734009,0,"734009,"
734010,0,"734010,"
734011,0,"734011,"
734012,0,"734012,"
734013,0,"734013,"
734014,0,"734014,"
734015,0,"734015,"
734101,0,"734101,"
734102,0,"734102,"
734103,0,"734103,"
734104,0,"734104,"
734105,0,"734105,"
734201,0,"734201,"
734203,0,"734203,"
734204,0,"734204,"
734209,0,"734209,"
734213,0,"734213,"
734214,0,"734214,"
734215,0,"734215,"
734216,0,"734216,"
734217,0,"734217,"
734218,0,"734218,"
734220,0,"734220,"
734221,0,"734221,"
734222,0,"734222,"
734223,0,"734223,"
734224,0,"734224,"
734226,0,"734226,"
734301,0,"734301,"
734311,0,"734311,"
734312,0,"734312,"
734313,0,"734313,"
734314,0,"734314,"
734315,0,"734315,"
734316,0,"734316,"
734421,0,"734421,"
734423,0,"734423,"
734424,0,"734424,"
734425,0,"734425,"
734426,0,"734426,"
734427,0,"734427,"
734429,0,"734429,"
734434,0,"734434,"
734501,0,"734501,"
734503,0,"734503,"
735101,0,"735101,"
735102,0,"735102,"
735121,0,"735121,"
735122,0,"735122,"
735132,0,"735132,"
735133,0,"735133,"
735134,0,"735134,"
735135,0,"735135,"
735202,0,"735202,"
735203,0,"735203,"
735204,0,"735204,"
735205,0,"735205,"
735206,0,"735206,"
735207,0,"735207,"
735208,0,"735208,"
735209,0,"735209,"
735210,0,"735210,"
735211,0,"735211,"
735212,0,"735212,"
735213,0,"735213,"
735214,0,"735214,"
735215,0,"735215,"
735216,0,"735216,"
735217,0,"735217,"
735218,0,"735218,"
735219,0,"735219,"
735220,0,"735220,"
735221,0,"735221,"
735222,0,"735222,"
735223,0,"735223,"
735224,0,"735224,"
735225,0,"735225,"
735226,0,"735226,"
735227,0,"735227,"
735228,0,"735228,"
735229,0,"735229,"
735230,0,"735230,"
735231,0,"735231,"
735232,0,"735232,"
735233,0,"735233,"
735234,0,"735234,"
735301,0,"735301,"
735302,0,"735302,"
735303,0,"735303,"
735304,0,"735304,"
735305,0,"735305,"
736101,0,"736101,"
736121,0,"736121,"
736122,0,"736122,"
736123,0,"736123,"
736131,0,"736131,"
736133,0,"736133,"
736134,0,"736134,"
736135,0,"736135,"
736145,0,"736145,"
736146,0,"736146,"
736156,0,"736156,"
736157,0,"736157,"
736158,0,"736158,"
736159,0,"736159,"
736160,0,"736160,"
736165,0,"736165,"
736167,0,"736167,"
736168,0,"736168,"
736169,0,"736169,"
736170,0,"736170,"
736171,0,"736171,"
736172,0,"736172,"
736176,0,"736176,"
736179,0,"736179,"
736182,0,"736182,"
736201,0,"736201,"
736202,0,"736202,"
736203,0,"736203,"
736204,0,"736204,"
736205,0,"736205,"
736206,0,"736206,"
736207,0,"736207,"
736208,0,"736208,"
737101,0,"737101,"
737102,0,"737102,"
737103,0,"737103,"
737106,0,"737106,"
737107,0,"737107,"
737111,0,"737111,"
737113,0,"737113,"
737116,0,"737116,"
737120,0,"737120,"
737121,0,"737121,"
737126,0,"737126,"
737128,0,"737128,"
737131,0,"737131,"
737132,0,"737132,"
737133,0,"737133,"
737134,0,"737134,"
737135,0,"737135,"
737136,0,"737136,"
737139,0,"737139,"
741101,0,"741101,"
741102,0,"741102,"
741103,0,"741103,"
741121,0,"741121,"
741122,0,"741122,"
741123,0,"741123,"
741124,0,"741124,"
741125,0,"741125,"
741126,0,"741126,"
741127,0,"741127,"
741137,0,"741137,"
741138,0,"741138,"
741139,0,"741139,"
741140,0,"741140,"
741150,0,"741150,"
741151,0,"741151,"
741152,0,"741152,"
741153,0,"741153,"
741154,0,"741154,"
741155,0,"741155,"
741156,0,"741156,"
741157,0,"741157,"
741158,0,"741158,"
741159,0,"741159,"
741160,0,"741160,"
741161,0,"741161,"
741162,0,"741162,"
741163,0,"741163,"
741164,0,"741164,"
741165,0,"741165,"
741166,0,"741166,"
741167,0,"741167,"
741181,0,"741181,"
741201,0,"741201,"
741202,0,"741202,"
741221,0,"741221,"
741222,0,"741222,"
741223,0,"741223,"
741232,0,"741232,"
741234,0,"741234,"
741235,0,"741235,"
741238,0,"741238,"
741245,0,"741245,"
741246,0,"741246,"
741247,0,"741247,"
741248,0,"741248,"
741249,0,"741249,"
741250,0,"741250,"
741251,0,"741251,"
741252,0,"741252,"
741253,0,"741253,"
741254,0,"741254,"
741255,0,"741255,"
741256,0,"741256,"
741257,0,"741257,"
741301,0,"741301,"
741302,0,"741302,"
741313,0,"741313,"
741315,0,"741315,"
741316,0,"741316,"
741317,0,"741317,"
741319,0,"741319,"
741401,0,"741401,"
741402,0,"741402,"
741404,0,"741404,"
741501,0,"741501,"
741502,0,"741502,"
741503,0,"741503,"
741504,0,"741504,"
741505,0,"741505,"
741506,0,"741506,"
741507,0,"741507,"
741508,0,"741508,"
741509,0,"741509,"
742101,0,"742101,"
742102,0,"742102,"
742103,0,"742103,"
742104,0,"742104,"
742113,0,"742113,"
742121,0,"742121,"
742122,0,"742122,"
742123,0,"742123,"
742132,0,"742132,"
742133,0,"742133,"
742134,0,"742134,"
742135,0,"742135,"
742136,0,"742136,"
742137,0,"742137,"
742138,0,"742138,"
742140,0,"742140,"
742147,0,"742147,"
742148,0,"742148,"
742149,0,"742149,"
742151,0,"742151,"
742159,0,"742159,"
742160,0,"742160,"
742161,0,"742161,"
742163,0,"742163,"
742164,0,"742164,"
742165,0,"742165,"
742166,0,"742166,"
742168,0,"742168,"
742174,0,"742174,"
742175,0,"742175,"
742184,0,"742184,"
742187,0,"742187,"
742189,0,"742189,"
742201,0,"742201,"
742202,0,"742202,"
742212,0,"742212,"
742213,0,"742213,"
742223,0,"742223,"
742224,0,"742224,"
742225,0,"742225,"
742226,0,"742226,"
742227,0,"742227,"
742235,0,"742235,"
742236,0,"742236,"
742237,0,"742237,"
742238,0,"742238,"
742301,0,"742301,"
742302,0,"742302,"
742303,0,"742303,"
742304,0,"742304,"
742305,0,"742305,"
742306,0,"742306,"
742308,0,"742308,"
742401,0,"742401,"
742402,0,"742402,"
742404,0,"742404,"
742405,0,"742405,"
742406,0,"742406,"
742407,0,"742407,"
742408,0,"742408,"
742409,0,"742409,"
742410,0,"742410,"
743122,0,"743122,"
743123,0,"743123,"
743124,0,"743124,"
743125,0,"743125,"
743126,0,"743126,"
743127,0,"743127,"
743128,0,"743128,"
743129,0,"743129,"
743130,0,"743130,"
743133,0,"743133,"
743134,0,"743134,"
743135,0,"743135,"
743136,0,"743136,"
743144,0,"743144,"
743145,0,"743145,"
743165,0,"743165,"
743166,0,"743166,"
743193,0,"743193,"
743194,0,"743194,"
743221,0,"743221,"
743222,0,"743222,"
743223,0,"743223,"
743232,0,"743232,"
743233,0,"743233,"
743234,0,"743234,"
743235,0,"743235,"
743245,0,"743245,"
743247,0,"743247,"
743248,0,"743248,"
743249,0,"743249,"
743251,0,"743251,"
743252,0,"743252,"
743262,0,"743262,"
743263,0,"743263,"
743268,0,"743268,"
743270,0,"743270,"
743271,0,"743271,"
743272,0,"743272,"
743273,0,"743273,"
743286,0,"743286,"
743287,0,"743287,"
743289,0,"743289,"
743290,0,"743290,"
743291,0,"743291,"
743292,0,"743292,"
743293,0,"743293,"
743294,0,"743294,"
743297,0,"743297,"
743312,0,"743312,"
743318,0,"743318,"
743329,0,"743329,"
743330,0,"743330,"
743331,0,"743331,"
743332,0,"743332,"
743336,0,"743336,"
743337,0,"743337,"
743338,0,"743338,"
743345,0,"743345,"
743347,0,"743347,"
743348,0,"743348,"
743349,0,"743349,"
743351,0,"743351,"
743354,0,"743354,"
743355,0,"743355,"
743356,0,"743356,"
743357,0,"743357,"
743363,0,"743363,"
743368,0,"743368,"
743370,0,"743370,"
743371,0,"743371,"
743372,0,"743372,"
743373,0,"743373,"
743374,0,"743374,"
743375,0,"743375,"
743376,0,"743376,"
743377,0,"743377,"
743378,0,"743378,"
743383,0,"743383,"
743387,0,"743387,"
743395,0,"743395,"
743399,0,"743399,"
743401,0,"743401,"
743405,0,"743405,"
743411,0,"743411,"
743412,0,"743412,"
743422,0,"743422,"
743423,0,"743423,"
743424,0,"743424,"
743425,0,"743425,"
743426,0,"743426,"
743427,0,"743427,"
743428,0,"743428,"
743429,0,"743429,"
743435,0,"743435,"
743437,0,"743437,"
743438,0,"743438,"
743439,0,"743439,"
743442,0,"743442,"
743445,0,"743445,"
743446,0,"743446,"
743456,0,"743456,"
743502,0,"743502,"
743503,0,"743503,"
743504,0,"743504,"
743513,0,"743513,"
743609,0,"743609,"
743610,0,"743610,"
743611,0,"743611,"
743613,0,"743613,"
743701,0,"743701,"
743702,0,"743702,"
743704,0,"743704,"
743710,0,"743710,"
743711,0,"743711,"
744101,0,"744101,"
744102,0,"744102,"
744103,0,"744103,"
744104,0,"744104,"
744105,0,"744105,"
744106,0,"744106,"
744107,0,"744107,"
744112,0,"744112,"
744201,0,"744201,"
744202,0,"744202,"
744203,0,"744203,"
744204,0,"744204,"
744205,0,"744205,"
744206,0,"744206,"
744207,0,"744207,"
744209,0,"744209,"
744210,0,"744210,"
744211,0,"744211,"
744301,0,"744301,"
744302,0,"744302,"
744303,0,"744303,"
744304,0,"744304,"
751001,0,"751001,"
751002,0,"751002,"
751003,0,"751003,"
751004,0,"751004,"
751005,0,"751005,"
751006,0,"751006,"
751007,0,"751007,"
751008,0,"751008,"
751009,0,"751009,"
751010,0,"751010,"
751011,0,"751011,"
751012,0,"751012,"
751013,0,"751013,"
751014,0,"751014,"
751015,0,"751015,"
751016,0,"751016,"
751017,0,"751017,"
751018,0,"751018,"
751019,0,"751019,"
751020,0,"751020,"
751021,0,"751021,"
751022,0,"751022,"
751023,0,"751023,"
751024,0,"751024,"
751025,0,"751025,"
751026,0,"751026,"
751027,0,"751027,"
751028,0,"751028,"
751029,0,"751029,"
751030,0,"751030,"
751031,0,"751031,"
752001,0,"752001,"
752002,0,"752002,"
752003,0,"752003,"
752010,0,"752010,"
752011,0,"752011,"
752012,0,"752012,"
752013,0,"752013,"
752014,0,"752014,"
752015,0,"752015,"
752016,0,"752016,"
752017,0,"752017,"
752018,0,"752018,"
752019,0,"752019,"
752020,0,"752020,"
752021,0,"752021,"
752022,0,"752022,"
752023,0,"752023,"
752024,0,"752024,"
752025,0,"752025,"
752026,0,"752026,"
752027,0,"752027,"
752030,0,"752030,"
752031,0,"752031,"
752032,0,"752032,"
752034,0,"752034,"
752035,0,"752035,"
752037,0,"752037,"
752038,0,"752038,"
752045,0,"752045,"
752046,0,"752046,"
752050,0,"752050,"
752054,0,"752054,"
752055,0,"752055,"
752056,0,"752056,"
752057,0,"752057,"
752060,0,"752060,"
752061,0,"752061,"
752062,0,"752062,"
752063,0,"752063,"
752064,0,"752064,"
752065,0,"752065,"
752066,0,"752066,"
752068,0,"752068,"
752069,0,"752069,"
752070,0,"752070,"
752077,0,"752077,"
752078,0,"752078,"
752079,0,"752079,"
752080,0,"752080,"
752081,0,"752081,"
752082,0,"752082,"
752083,0,"752083,"
752084,0,"752084,"
752085,0,"752085,"
752089,0,"752089,"
752090,0,"752090,"
752091,0,"752091,"
752092,0,"752092,"
752093,0,"752093,"
752094,0,"752094,"
752100,0,"752100,"
752101,0,"752101,"
752102,0,"752102,"
752103,0,"752103,"
752104,0,"752104,"
752105,0,"752105,"
752106,0,"752106,"
752107,0,"752107,"
752108,0,"752108,"
752109,0,"752109,"
752110,0,"752110,"
752111,0,"752111,"
752113,0,"752113,"
752114,0,"752114,"
752115,0,"752115,"
752116,0,"752116,"
752118,0,"752118,"
752119,0,"752119,"
752120,0,"752120,"
752121,0,"752121,"
753001,0,"753001,"
753002,0,"753002,"
753003,0,"753003,"
753004,0,"753004,"
753006,0,"753006,"
753007,0,"753007,"
753008,0,"753008,"
753009,0,"753009,"
753010,0,"753010,"
753011,0,"753011,"
753012,0,"753012,"
753013,0,"753013,"
753014,0,"753014,"
753015,0,"753015,"
754001,0,"754001,"
754002,0,"754002,"
754003,0,"754003,"
754004,0,"754004,"
754005,0,"754005,"
754006,0,"754006,"
754007,0,"754007,"
754008,0,"754008,"
754009,0,"754009,"
754010,0,"754010,"
754011,0,"754011,"
754012,0,"754012,"
754013,0,"754013,"
754018,0,"754018,"
754021,0,"754021,"
754022,0,"754022,"
754023,0,"754023,"
754024,0,"754024,"
754025,0,"754025,"
754026,0,"754026,"
754027,0,"754027,"
754028,0,"754028,"
754029,0,"754029,"
754030,0,"754030,"
754031,0,"754031,"
754032,0,"754032,"
754034,0,"754034,"
754035,0,"754035,"
754037,0,"754037,"
754071,0,"754071,"
754082,0,"754082,"
754100,0,"754100,"
754102,0,"754102,"
754103,0,"754103,"
754104,0,"754104,"
754105,0,"754105,"
754106,0,"754106,"
754107,0,"754107,"
754108,0,"754108,"
754109,0,"754109,"
754110,0,"754110,"
754111,0,"754111,"
754112,0,"754112,"
754113,0,"754113,"
754114,0,"754114,"
754119,0,"754119,"
754120,0,"754120,"
754130,0,"754130,"
754131,0,"754131,"
754132,0,"754132,"
754133,0,"754133,"
754134,0,"754134,"
754135,0,"754135,"
754136,0,"754136,"
754137,0,"754137,"
754138,0,"754138,"
754139,0,"754139,"
754140,0,"754140,"
754141,0,"754141,"
754142,0,"754142,"
754143,0,"754143,"
754145,0,"754145,"
754153,0,"754153,"
754159,0,"754159,"
754160,0,"754160,"
754162,0,"754162,"
754200,0,"754200,"
754201,0,"754201,"
754202,0,"754202,"
754203,0,"754203,"
754204,0,"754204,"
754205,0,"754205,"
754206,0,"754206,"
754207,0,"754207,"
754208,0,"754208,"
754209,0,"754209,"
754210,0,"754210,"
754211,0,"754211,"
754212,0,"754212,"
754213,0,"754213,"
754214,0,"754214,"
754215,0,"754215,"
754216,0,"754216,"
754217,0,"754217,"
754218,0,"754218,"
754219,0,"754219,"
754220,0,"754220,"
754221,0,"754221,"
754222,0,"754222,"
754223,0,"754223,"
754224,0,"754224,"
754225,0,"754225,"
754227,0,"754227,"
754228,0,"754228,"
754231,0,"754231,"
754239,0,"754239,"
754240,0,"754240,"
754244,0,"754244,"
754245,0,"754245,"
754246,0,"754246,"
754248,0,"754248,"
754250,0,"754250,"
754253,0,"754253,"
754289,0,"754289,"
754290,0,"754290,"
754292,0,"754292,"
754293,0,"754293,"
754294,0,"754294,"
754295,0,"754295,"
754296,0,"754296,"
754297,0,"754297,"
755001,0,"755001,"
755003,0,"755003,"
755004,0,"755004,"
755005,0,"755005,"
755006,0,"755006,"
755007,0,"755007,"
755008,0,"755008,"
755009,0,"755009,"
755010,0,"755010,"
755011,0,"755011,"
755012,0,"755012,"
755013,0,"755013,"
755014,0,"755014,"
755015,0,"755015,"
755016,0,"755016,"
755017,0,"755017,"
755018,0,"755018,"
755019,0,"755019,"
755020,0,"755020,"
755022,0,"755022,"
755023,0,"755023,"
755024,0,"755024,"
755025,0,"755025,"
755026,0,"755026,"
755027,0,"755027,"
755028,0,"755028,"
755036,0,"755036,"
755043,0,"755043,"
755044,0,"755044,"
755049,0,"755049,"
755050,0,"755050,"
755051,0,"755051,"
755061,0,"755061,"
755062,0,"755062,"
756001,0,"756001,"
756002,0,"756002,"
756003,0,"756003,"
756019,0,"756019,"
756020,0,"756020,"
756021,0,"756021,"
756022,0,"756022,"
756023,0,"756023,"
756024,0,"756024,"
756025,0,"756025,"
756026,0,"756026,"
756027,0,"756027,"
756028,0,"756028,"
756029,0,"756029,"
756030,0,"756030,"
756032,0,"756032,"
756033,0,"756033,"
756034,0,"756034,"
756035,0,"756035,"
756036,0,"756036,"
756037,0,"756037,"
756038,0,"756038,"
756039,0,"756039,"
756040,0,"756040,"
756041,0,"756041,"
756042,0,"756042,"
756043,0,"756043,"
756044,0,"756044,"
756045,0,"756045,"
756046,0,"756046,"
756047,0,"756047,"
756048,0,"756048,"
756049,0,"756049,"
756051,0,"756051,"
756055,0,"756055,"
756056,0,"756056,"
756058,0,"756058,"
756059,0,"756059,"
756060,0,"756060,"
756079,0,"756079,"
756080,0,"756080,"
756081,0,"756081,"
756083,0,"756083,"
756084,0,"756084,"
756085,0,"756085,"
756086,0,"756086,"
756087,0,"756087,"
756100,0,"756100,"
756101,0,"756101,"
756111,0,"756111,"
756112,0,"756112,"
756113,0,"756113,"
756114,0,"756114,"
756115,0,"756115,"
756116,0,"756116,"
756117,0,"756117,"
756118,0,"756118,"
756119,0,"756119,"
756120,0,"756120,"
756121,0,"756121,"
756122,0,"756122,"
756123,0,"756123,"
756124,0,"756124,"
756125,0,"756125,"
756126,0,"756126,"
756127,0,"756127,"
756128,0,"756128,"
756129,0,"756129,"
756130,0,"756130,"
756131,0,"756131,"
756132,0,"756132,"
756133,0,"756133,"
756134,0,"756134,"
756135,0,"756135,"
756137,0,"756137,"
756138,0,"756138,"
756139,0,"756139,"
756144,0,"756144,"
756162,0,"756162,"
756163,0,"756163,"
756164,0,"756164,"
756165,0,"756165,"
756166,0,"756166,"
756167,0,"756167,"
756168,0,"756168,"
756171,0,"756171,"
756181,0,"756181,"
756182,0,"756182,"
757001,0,"757001,"
757002,0,"757002,"
757003,0,"757003,"
757014,0,"757014,"
757016,0,"757016,"
757017,0,"757017,"
757018,0,"757018,"
757019,0,"757019,"
757020,0,"757020,"
757021,0,"757021,"
757022,0,"757022,"
757023,0,"757023,"
757024,0,"757024,"
757025,0,"757025,"
757026,0,"757026,"
757027,0,"757027,"
757028,0,"757028,"
757029,0,"757029,"
757030,0,"757030,"
757031,0,"757031,"
757032,0,"757032,"
757033,0,"757033,"
757034,0,"757034,"
757035,0,"757035,"
757036,0,"757036,"
757037,0,"757037,"
757038,0,"757038,"
757039,0,"757039,"
757040,0,"757040,"
757041,0,"757041,"
757042,0,"757042,"
757043,0,"757043,"
757045,0,"757045,"
757046,0,"757046,"
757047,0,"757047,"
757048,0,"757048,"
757049,0,"757049,"
757050,0,"757050,"
757051,0,"757051,"
757052,0,"757052,"
757053,0,"757053,"
757054,0,"757054,"
757055,0,"757055,"
757073,0,"757073,"
757074,0,"757074,"
757075,0,"757075,"
757077,0,"757077,"
757079,0,"757079,"
757081,0,"757081,"
757082,0,"757082,"
757083,0,"757083,"
757084,0,"757084,"
757085,0,"757085,"
757086,0,"757086,"
757087,0,"757087,"
757091,0,"757091,"
757092,0,"757092,"
757093,0,"757093,"
757100,0,"757100,"
757101,0,"757101,"
757102,0,"757102,"
757103,0,"757103,"
757104,0,"757104,"
757105,0,"757105,"
757106,0,"757106,"
757107,0,"757107,"
758001,0,"758001,"
758002,0,"758002,"
758013,0,"758013,"
758014,0,"758014,"
758015,0,"758015,"
758016,0,"758016,"
758017,0,"758017,"
758018,0,"758018,"
758019,0,"758019,"
758020,0,"758020,"
758021,0,"758021,"
758022,0,"758022,"
758023,0,"758023,"
758025,0,"758025,"
758026,0,"758026,"
758027,0,"758027,"
758028,0,"758028,"
758029,0,"758029,"
758030,0,"758030,"
758031,0,"758031,"
758032,0,"758032,"
758034,0,"758034,"
758035,0,"758035,"
758036,0,"758036,"
758037,0,"758037,"
758038,0,"758038,"
758040,0,"758040,"
758041,0,"758041,"
758043,0,"758043,"
758044,0,"758044,"
758045,0,"758045,"
758046,0,"758046,"
758047,0,"758047,"
758076,0,"758076,"
758078,0,"758078,"
758079,0,"758079,"
758080,0,"758080,"
758081,0,"758081,"
758082,0,"758082,"
758083,0,"758083,"
758084,0,"758084,"
758085,0,"758085,"
758086,0,"758086,"
758087,0,"758087,"
759001,0,"759001,"
759013,0,"759013,"
759014,0,"759014,"
759015,0,"759015,"
759016,0,"759016,"
759017,0,"759017,"
759018,0,"759018,"
759019,0,"759019,"
759020,0,"759020,"
759021,0,"759021,"
759022,0,"759022,"
759023,0,"759023,"
759024,0,"759024,"
759025,0,"759025,"
759026,0,"759026,"
759027,0,"759027,"
759028,0,"759028,"
759029,0,"759029,"
759037,0,"759037,"
759039,0,"759039,"
759040,0,"759040,"
759100,0,"759100,"
759101,0,"759101,"
759102,0,"759102,"
759103,0,"759103,"
759104,0,"759104,"
759105,0,"759105,"
759106,0,"759106,"
759107,0,"759107,"
759111,0,"759111,"
759116,0,"759116,"
759117,0,"759117,"
759118,0,"759118,"
759119,0,"759119,"
759120,0,"759120,"
759121,0,"759121,"
759122,0,"759122,"
759123,0,"759123,"
759124,0,"759124,"
759125,0,"759125,"
759126,0,"759126,"
759127,0,"759127,"
759128,0,"759128,"
759129,0,"759129,"
759130,0,"759130,"
759132,0,"759132,"
759141,0,"759141,"
759143,0,"759143,"
759145,0,"759145,"
759146,0,"759146,"
759147,0,"759147,"
759148,0,"759148,"
760001,0,"760001,"
760002,0,"760002,"
760003,0,"760003,"
760004,0,"760004,"
760005,0,"760005,"
760006,0,"760006,"
760007,0,"760007,"
760008,0,"760008,"
760009,0,"760009,"
760010,0,"760010,"
760011,0,"760011,"
761001,0,"761001,"
761002,0,"761002,"
761003,0,"761003,"
761004,0,"761004,"
761005,0,"761005,"
761006,0,"761006,"
761007,0,"761007,"
761008,0,"761008,"
761009,0,"761009,"
761010,0,"761010,"
761011,0,"761011,"
761012,0,"761012,"
761013,0,"761013,"
761014,0,"761014,"
761015,0,"761015,"
761016,0,"761016,"
761017,0,"761017,"
761018,0,"761018,"
761019,0,"761019,"
761020,0,"761020,"
761025,0,"761025,"
761026,0,"761026,"
761027,0,"761027,"
761028,0,"761028,"
761029,0,"761029,"
761030,0,"761030,"
761031,0,"761031,"
761032,0,"761032,"
761035,0,"761035,"
761037,0,"761037,"
761041,0,"761041,"
761042,0,"761042,"
761043,0,"761043,"
761045,0,"761045,"
761052,0,"761052,"
761054,0,"761054,"
761055,0,"761055,"
761100,0,"761100,"
761101,0,"761101,"
761102,0,"761102,"
761103,0,"761103,"
761104,0,"761104,"
761105,0,"761105,"
761106,0,"761106,"
761107,0,"761107,"
761108,0,"761108,"
761109,0,"761109,"
761110,0,"761110,"
761111,0,"761111,"
761114,0,"761114,"
761115,0,"761115,"
761116,0,"761116,"
761117,0,"761117,"
761118,0,"761118,"
761119,0,"761119,"
761120,0,"761120,"
761121,0,"761121,"
761122,0,"761122,"
761123,0,"761123,"
761124,0,"761124,"
761125,0,"761125,"
761126,0,"761126,"
761131,0,"761131,"
761132,0,"761132,"
761133,0,"761133,"
761140,0,"761140,"
761141,0,"761141,"
761143,0,"761143,"
761144,0,"761144,"
761146,0,"761146,"
761151,0,"761151,"
761200,0,"761200,"
761201,0,"761201,"
761206,0,"761206,"
761207,0,"761207,"
761208,0,"761208,"
761209,0,"761209,"
761210,0,"761210,"
761211,0,"761211,"
761212,0,"761212,"
761213,0,"761213,"
761214,0,"761214,"
761215,0,"761215,"
761217,0,"761217,"
762001,0,"762001,"
762002,0,"762002,"
762010,0,"762010,"
762011,0,"762011,"
762012,0,"762012,"
762013,0,"762013,"
762014,0,"762014,"
762015,0,"762015,"
762016,0,"762016,"
762017,0,"762017,"
762018,0,"762018,"
762019,0,"762019,"
762020,0,"762020,"
762021,0,"762021,"
762022,0,"762022,"
762023,0,"762023,"
762024,0,"762024,"
762026,0,"762026,"
762027,0,"762027,"
762028,0,"762028,"
762029,0,"762029,"
762030,0,"762030,"
762100,0,"762100,"
762101,0,"762101,"
762102,0,"762102,"
762103,0,"762103,"
762104,0,"762104,"
762105,0,"762105,"
762106,0,"762106,"
762107,0,"762107,"
762109,0,"762109,"
762110,0,"762110,"
762112,0,"762112,"
763001,0,"763001,"
763002,0,"763002,"
763003,0,"763003,"
763004,0,"763004,"
763008,0,"763008,"
764001,0,"764001,"
764002,0,"764002,"
764003,0,"764003,"
764004,0,"764004,"
764005,0,"764005,"
764006,0,"764006,"
764011,0,"764011,"
764014,0,"764014,"
764020,0,"764020,"
764021,0,"764021,"
764027,0,"764027,"
764028,0,"764028,"
764036,0,"764036,"
764037,0,"764037,"
764038,0,"764038,"
764039,0,"764039,"
764040,0,"764040,"
764041,0,"764041,"
764042,0,"764042,"
764043,0,"764043,"
764044,0,"764044,"
764045,0,"764045,"
764046,0,"764046,"
764047,0,"764047,"
764048,0,"764048,"
764049,0,"764049,"
764051,0,"764051,"
764052,0,"764052,"
764055,0,"764055,"
764056,0,"764056,"
764057,0,"764057,"
764058,0,"764058,"
764059,0,"764059,"
764061,0,"764061,"
764062,0,"764062,"
764063,0,"764063,"
764070,0,"764070,"
764071,0,"764071,"
764072,0,"764072,"
764073,0,"764073,"
764074,0,"764074,"
764075,0,"764075,"
764076,0,"764076,"
764077,0,"764077,"
764078,0,"764078,"
764081,0,"764081,"
764085,0,"764085,"
764086,0,"764086,"
764087,0,"764087,"
764088,0,"764088,"
765001,0,"765001,"
765002,0,"765002,"
765013,0,"765013,"
765015,0,"765015,"
765016,0,"765016,"
765017,0,"765017,"
765018,0,"765018,"
765019,0,"765019,"
765020,0,"765020,"
765021,0,"765021,"
765022,0,"765022,"
765023,0,"765023,"
765024,0,"765024,"
765025,0,"765025,"
765026,0,"765026,"
765029,0,"765029,"
765033,0,"765033,"
765034,0,"765034,"
766001,0,"766001,"
766002,0,"766002,"
766011,0,"766011,"
766012,0,"766012,"
766013,0,"766013,"
766014,0,"766014,"
766015,0,"766015,"
766016,0,"766016,"
766017,0,"766017,"
766018,0,"766018,"
766019,0,"766019,"
766020,0,"766020,"
766023,0,"766023,"
766026,0,"766026,"
766027,0,"766027,"
766028,0,"766028,"
766029,0,"766029,"
766031,0,"766031,"
766032,0,"766032,"
766036,0,"766036,"
766037,0,"766037,"
766100,0,"766100,"
766101,0,"766101,"
766102,0,"766102,"
766103,0,"766103,"
766104,0,"766104,"
766105,0,"766105,"
766106,0,"766106,"
766107,0,"766107,"
766108,0,"766108,"
766110,0,"766110,"
766111,0,"766111,"
766118,0,"766118,"
767001,0,"767001,"
767002,0,"767002,"
767016,0,"767016,"
767017,0,"767017,"
767018,0,"767018,"
767019,0,"767019,"
767020,0,"767020,"
767021,0,"767021,"
767022,0,"767022,"
767023,0,"767023,"
767024,0,"767024,"
767025,0,"767025,"
767026,0,"767026,"
767027,0,"767027,"
767028,0,"767028,"
767029,0,"767029,"
767030,0,"767030,"
767032,0,"767032,"
767033,0,"767033,"
767035,0,"767035,"
767037,0,"767037,"
767038,0,"767038,"
767039,0,"767039,"
767040,0,"767040,"
767041,0,"767041,"
767042,0,"767042,"
767045,0,"767045,"
767046,0,"767046,"
767048,0,"767048,"
767060,0,"767060,"
767061,0,"767061,"
767062,0,"767062,"
767065,0,"767065,"
767066,0,"767066,"
767067,0,"767067,"
767068,0,"767068,"
767070,0,"767070,"
767071,0,"767071,"
768001,0,"768001,"
768002,0,"768002,"
768003,0,"768003,"
768004,0,"768004,"
768005,0,"768005,"
768006,0,"768006,"
768016,0,"768016,"
768017,0,"768017,"
768018,0,"768018,"
768019,0,"768019,"
768020,0,"768020,"
768025,0,"768025,"
768026,0,"768026,"
768027,0,"768027,"
768028,0,"768028,"
768029,0,"768029,"
768030,0,"768030,"
768031,0,"768031,"
768032,0,"768032,"
768033,0,"768033,"
768034,0,"768034,"
768035,0,"768035,"
768036,0,"768036,"
768037,0,"768037,"
768038,0,"768038,"
768039,0,"768039,"
768040,0,"768040,"
768042,0,"768042,"
768045,0,"768045,"
768048,0,"768048,"
768049,0,"768049,"
768050,0,"768050,"
768052,0,"768052,"
768102,0,"768102,"
768103,0,"768103,"
768104,0,"768104,"
768105,0,"768105,"
768106,0,"768106,"
768107,0,"768107,"
768108,0,"768108,"
768109,0,"768109,"
768110,0,"768110,"
768111,0,"768111,"
768112,0,"768112,"
768113,0,"768113,"
768115,0,"768115,"
768118,0,"768118,"
768119,0,"768119,"
768121,0,"768121,"
768200,0,"768200,"
768201,0,"768201,"
768202,0,"768202,"
768203,0,"768203,"
768204,0,"768204,"
768210,0,"768210,"
768211,0,"768211,"
768212,0,"768212,"
768213,0,"768213,"
768214,0,"768214,"
768215,0,"768215,"
768216,0,"768216,"
768217,0,"768217,"
768218,0,"768218,"
768219,0,"768219,"
768220,0,"768220,"
768221,0,"768221,"
768222,0,"768222,"
768224,0,"768224,"
768225,0,"768225,"
768226,0,"768226,"
768227,0,"768227,"
768228,0,"768228,"
768233,0,"768233,"
768234,0,"768234,"
769001,0,"769001,"
769002,0,"769002,"
769003,0,"769003,"
769004,0,"769004,"
769005,0,"769005,"
769006,0,"769006,"
769007,0,"769007,"
769008,0,"769008,"
769009,0,"769009,"
769010,0,"769010,"
769011,0,"769011,"
769012,0,"769012,"
769013,0,"769013,"
769014,0,"769014,"
769015,0,"769015,"
769016,0,"769016,"
769042,0,"769042,"
769043,0,"769043,"
770001,0,"770001,"
770002,0,"770002,"
770011,0,"770011,"
770012,0,"770012,"
770013,0,"770013,"
770014,0,"770014,"
770015,0,"770015,"
770016,0,"770016,"
770017,0,"770017,"
770018,0,"770018,"
770019,0,"770019,"
770020,0,"770020,"
770021,0,"770021,"
770022,0,"770022,"
770023,0,"770023,"
770024,0,"770024,"
770025,0,"770025,"
770031,0,"770031,"
770032,0,"770032,"
770033,0,"770033,"
770034,0,"770034,"
770035,0,"770035,"
770036,0,"770036,"
770037,0,"770037,"
770038,0,"770038,"
770039,0,"770039,"
770040,0,"770040,"
770041,0,"770041,"
770042,0,"770042,"
770043,0,"770043,"
770044,0,"770044,"
770046,0,"770046,"
770048,0,"770048,"
770051,0,"770051,"
770052,0,"770052,"
770070,0,"770070,"
770072,0,"770072,"
770073,0,"770073,"
770074,0,"770074,"
770075,0,"770075,"
770076,0,"770076,"
781001,0,"781001,"
781002,0,"781002,"
781003,0,"781003,"
781004,0,"781004,"
781005,0,"781005,"
781006,0,"781006,"
781007,0,"781007,"
781008,0,"781008,"
781009,0,"781009,"
781010,0,"781010,"
781011,0,"781011,"
781012,0,"781012,"
781013,0,"781013,"
781014,0,"781014,"
781015,0,"781015,"
781016,0,"781016,"
781017,0,"781017,"
781018,0,"781018,"
781019,0,"781019,"
781020,0,"781020,"
781021,0,"781021,"
781022,0,"781022,"
781023,0,"781023,"
781024,0,"781024,"
781025,0,"781025,"
781026,0,"781026,"
781027,0,"781027,"
781028,0,"781028,"
781029,0,"781029,"
781030,0,"781030,"
781031,0,"781031,"
781032,0,"781032,"
781034,0,"781034,"
781035,0,"781035,"
781036,0,"781036,"
781037,0,"781037,"
781038,0,"781038,"
781039,0,"781039,"
781040,0,"781040,"
781101,0,"781101,"
781102,0,"781102,"
781103,0,"781103,"
781104,0,"781104,"
781120,0,"781120,"
781121,0,"781121,"
781122,0,"781122,"
781123,0,"781123,"
781124,0,"781124,"
781125,0,"781125,"
781126,0,"781126,"
781127,0,"781127,"
781128,0,"781128,"
781129,0,"781129,"
781131,0,"781131,"
781132,0,"781132,"
781133,0,"781133,"
781134,0,"781134,"
781135,0,"781135,"
781136,0,"781136,"
781137,0,"781137,"
781138,0,"781138,"
781141,0,"781141,"
781150,0,"781150,"
781171,0,"781171,"
781301,0,"781301,"
781302,0,"781302,"
781303,0,"781303,"
781304,0,"781304,"
781305,0,"781305,"
781306,0,"781306,"
781307,0,"781307,"
781308,0,"781308,"
781309,0,"781309,"
781310,0,"781310,"
781311,0,"781311,"
781312,0,"781312,"
781313,0,"781313,"
781314,0,"781314,"
781315,0,"781315,"
781316,0,"781316,"
781317,0,"781317,"
781318,0,"781318,"
781319,0,"781319,"
781321,0,"781321,"
781325,0,"781325,"
781326,0,"781326,"
781327,0,"781327,"
781328,0,"781328,"
781329,0,"781329,"
781330,0,"781330,"
781333,0,"781333,"
781334,0,"781334,"
781335,0,"781335,"
781337,0,"781337,"
781338,0,"781338,"
781339,0,"781339,"
781340,0,"781340,"
781341,0,"781341,"
781343,0,"781343,"
781344,0,"781344,"
781346,0,"781346,"
781347,0,"781347,"
781348,0,"781348,"
781349,0,"781349,"
781350,0,"781350,"
781351,0,"781351,"
781352,0,"781352,"
781353,0,"781353,"
781354,0,"781354,"
781355,0,"781355,"
781360,0,"781360,"
781364,0,"781364,"
781365,0,"781365,"
781366,0,"781366,"
781367,0,"781367,"
781368,0,"781368,"
781369,0,"781369,"
781370,0,"781370,"
781371,0,"781371,"
781372,0,"781372,"
781373,0,"781373,"
781374,0,"781374,"
781375,0,"781375,"
781376,0,"781376,"
781377,0,"781377,"
781378,0,"781378,"
781380,0,"781380,"
781381,0,"781381,"
781382,0,"781382,"
782001,0,"782001,"
782002,0,"782002,"
782003,0,"782003,"
782101,0,"782101,"
782102,0,"782102,"
782103,0,"782103,"
782104,0,"782104,"
782105,0,"782105,"
782106,0,"782106,"
782120,0,"782120,"
782121,0,"782121,"
782122,0,"782122,"
782123,0,"782123,"
782124,0,"782124,"
782125,0,"782125,"
782126,0,"782126,"
782127,0,"782127,"
782128,0,"782128,"
782135,0,"782135,"
782136,0,"782136,"
782137,0,"782137,"
782138,0,"782138,"
782139,0,"782139,"
782140,0,"782140,"
782141,0,"782141,"
782142,0,"782142,"
782143,0,"782143,"
782144,0,"782144,"
782401,0,"782401,"
782402,0,"782402,"
782403,0,"782403,"
782410,0,"782410,"
782411,0,"782411,"
782412,0,"782412,"
782413,0,"782413,"
782425,0,"782425,"
782426,0,"782426,"
782427,0,"782427,"
782428,0,"782428,"
782429,0,"782429,"
782435,0,"782435,"
782439,0,"782439,"
782440,0,"782440,"
782441,0,"782441,"
782442,0,"782442,"
782445,0,"782445,"
782446,0,"782446,"
782447,0,"782447,"
782448,0,"782448,"
782450,0,"782450,"
782460,0,"782460,"
782461,0,"782461,"
782462,0,"782462,"
782470,0,"782470,"
782480,0,"782480,"
782481,0,"782481,"
782482,0,"782482,"
782485,0,"782485,"
782486,0,"782486,"
782490,0,"782490,"
783101,0,"783101,"
783120,0,"783120,"
783122,0,"783122,"
783123,0,"783123,"
783124,0,"783124,"
783125,0,"783125,"
783126,0,"783126,"
783127,0,"783127,"
783128,0,"783128,"
783129,0,"783129,"
783130,0,"783130,"
783131,0,"783131,"
783132,0,"783132,"
783133,0,"783133,"
783134,0,"783134,"
783135,0,"783135,"
783301,0,"783301,"
783323,0,"783323,"
783324,0,"783324,"
783325,0,"783325,"
783330,0,"783330,"
783331,0,"783331,"
783332,0,"783332,"
783333,0,"783333,"
783334,0,"783334,"
783335,0,"783335,"
783336,0,"783336,"
783337,0,"783337,"
783339,0,"783339,"
783345,0,"783345,"
783346,0,"783346,"
783347,0,"783347,"
783348,0,"783348,"
783349,0,"783349,"
783350,0,"783350,"
783354,0,"783354,"
783360,0,"783360,"
783361,0,"783361,"
783369,0,"783369,"
783370,0,"783370,"
783371,0,"783371,"
783372,0,"783372,"
783373,0,"783373,"
783375,0,"783375,"
783376,0,"783376,"
783380,0,"783380,"
783381,0,"783381,"
783382,0,"783382,"
783383,0,"783383,"
783384,0,"783384,"
783385,0,"783385,"
783388,0,"783388,"
783389,0,"783389,"
783390,0,"783390,"
783391,0,"783391,"
783392,0,"783392,"
783393,0,"783393,"
783394,0,"783394,"
784001,0,"784001,"
784010,0,"784010,"
784025,0,"784025,"
784026,0,"784026,"
784027,0,"784027,"
784028,0,"784028,"
784101,0,"784101,"
784102,0,"784102,"
784103,0,"784103,"
784104,0,"784104,"
784105,0,"784105,"
784110,0,"784110,"
784111,0,"784111,"
784112,0,"784112,"
784113,0,"784113,"
784114,0,"784114,"
784115,0,"784115,"
784116,0,"784116,"
784117,0,"784117,"
784125,0,"784125,"
784144,0,"784144,"
784145,0,"784145,"
784146,0,"784146,"
784147,0,"784147,"
784148,0,"784148,"
784149,0,"784149,"
784150,0,"784150,"
784153,0,"784153,"
784154,0,"784154,"
784160,0,"784160,"
784161,0,"784161,"
784163,0,"784163,"
784164,0,"784164,"
784165,0,"784165,"
784166,0,"784166,"
784167,0,"784167,"
784168,0,"784168,"
784169,0,"784169,"
784170,0,"784170,"
784171,0,"784171,"
784172,0,"784172,"
784173,0,"784173,"
784174,0,"784174,"
784175,0,"784175,"
784176,0,"784176,"
784177,0,"784177,"
784178,0,"784178,"
784179,0,"784179,"
784180,0,"784180,"
784182,0,"784182,"
784184,0,"784184,"
784189,0,"784189,"
784190,0,"784190,"
784501,0,"784501,"
784502,0,"784502,"
784504,0,"784504,"
784505,0,"784505,"
784506,0,"784506,"
784507,0,"784507,"
784508,0,"784508,"
784509,0,"784509,"
784510,0,"784510,"
784513,0,"784513,"
784514,0,"784514,"
784521,0,"784521,"
784522,0,"784522,"
784523,0,"784523,"
784524,0,"784524,"
784525,0,"784525,"
784526,0,"784526,"
784527,0,"784527,"
784528,0,"784528,"
784529,0,"784529,"
785001,0,"785001,"
785004,0,"785004,"
785006,0,"785006,"
785007,0,"785007,"
785008,0,"785008,"
785009,0,"785009,"
785010,0,"785010,"
785013,0,"785013,"
785014,0,"785014,"
785015,0,"785015,"
785101,0,"785101,"
785102,0,"785102,"
785104,0,"785104,"
785105,0,"785105,"
785106,0,"785106,"
785107,0,"785107,"
785108,0,"785108,"
785110,0,"785110,"
785111,0,"785111,"
785112,0,"785112,"
785601,0,"785601,"
785602,0,"785602,"
785603,0,"785603,"
785609,0,"785609,"
785610,0,"785610,"
785611,0,"785611,"
785612,0,"785612,"
785613,0,"785613,"
785614,0,"785614,"
785615,0,"785615,"
785616,0,"785616,"
785618,0,"785618,"
785619,0,"785619,"
785621,0,"785621,"
785622,0,"785622,"
785625,0,"785625,"
785626,0,"785626,"
785630,0,"785630,"
785631,0,"785631,"
785632,0,"785632,"
785633,0,"785633,"
785634,0,"785634,"
785635,0,"785635,"
785636,0,"785636,"
785640,0,"785640,"
785661,0,"785661,"
785662,0,"785662,"
785663,0,"785663,"
785664,0,"785664,"
785665,0,"785665,"
785666,0,"785666,"
785667,0,"785667,"
785669,0,"785669,"
785670,0,"785670,"
785671,0,"785671,"
785672,0,"785672,"
785673,0,"785673,"
785674,0,"785674,"
785675,0,"785675,"
785676,0,"785676,"
785680,0,"785680,"
785681,0,"785681,"
785682,0,"785682,"
785683,0,"785683,"
785684,0,"785684,"
785685,0,"785685,"
785686,0,"785686,"
785687,0,"785687,"
785688,0,"785688,"
785689,0,"785689,"
785690,0,"785690,"
785691,0,"785691,"
785692,0,"785692,"
785693,0,"785693,"
785696,0,"785696,"
785697,0,"785697,"
785698,0,"785698,"
785699,0,"785699,"
785700,0,"785700,"
785701,0,"785701,"
785702,0,"785702,"
785703,0,"785703,"
785704,0,"785704,"
785705,0,"785705,"
786001,0,"786001,"
786002,0,"786002,"
786003,0,"786003,"
786004,0,"786004,"
786005,0,"786005,"
786006,0,"786006,"
786007,0,"786007,"
786008,0,"786008,"
786010,0,"786010,"
786012,0,"786012,"
786101,0,"786101,"
786102,0,"786102,"
786103,0,"786103,"
786125,0,"786125,"
786126,0,"786126,"
786145,0,"786145,"
786146,0,"786146,"
786147,0,"786147,"
786148,0,"786148,"
786150,0,"786150,"
786151,0,"786151,"
786152,0,"786152,"
786153,0,"786153,"
786154,0,"786154,"
786155,0,"786155,"
786156,0,"786156,"
786157,0,"786157,"
786158,0,"786158,"
786159,0,"786159,"
786160,0,"786160,"
786170,0,"786170,"
786171,0,"786171,"
786173,0,"786173,"
786174,0,"786174,"
786179,0,"786179,"
786181,0,"786181,"
786182,0,"786182,"
786183,0,"786183,"
786184,0,"786184,"
786187,0,"786187,"
786188,0,"786188,"
786189,0,"786189,"
786190,0,"786190,"
786191,0,"786191,"
786192,0,"786192,"
786601,0,"786601,"
786602,0,"786602,"
786610,0,"786610,"
786611,0,"786611,"
786612,0,"786612,"
786613,0,"786613,"
786614,0,"786614,"
786621,0,"786621,"
786622,0,"786622,"
786623,0,"786623,"
786692,0,"786692,"
787001,0,"787001,"
787023,0,"787023,"
787026,0,"787026,"
787031,0,"787031,"
787032,0,"787032,"
787033,0,"787033,"
787034,0,"787034,"
787035,0,"787035,"
787051,0,"787051,"
787052,0,"787052,"
787053,0,"787053,"
787054,0,"787054,"
787055,0,"787055,"
787056,0,"787056,"
787057,0,"787057,"
787058,0,"787058,"
787059,0,"787059,"
787060,0,"787060,"
787061,0,"787061,"
787110,0,"787110,"
788001,0,"788001,"
788002,0,"788002,"
788003,0,"788003,"
788004,0,"788004,"
788005,0,"788005,"
788006,0,"788006,"
788007,0,"788007,"
788009,0,"788009,"
788010,0,"788010,"
788011,0,"788011,"
788013,0,"788013,"
788014,0,"788014,"
788015,0,"788015,"
788025,0,"788025,"
788026,0,"788026,"
788030,0,"788030,"
788031,0,"788031,"
788098,0,"788098,"
788099,0,"788099,"
788101,0,"788101,"
788102,0,"788102,"
788103,0,"788103,"
788104,0,"788104,"
788106,0,"788106,"
788107,0,"788107,"
788108,0,"788108,"
788109,0,"788109,"
788110,0,"788110,"
788111,0,"788111,"
788112,0,"788112,"
788113,0,"788113,"
788114,0,"788114,"
788115,0,"788115,"
788116,0,"788116,"
788117,0,"788117,"
788118,0,"788118,"
788119,0,"788119,"
788120,0,"788120,"
788121,0,"788121,"
788123,0,"788123,"
788126,0,"788126,"
788127,0,"788127,"
788150,0,"788150,"
788151,0,"788151,"
788152,0,"788152,"
788155,0,"788155,"
788156,0,"788156,"
788160,0,"788160,"
788161,0,"788161,"
788162,0,"788162,"
788163,0,"788163,"
788164,0,"788164,"
788165,0,"788165,"
788166,0,"788166,"
788168,0,"788168,"
788701,0,"788701,"
788709,0,"788709,"
788710,0,"788710,"
788711,0,"788711,"
788712,0,"788712,"
788713,0,"788713,"
788719,0,"788719,"
788720,0,"788720,"
788722,0,"788722,"
788723,0,"788723,"
788724,0,"788724,"
788725,0,"788725,"
788726,0,"788726,"
788727,0,"788727,"
788728,0,"788728,"
788733,0,"788733,"
788734,0,"788734,"
788735,0,"788735,"
788736,0,"788736,"
788737,0,"788737,"
788781,0,"788781,"
788801,0,"788801,"
788802,0,"788802,"
788803,0,"788803,"
788804,0,"788804,"
788805,0,"788805,"
788806,0,"788806,"
788815,0,"788815,"
788816,0,"788816,"
788817,0,"788817,"
788818,0,"788818,"
788819,0,"788819,"
788820,0,"788820,"
788830,0,"788830,"
788831,0,"788831,"
788832,0,"788832,"
788931,0,"788931,"
790001,0,"790001,"
790002,0,"790002,"
790003,0,"790003,"
790101,0,"790101,"
790102,0,"790102,"
790103,0,"790103,"
790104,0,"790104,"
790105,0,"790105,"
790106,0,"790106,"
790114,0,"790114,"
790116,0,"790116,"
791001,0,"791001,"
791002,0,"791002,"
791003,0,"791003,"
791101,0,"791101,"
791102,0,"791102,"
791103,0,"791103,"
791104,0,"791104,"
791105,0,"791105,"
791109,0,"791109,"
791110,0,"791110,"
791111,0,"791111,"
791112,0,"791112,"
791113,0,"791113,"
791114,0,"791114,"
791118,0,"791118,"
791119,0,"791119,"
791120,0,"791120,"
791121,0,"791121,"
791122,0,"791122,"
791123,0,"791123,"
791125,0,"791125,"
792001,0,"792001,"
792055,0,"792055,"
792056,0,"792056,"
792101,0,"792101,"
792102,0,"792102,"
792103,0,"792103,"
792104,0,"792104,"
792105,0,"792105,"
792110,0,"792110,"
792111,0,"792111,"
792120,0,"792120,"
792121,0,"792121,"
792122,0,"792122,"
792123,0,"792123,"
792129,0,"792129,"
792130,0,"792130,"
792131,0,"792131,"
793001,0,"793001,"
793002,0,"793002,"
793003,0,"793003,"
793004,0,"793004,"
793005,0,"793005,"
793006,0,"793006,"
793007,0,"793007,"
793008,0,"793008,"
793009,0,"793009,"
793010,0,"793010,"
793011,0,"793011,"
793012,0,"793012,"
793014,0,"793014,"
793015,0,"793015,"
793016,0,"793016,"
793017,0,"793017,"
793018,0,"793018,"
793019,0,"793019,"
793021,0,"793021,"
793022,0,"793022,"
793101,0,"793101,"
793102,0,"793102,"
793103,0,"793103,"
793104,0,"793104,"
793105,0,"793105,"
793106,0,"793106,"
793107,0,"793107,"
793108,0,"793108,"
793109,0,"793109,"
793110,0,"793110,"
793111,0,"793111,"
793112,0,"793112,"
793113,0,"793113,"
793114,0,"793114,"
793115,0,"793115,"
793116,0,"793116,"
793119,0,"793119,"
793120,0,"793120,"
793121,0,"793121,"
793122,0,"793122,"
793123,0,"793123,"
793126,0,"793126,"
793150,0,"793150,"
793151,0,"793151,"
793160,0,"793160,"
793161,0,"793161,"
793200,0,"793200,"
793210,0,"793210,"
794001,0,"794001,"
794002,0,"794002,"
794003,0,"794003,"
794005,0,"794005,"
794101,0,"794101,"
794102,0,"794102,"
794103,0,"794103,"
794104,0,"794104,"
794105,0,"794105,"
794106,0,"794106,"
794107,0,"794107,"
794108,0,"794108,"
794109,0,"794109,"
794110,0,"794110,"
794111,0,"794111,"
794112,0,"794112,"
794114,0,"794114,"
794115,0,"794115,"
795001,0,"795001,"
795002,0,"795002,"
795003,0,"795003,"
795004,0,"795004,"
795005,0,"795005,"
795006,0,"795006,"
795007,0,"795007,"
795008,0,"795008,"
795009,0,"795009,"
795010,0,"795010,"
795011,0,"795011,"
795015,0,"795015,"
795101,0,"795101,"
795102,0,"795102,"
795103,0,"795103,"
795104,0,"795104,"
795105,0,"795105,"
795106,0,"795106,"
795107,0,"795107,"
795112,0,"795112,"
795113,0,"795113,"
795114,0,"795114,"
795115,0,"795115,"
795116,0,"795116,"
795117,0,"795117,"
795118,0,"795118,"
795122,0,"795122,"
795124,0,"795124,"
795125,0,"795125,"
795126,0,"795126,"
795127,0,"795127,"
795128,0,"795128,"
795129,0,"795129,"
795130,0,"795130,"
795131,0,"795131,"
795132,0,"795132,"
795133,0,"795133,"
795134,0,"795134,"
795135,0,"795135,"
795136,0,"795136,"
795138,0,"795138,"
795139,0,"795139,"
795140,0,"795140,"
795141,0,"795141,"
795142,0,"795142,"
795144,0,"795144,"
795145,0,"795145,"
795146,0,"795146,"
795147,0,"795147,"
795148,0,"795148,"
795149,0,"795149,"
795150,0,"795150,"
795159,0,"795159,"
796001,0,"796001,"
796004,0,"796004,"
796005,0,"796005,"
796007,0,"796007,"
796008,0,"796008,"
796009,0,"796009,"
796012,0,"796012,"
796014,0,"796014,"
796015,0,"796015,"
796017,0,"796017,"
796036,0,"796036,"
796070,0,"796070,"
796075,0,"796075,"
796081,0,"796081,"
796091,0,"796091,"
796101,0,"796101,"
796111,0,"796111,"
796161,0,"796161,"
796181,0,"796181,"
796184,0,"796184,"
796186,0,"796186,"
796190,0,"796190,"
796230,0,"796230,"
796261,0,"796261,"
796290,0,"796290,"
796310,0,"796310,"
796320,0,"796320,"
796321,0,"796321,"
796370,0,"796370,"
796410,0,"796410,"
796421,0,"796421,"
796431,0,"796431,"
796441,0,"796441,"
796470,0,"796470,"
796471,0,"796471,"
796501,0,"796501,"
796571,0,"796571,"
796581,0,"796581,"
796691,0,"796691,"
796701,0,"796701,"
796710,0,"796710,"
796751,0,"796751,"
796770,0,"796770,"
796772,0,"796772,"
796810,0,"796810,"
796891,0,"796891,"
796901,0,"796901,"
797001,0,"797001,"
797002,0,"797002,"
797003,0,"797003,"
797004,0,"797004,"
797006,0,"797006,"
797099,0,"797099,"
797101,0,"797101,"
797103,0,"797103,"
797104,0,"797104,"
797105,0,"797105,"
797106,0,"797106,"
797107,0,"797107,"
797108,0,"797108,"
797109,0,"797109,"
797110,0,"797110,"
797111,0,"797111,"
797112,0,"797112,"
797113,0,"797113,"
797114,0,"797114,"
797115,0,"797115,"
797116,0,"797116,"
797117,0,"797117,"
797118,0,"797118,"
797120,0,"797120,"
797121,0,"797121,"
798601,0,"798601,"
798602,0,"798602,"
798603,0,"798603,"
798604,0,"798604,"
798607,0,"798607,"
798611,0,"798611,"
798612,0,"798612,"
798613,0,"798613,"
798614,0,"798614,"
798615,0,"798615,"
798616,0,"798616,"
798618,0,"798618,"
798619,0,"798619,"
798620,0,"798620,"
798621,0,"798621,"
798622,0,"798622,"
798623,0,"798623,"
798625,0,"798625,"
798627,0,"798627,"
799001,0,"799001,"
799002,0,"799002,"
799003,0,"799003,"
799004,0,"799004,"
799005,0,"799005,"
799006,0,"799006,"
799007,0,"799007,"
799008,0,"799008,"
799009,0,"799009,"
799010,0,"799010,"
799011,0,"799011,"
799012,0,"799012,"
799013,0,"799013,"
799014,0,"799014,"
799015,0,"799015,"
799022,0,"799022,"
799035,0,"799035,"
799045,0,"799045,"
799046,0,"799046,"
799101,0,"799101,"
799102,0,"799102,"
799103,0,"799103,"
799104,0,"799104,"
799105,0,"799105,"
799113,0,"799113,"
799114,0,"799114,"
799115,0,"799115,"
799120,0,"799120,"
799125,0,"799125,"
799130,0,"799130,"
799131,0,"799131,"
799132,0,"799132,"
799141,0,"799141,"
799142,0,"799142,"
799143,0,"799143,"
799144,0,"799144,"
799145,0,"799145,"
799150,0,"799150,"
799153,0,"799153,"
799155,0,"799155,"
799156,0,"799156,"
799157,0,"799157,"
799201,0,"799201,"
799202,0,"799202,"
799203,0,"799203,"
799204,0,"799204,"
799205,0,"799205,"
799207,0,"799207,"
799210,0,"799210,"
799211,0,"799211,"
799212,0,"799212,"
799250,0,"799250,"
799251,0,"799251,"
799253,0,"799253,"
799254,0,"799254,"
799256,0,"799256,"
799260,0,"799260,"
799261,0,"799261,"
799262,0,"799262,"
799263,0,"799263,"
799264,0,"799264,"
799266,0,"799266,"
799269,0,"799269,"
799270,0,"799270,"
799271,0,"799271,"
799273,0,"799273,"
799275,0,"799275,"
799277,0,"799277,"
799278,0,"799278,"
799279,0,"799279,"
799280,0,"799280,"
799281,0,"799281,"
799282,0,"799282,"
799284,0,"799284,"
799285,0,"799285,"
799286,0,"799286,"
799287,0,"799287,"
799288,0,"799288,"
799289,0,"799289,"
799290,0,"799290,"
800001,0,"800001,"
800002,0,"800002,"
800003,0,"800003,"
800004,0,"800004,"
800005,0,"800005,"
800006,0,"800006,"
800007,0,"800007,"
800008,0,"800008,"
800009,0,"800009,"
800010,0,"800010,"
800011,0,"800011,"
800012,0,"800012,"
800013,0,"800013,"
800014,0,"800014,"
800015,0,"800015,"
800016,0,"800016,"
800017,0,"800017,"
800018,0,"800018,"
800019,0,"800019,"
800020,0,"800020,"
800021,0,"800021,"
800022,0,"800022,"
800023,0,"800023,"
800024,0,"800024,"
800025,0,"800025,"
800026,0,"800026,"
800027,0,"800027,"
800028,0,"800028,"
800030,0,"800030,"
801102,0,"801102,"
801103,0,"801103,"
801104,0,"801104,"
801105,0,"801105,"
801106,0,"801106,"
801108,0,"801108,"
801109,0,"801109,"
801110,0,"801110,"
801111,0,"801111,"
801112,0,"801112,"
801113,0,"801113,"
801301,0,"801301,"
801302,0,"801302,"
801303,0,"801303,"
801304,0,"801304,"
801305,0,"801305,"
801306,0,"801306,"
801307,0,"801307,"
801503,0,"801503,"
801505,0,"801505,"
801506,0,"801506,"
801507,0,"801507,"
802101,0,"802101,"
802102,0,"802102,"
802103,0,"802103,"
802111,0,"802111,"
802112,0,"802112,"
802113,0,"802113,"
802114,0,"802114,"
802115,0,"802115,"
802116,0,"802116,"
802117,0,"802117,"
802118,0,"802118,"
802119,0,"802119,"
802120,0,"802120,"
802122,0,"802122,"
802123,0,"802123,"
802125,0,"802125,"
802126,0,"802126,"
802127,0,"802127,"
802128,0,"802128,"
802129,0,"802129,"
802130,0,"802130,"
802131,0,"802131,"
802132,0,"802132,"
802133,0,"802133,"
802134,0,"802134,"
802135,0,"802135,"
802136,0,"802136,"
802152,0,"802152,"
802154,0,"802154,"
802155,0,"802155,"
802156,0,"802156,"
802157,0,"802157,"
802158,0,"802158,"
802159,0,"802159,"
802160,0,"802160,"
802161,0,"802161,"
802162,0,"802162,"
802163,0,"802163,"
802164,0,"802164,"
802165,0,"802165,"
802166,0,"802166,"
802183,0,"802183,"
802201,0,"802201,"
802202,0,"802202,"
802203,0,"802203,"
802204,0,"802204,"
802205,0,"802205,"
802206,0,"802206,"
802207,0,"802207,"
802208,0,"802208,"
802209,0,"802209,"
802210,0,"802210,"
802211,0,"802211,"
802212,0,"802212,"
802213,0,"802213,"
802214,0,"802214,"
802215,0,"802215,"
802216,0,"802216,"
802217,0,"802217,"
802218,0,"802218,"
802219,0,"802219,"
802220,0,"802220,"
802221,0,"802221,"
802222,0,"802222,"
802223,0,"802223,"
802226,0,"802226,"
802301,0,"802301,"
802302,0,"802302,"
802311,0,"802311,"
802312,0,"802312,"
802313,0,"802313,"
802314,0,"802314,"
802316,0,"802316,"
802351,0,"802351,"
802352,0,"802352,"
803101,0,"803101,"
803107,0,"803107,"
803108,0,"803108,"
803109,0,"803109,"
803110,0,"803110,"
803111,0,"803111,"
803113,0,"803113,"
803114,0,"803114,"
803115,0,"803115,"
803116,0,"803116,"
803117,0,"803117,"
803118,0,"803118,"
803119,0,"803119,"
803120,0,"803120,"
803121,0,"803121,"
803201,0,"803201,"
803202,0,"803202,"
803203,0,"803203,"
803211,0,"803211,"
803212,0,"803212,"
803213,0,"803213,"
803214,0,"803214,"
803215,0,"803215,"
803216,0,"803216,"
803221,0,"803221,"
803301,0,"803301,"
803302,0,"803302,"
803303,0,"803303,"
803306,0,"803306,"
803307,0,"803307,"
804401,0,"804401,"
804402,0,"804402,"
804403,0,"804403,"
804404,0,"804404,"
804405,0,"804405,"
804406,0,"804406,"
804407,0,"804407,"
804408,0,"804408,"
804417,0,"804417,"
804418,0,"804418,"
804419,0,"804419,"
804420,0,"804420,"
804421,0,"804421,"
804422,0,"804422,"
804423,0,"804423,"
804424,0,"804424,"
804425,0,"804425,"
804426,0,"804426,"
804427,0,"804427,"
804428,0,"804428,"
804429,0,"804429,"
804432,0,"804432,"
804435,0,"804435,"
804451,0,"804451,"
804452,0,"804452,"
804453,0,"804453,"
804454,0,"804454,"
805101,0,"805101,"
805102,0,"805102,"
805103,0,"805103,"
805104,0,"805104,"
805105,0,"805105,"
805106,0,"805106,"
805107,0,"805107,"
805108,0,"805108,"
805109,0,"805109,"
805110,0,"805110,"
805111,0,"805111,"
805112,0,"805112,"
805113,0,"805113,"
805121,0,"805121,"
805122,0,"805122,"
805123,0,"805123,"
805124,0,"805124,"
805125,0,"805125,"
805126,0,"805126,"
805127,0,"805127,"
805128,0,"805128,"
805129,0,"805129,"
805130,0,"805130,"
805131,0,"805131,"
805132,0,"805132,"
811101,0,"811101,"
811102,0,"811102,"
811103,0,"811103,"
811104,0,"811104,"
811105,0,"811105,"
811106,0,"811106,"
811107,0,"811107,"
811112,0,"811112,"
811201,0,"811201,"
811202,0,"811202,"
811211,0,"811211,"
811212,0,"811212,"
811213,0,"811213,"
811214,0,"811214,"
811301,0,"811301,"
811302,0,"811302,"
811303,0,"811303,"
811304,0,"811304,"
811305,0,"811305,"
811307,0,"811307,"
811308,0,"811308,"
811309,0,"811309,"
811310,0,"811310,"
811311,0,"811311,"
811312,0,"811312,"
811313,0,"811313,"
811314,0,"811314,"
811315,0,"811315,"
811316,0,"811316,"
811317,0,"811317,"
812001,0,"812001,"
812002,0,"812002,"
812003,0,"812003,"
812004,0,"812004,"
812005,0,"812005,"
812006,0,"812006,"
812007,0,"812007,"
813101,0,"813101,"
813102,0,"813102,"
813103,0,"813103,"
813104,0,"813104,"
813105,0,"813105,"
813106,0,"813106,"
813107,0,"813107,"
813108,0,"813108,"
813109,0,"813109,"
813110,0,"813110,"
813201,0,"813201,"
813202,0,"813202,"
813203,0,"813203,"
813204,0,"813204,"
813205,0,"813205,"
813206,0,"813206,"
813207,0,"813207,"
813208,0,"813208,"
813209,0,"813209,"
813210,0,"813210,"
813211,0,"813211,"
813212,0,"813212,"
813213,0,"813213,"
813214,0,"813214,"
813221,0,"813221,"
813222,0,"813222,"
814101,0,"814101,"
814102,0,"814102,"
814103,0,"814103,"
814110,0,"814110,"
814111,0,"814111,"
814112,0,"814112,"
814113,0,"814113,"
814114,0,"814114,"
814115,0,"814115,"
814116,0,"814116,"
814118,0,"814118,"
814119,0,"814119,"
814120,0,"814120,"
814131,0,"814131,"
814133,0,"814133,"
814141,0,"814141,"
814142,0,"814142,"
814143,0,"814143,"
814144,0,"814144,"
814145,0,"814145,"
814146,0,"814146,"
814147,0,"814147,"
814148,0,"814148,"
814149,0,"814149,"
814150,0,"814150,"
814151,0,"814151,"
814152,0,"814152,"
814153,0,"814153,"
814154,0,"814154,"
814155,0,"814155,"
814156,0,"814156,"
814157,0,"814157,"
814158,0,"814158,"
814160,0,"814160,"
814165,0,"814165,"
814166,0,"814166,"
814167,0,"814167,"
815301,0,"815301,"
815302,0,"815302,"
815311,0,"815311,"
815312,0,"815312,"
815313,0,"815313,"
815314,0,"815314,"
815315,0,"815315,"
815316,0,"815316,"
815317,0,"815317,"
815318,0,"815318,"
815351,0,"815351,"
815352,0,"815352,"
815353,0,"815353,"
815354,0,"815354,"
815355,0,"815355,"
815357,0,"815357,"
815359,0,"815359,"
816101,0,"816101,"
816102,0,"816102,"
816103,0,"816103,"
816104,0,"816104,"
816105,0,"816105,"
816106,0,"816106,"
816107,0,"816107,"
816108,0,"816108,"
816109,0,"816109,"
816110,0,"816110,"
816115,0,"816115,"
816116,0,"816116,"
816117,0,"816117,"
816118,0,"816118,"
816120,0,"816120,"
816129,0,"816129,"
818142,0,"818142,"
821101,0,"821101,"
821102,0,"821102,"
821103,0,"821103,"
821104,0,"821104,"
821105,0,"821105,"
821106,0,"821106,"
821107,0,"821107,"
821108,0,"821108,"
821109,0,"821109,"
821110,0,"821110,"
821111,0,"821111,"
821112,0,"821112,"
821113,0,"821113,"
821115,0,"821115,"
821301,0,"821301,"
821302,0,"821302,"
821303,0,"821303,"
821304,0,"821304,"
821305,0,"821305,"
821306,0,"821306,"
821307,0,"821307,"
821308,0,"821308,"
821309,0,"821309,"
821310,0,"821310,"
821311,0,"821311,"
821312,0,"821312,"
822101,0,"822101,"
822102,0,"822102,"
822110,0,"822110,"
822111,0,"822111,"
822112,0,"822112,"
822113,0,"822113,"
822114,0,"822114,"
822115,0,"822115,"
822116,0,"822116,"
822117,0,"822117,"
822118,0,"822118,"
822119,0,"822119,"
822120,0,"822120,"
822121,0,"822121,"
822122,0,"822122,"
822123,0,"822123,"
822124,0,"822124,"
822125,0,"822125,"
822126,0,"822126,"
822128,0,"822128,"
822129,0,"822129,"
822131,0,"822131,"
822132,0,"822132,"
822133,0,"822133,"
822134,0,"822134,"
823001,0,"823001,"
823002,0,"823002,"
823003,0,"823003,"
823004,0,"823004,"
823005,0,"823005,"
823311,0,"823311,"
824101,0,"824101,"
824102,0,"824102,"
824103,0,"824103,"
824111,0,"824111,"
824112,0,"824112,"
824113,0,"824113,"
824114,0,"824114,"
824115,0,"824115,"
824116,0,"824116,"
824118,0,"824118,"
824120,0,"824120,"
824121,0,"824121,"
824122,0,"824122,"
824123,0,"824123,"
824124,0,"824124,"
824125,0,"824125,"
824127,0,"824127,"
824129,0,"824129,"
824143,0,"824143,"
824201,0,"824201,"
824202,0,"824202,"
824203,0,"824203,"
824205,0,"824205,"
824206,0,"824206,"
824207,0,"824207,"
824208,0,"824208,"
824209,0,"824209,"
824210,0,"824210,"
824211,0,"824211,"
824217,0,"824217,"
824219,0,"824219,"
824220,0,"824220,"
824221,0,"824221,"
824231,0,"824231,"
824232,0,"824232,"
824233,0,"824233,"
824234,0,"824234,"
824235,0,"824235,"
824236,0,"824236,"
824237,0,"824237,"
824301,0,"824301,"
824302,0,"824302,"
824303,0,"824303,"
825101,0,"825101,"
825102,0,"825102,"
825103,0,"825103,"
825106,0,"825106,"
825108,0,"825108,"
825109,0,"825109,"
825132,0,"825132,"
825167,0,"825167,"
825301,0,"825301,"
825302,0,"825302,"
825303,0,"825303,"
825311,0,"825311,"
825312,0,"825312,"
825313,0,"825313,"
825314,0,"825314,"
825315,0,"825315,"
825316,0,"825316,"
825317,0,"825317,"
825318,0,"825318,"
825319,0,"825319,"
825320,0,"825320,"
825321,0,"825321,"
825322,0,"825322,"
825323,0,"825323,"
825324,0,"825324,"
825325,0,"825325,"
825326,0,"825326,"
825329,0,"825329,"
825330,0,"825330,"
825336,0,"825336,"
825401,0,"825401,"
825402,0,"825402,"
825403,0,"825403,"
825404,0,"825404,"
825405,0,"825405,"
825406,0,"825406,"
825407,0,"825407,"
825408,0,"825408,"
825409,0,"825409,"
825410,0,"825410,"
825411,0,"825411,"
825412,0,"825412,"
825413,0,"825413,"
825414,0,"825414,"
825418,0,"825418,"
825421,0,"825421,"
826001,0,"826001,"
826003,0,"826003,"
826004,0,"826004,"
826005,0,"826005,"
826006,0,"826006,"
826007,0,"826007,"
826008,0,"826008,"
826009,0,"826009,"
826010,0,"826010,"
827001,0,"827001,"
827003,0,"827003,"
827004,0,"827004,"
827006,0,"827006,"
827009,0,"827009,"
827010,0,"827010,"
827012,0,"827012,"
827013,0,"827013,"
827014,0,"827014,"
827015,0,"827015,"
827302,0,"827302,"
828101,0,"828101,"
828103,0,"828103,"
828104,0,"828104,"
828105,0,"828105,"
828106,0,"828106,"
828107,0,"828107,"
828108,0,"828108,"
828109,0,"828109,"
828110,0,"828110,"
828111,0,"828111,"
828112,0,"828112,"
828113,0,"828113,"
828114,0,"828114,"
828115,0,"828115,"
828116,0,"828116,"
828117,0,"828117,"
828119,0,"828119,"
828120,0,"828120,"
828121,0,"828121,"
828122,0,"828122,"
828123,0,"828123,"
828124,0,"828124,"
828125,0,"828125,"
828126,0,"828126,"
828127,0,"828127,"
828128,0,"828128,"
828129,0,"828129,"
828130,0,"828130,"
828131,0,"828131,"
828132,0,"828132,"
828133,0,"828133,"
828134,0,"828134,"
828135,0,"828135,"
828142,0,"828142,"
828201,0,"828201,"
828202,0,"828202,"
828203,0,"828203,"
828204,0,"828204,"
828205,0,"828205,"
828206,0,"828206,"
828207,0,"828207,"
828301,0,"828301,"
828302,0,"828302,"
828303,0,"828303,"
828304,0,"828304,"
828305,0,"828305,"
828306,0,"828306,"
828307,0,"828307,"
828309,0,"828309,"
828401,0,"828401,"
828402,0,"828402,"
828403,0,"828403,"
828404,0,"828404,"
829101,0,"829101,"
829102,0,"829102,"
829103,0,"829103,"
829104,0,"829104,"
829105,0,"829105,"
829106,0,"829106,"
829107,0,"829107,"
829108,0,"829108,"
829109,0,"829109,"
829110,0,"829110,"
829111,0,"829111,"
829112,0,"829112,"
829113,0,"829113,"
829114,0,"829114,"
829115,0,"829115,"
829116,0,"829116,"
829117,0,"829117,"
829118,0,"829118,"
829119,0,"829119,"
829121,0,"829121,"
829122,0,"829122,"
829123,0,"829123,"
829125,0,"829125,"
829126,0,"829126,"
829127,0,"829127,"
829128,0,"829128,"
829129,0,"829129,"
829130,0,"829130,"
829131,0,"829131,"
829132,0,"829132,"
829133,0,"829133,"
829134,0,"829134,"
829135,0,"829135,"
829143,0,"829143,"
829144,0,"829144,"
829149,0,"829149,"
829150,0,"829150,"
829201,0,"829201,"
829202,0,"829202,"
829203,0,"829203,"
829204,0,"829204,"
829205,0,"829205,"
829206,0,"829206,"
829207,0,"829207,"
829208,0,"829208,"
829209,0,"829209,"
829210,0,"829210,"
829301,0,"829301,"
831001,0,"831001,"
831002,0,"831002,"
831003,0,"831003,"
831004,0,"831004,"
831005,0,"831005,"
831006,0,"831006,"
831007,0,"831007,"
831009,0,"831009,"
831011,0,"831011,"
831012,0,"831012,"
831013,0,"831013,"
831014,0,"831014,"
831015,0,"831015,"
831016,0,"831016,"
831017,0,"831017,"
831019,0,"831019,"
831020,0,"831020,"
831021,0,"831021,"
832101,0,"832101,"
832102,0,"832102,"
832103,0,"832103,"
832104,0,"832104,"
832105,0,"832105,"
832106,0,"832106,"
832107,0,"832107,"
832108,0,"832108,"
832109,0,"832109,"
832111,0,"832111,"
832112,0,"832112,"
832113,0,"832113,"
832301,0,"832301,"
832302,0,"832302,"
832303,0,"832303,"
832304,0,"832304,"
832401,0,"832401,"
832402,0,"832402,"
832403,0,"832403,"
832404,0,"832404,"
833101,0,"833101,"
833102,0,"833102,"
833103,0,"833103,"
833104,0,"833104,"
833105,0,"833105,"
833106,0,"833106,"
833201,0,"833201,"
833202,0,"833202,"
833203,0,"833203,"
833204,0,"833204,"
833212,0,"833212,"
833213,0,"833213,"
833214,0,"833214,"
833215,0,"833215,"
833216,0,"833216,"
833217,0,"833217,"
833218,0,"833218,"
833219,0,"833219,"
833220,0,"833220,"
833221,0,"833221,"
833222,0,"833222,"
833223,0,"833223,"
834001,0,"834001,"
834002,0,"834002,"
834003,0,"834003,"
834004,0,"834004,"
834005,0,"834005,"
834006,0,"834006,"
834008,0,"834008,"
834009,0,"834009,"
834010,0,"834010,"
834011,0,"834011,"
834012,0,"834012,"
834013,0,"834013,"
835101,0,"835101,"
835102,0,"835102,"
835103,0,"835103,"
835201,0,"835201,"
835202,0,"835202,"
835203,0,"835203,"
835204,0,"835204,"
835205,0,"835205,"
835206,0,"835206,"
835207,0,"835207,"
835208,0,"835208,"
835209,0,"835209,"
835210,0,"835210,"
835211,0,"835211,"
835212,0,"835212,"
835213,0,"835213,"
835214,0,"835214,"
835215,0,"835215,"
835216,0,"835216,"
835217,0,"835217,"
835218,0,"835218,"
835219,0,"835219,"
835220,0,"835220,"
835221,0,"835221,"
835222,0,"835222,"
835223,0,"835223,"
835224,0,"835224,"
835225,0,"835225,"
835226,0,"835226,"
835227,0,"835227,"
835228,0,"835228,"
835229,0,"835229,"
835230,0,"835230,"
835231,0,"835231,"
835232,0,"835232,"
835233,0,"835233,"
835234,0,"835234,"
835235,0,"835235,"
835301,0,"835301,"
835302,0,"835302,"
835303,0,"835303,"
835325,0,"835325,"
841101,0,"841101,"
841201,0,"841201,"
841202,0,"841202,"
841203,0,"841203,"
841204,0,"841204,"
841205,0,"841205,"
841206,0,"841206,"
841207,0,"841207,"
841208,0,"841208,"
841209,0,"841209,"
841210,0,"841210,"
841211,0,"841211,"
841212,0,"841212,"
841213,0,"841213,"
841214,0,"841214,"
841215,0,"841215,"
841216,0,"841216,"
841217,0,"841217,"
841218,0,"841218,"
841219,0,"841219,"
841220,0,"841220,"
841221,0,"841221,"
841222,0,"841222,"
841223,0,"841223,"
841224,0,"841224,"
841225,0,"841225,"
841226,0,"841226,"
841227,0,"841227,"
841231,0,"841231,"
841232,0,"841232,"
841233,0,"841233,"
841234,0,"841234,"
841235,0,"841235,"
841236,0,"841236,"
841237,0,"841237,"
841238,0,"841238,"
841239,0,"841239,"
841240,0,"841240,"
841241,0,"841241,"
841242,0,"841242,"
841243,0,"841243,"
841244,0,"841244,"
841245,0,"841245,"
841286,0,"841286,"
841287,0,"841287,"
841301,0,"841301,"
841302,0,"841302,"
841305,0,"841305,"
841311,0,"841311,"
841312,0,"841312,"
841313,0,"841313,"
841316,0,"841316,"
841401,0,"841401,"
841402,0,"841402,"
841403,0,"841403,"
841404,0,"841404,"
841405,0,"841405,"
841406,0,"841406,"
841407,0,"841407,"
841408,0,"841408,"
841409,0,"841409,"
841410,0,"841410,"
841411,0,"841411,"
841412,0,"841412,"
841413,0,"841413,"
841414,0,"841414,"
841415,0,"841415,"
841416,0,"841416,"
841417,0,"841417,"
841418,0,"841418,"
841419,0,"841419,"
841420,0,"841420,"
841421,0,"841421,"
841422,0,"841422,"
841423,0,"841423,"
841424,0,"841424,"
841425,0,"841425,"
841426,0,"841426,"
841427,0,"841427,"
841428,0,"841428,"
841434,0,"841434,"
841435,0,"841435,"
841436,0,"841436,"
841437,0,"841437,"
841438,0,"841438,"
841439,0,"841439,"
841440,0,"841440,"
841441,0,"841441,"
841442,0,"841442,"
841443,0,"841443,"
841446,0,"841446,"
841460,0,"841460,"
841501,0,"841501,"
841502,0,"841502,"
841503,0,"841503,"
841504,0,"841504,"
841505,0,"841505,"
841506,0,"841506,"
841507,0,"841507,"
841508,0,"841508,"
841509,0,"841509,"
842001,0,"842001,"
842002,0,"842002,"
842003,0,"842003,"
842004,0,"842004,"
842005,0,"842005,"
842006,0,"842006,"
843101,0,"843101,"
843102,0,"843102,"
843103,0,"843103,"
843104,0,"843104,"
843105,0,"843105,"
843106,0,"843106,"
843107,0,"843107,"
843108,0,"843108,"
843109,0,"843109,"
843110,0,"843110,"
843111,0,"843111,"
843112,0,"843112,"
843113,0,"843113,"
843114,0,"843114,"
843115,0,"843115,"
843116,0,"843116,"
843117,0,"843117,"
843118,0,"843118,"
843119,0,"843119,"
843120,0,"843120,"
843121,0,"843121,"
843122,0,"843122,"
843123,0,"843123,"
843124,0,"843124,"
843125,0,"843125,"
843126,0,"843126,"
843127,0,"843127,"
843128,0,"843128,"
843129,0,"843129,"
843130,0,"843130,"
843131,0,"843131,"
843301,0,"843301,"
843302,0,"843302,"
843311,0,"843311,"
843312,0,"843312,"
843313,0,"843313,"
843314,0,"843314,"
843315,0,"843315,"
843316,0,"843316,"
843317,0,"843317,"
843318,0,"843318,"
843319,0,"843319,"
843320,0,"843320,"
843321,0,"843321,"
843322,0,"843322,"
843323,0,"843323,"
843324,0,"843324,"
843325,0,"843325,"
843326,0,"843326,"
843327,0,"843327,"
843328,0,"843328,"
843329,0,"843329,"
843330,0,"843330,"
843331,0,"843331,"
843332,0,"843332,"
843333,0,"843333,"
843334,0,"843334,"
843335,0,"843335,"
843360,0,"843360,"
844101,0,"844101,"
844102,0,"844102,"
844103,0,"844103,"
844111,0,"844111,"
844112,0,"844112,"
844113,0,"844113,"
844114,0,"844114,"
844115,0,"844115,"
844116,0,"844116,"
844117,0,"844117,"
844118,0,"844118,"
844119,0,"844119,"
844120,0,"844120,"
844121,0,"844121,"
844122,0,"844122,"
844123,0,"844123,"
844124,0,"844124,"
844125,0,"844125,"
844126,0,"844126,"
844127,0,"844127,"
844128,0,"844128,"
844501,0,"844501,"
844502,0,"844502,"
844503,0,"844503,"
844504,0,"844504,"
844505,0,"844505,"
844506,0,"844506,"
844507,0,"844507,"
844508,0,"844508,"
844509,0,"844509,"
845101,0,"845101,"
845103,0,"845103,"
845104,0,"845104,"
845105,0,"845105,"
845106,0,"845106,"
845107,0,"845107,"
845301,0,"845301,"
845302,0,"845302,"
845303,0,"845303,"
845304,0,"845304,"
845305,0,"845305,"
845306,0,"845306,"
845307,0,"845307,"
845315,0,"845315,"
845401,0,"845401,"
845404,0,"845404,"
845406,0,"845406,"
845411,0,"845411,"
845412,0,"845412,"
845413,0,"845413,"
845414,0,"845414,"
845415,0,"845415,"
845416,0,"845416,"
845417,0,"845417,"
845418,0,"845418,"
845419,0,"845419,"
845420,0,"845420,"
845422,0,"845422,"
845423,0,"845423,"
845424,0,"845424,"
845425,0,"845425,"
845426,0,"845426,"
845427,0,"845427,"
845428,0,"845428,"
845429,0,"845429,"
845430,0,"845430,"
845431,0,"845431,"
845432,0,"845432,"
845433,0,"845433,"
845434,0,"845434,"
845435,0,"845435,"
845436,0,"845436,"
845437,0,"845437,"
845438,0,"845438,"
845440,0,"845440,"
845449,0,"845449,"
845450,0,"845450,"
845451,0,"845451,"
845452,0,"845452,"
845453,0,"845453,"
845454,0,"845454,"
845455,0,"845455,"
845456,0,"845456,"
845457,0,"845457,"
845458,0,"845458,"
845459,0,"845459,"
846001,0,"846001,"
846002,0,"846002,"
846003,0,"846003,"
846004,0,"846004,"
846005,0,"846005,"
846006,0,"846006,"
846007,0,"846007,"
846008,0,"846008,"
846009,0,"846009,"
847101,0,"847101,"
847102,0,"847102,"
847103,0,"847103,"
847104,0,"847104,"
847105,0,"847105,"
847106,0,"847106,"
847107,0,"847107,"
847108,0,"847108,"
847109,0,"847109,"
847115,0,"847115,"
847121,0,"847121,"
847122,0,"847122,"
847123,0,"847123,"
847201,0,"847201,"
847202,0,"847202,"
847203,0,"847203,"
847204,0,"847204,"
847211,0,"847211,"
847212,0,"847212,"
847213,0,"847213,"
847214,0,"847214,"
847215,0,"847215,"
847222,0,"847222,"
847223,0,"847223,"
847224,0,"847224,"
847225,0,"847225,"
847226,0,"847226,"
847227,0,"847227,"
847228,0,"847228,"
847229,0,"847229,"
847230,0,"847230,"
847231,0,"847231,"
847232,0,"847232,"
847233,0,"847233,"
847234,0,"847234,"
847235,0,"847235,"
847236,0,"847236,"
847237,0,"847237,"
847238,0,"847238,"
847239,0,"847239,"
847240,0,"847240,"
847301,0,"847301,"
847302,0,"847302,"
847303,0,"847303,"
847304,0,"847304,"
847305,0,"847305,"
847306,0,"847306,"
847307,0,"847307,"
847308,0,"847308,"
847337,0,"847337,"
847401,0,"847401,"
847402,0,"847402,"
847403,0,"847403,"
847404,0,"847404,"
847405,0,"847405,"
847407,0,"847407,"
847408,0,"847408,"
847409,0,"847409,"
847410,0,"847410,"
847411,0,"847411,"
847421,0,"847421,"
847422,0,"847422,"
847423,0,"847423,"
847424,0,"847424,"
847427,0,"847427,"
847428,0,"847428,"
847429,0,"847429,"
847451,0,"847451,"
847452,0,"847452,"
848101,0,"848101,"
848102,0,"848102,"
848113,0,"848113,"
848114,0,"848114,"
848115,0,"848115,"
848117,0,"848117,"
848121,0,"848121,"
848122,0,"848122,"
848125,0,"848125,"
848127,0,"848127,"
848129,0,"848129,"
848130,0,"848130,"
848131,0,"848131,"
848132,0,"848132,"
848133,0,"848133,"
848134,0,"848134,"
848160,0,"848160,"
848201,0,"848201,"
848202,0,"848202,"
848203,0,"848203,"
848204,0,"848204,"
848205,0,"848205,"
848206,0,"848206,"
848207,0,"848207,"
848208,0,"848208,"
848209,0,"848209,"
848210,0,"848210,"
848211,0,"848211,"
848213,0,"848213,"
848216,0,"848216,"
848236,0,"848236,"
848301,0,"848301,"
848302,0,"848302,"
848501,0,"848501,"
848502,0,"848502,"
848503,0,"848503,"
848504,0,"848504,"
848505,0,"848505,"
848506,0,"848506,"
851101,0,"851101,"
851111,0,"851111,"
851112,0,"851112,"
851113,0,"851113,"
851114,0,"851114,"
851115,0,"851115,"
851116,0,"851116,"
851117,0,"851117,"
851118,0,"851118,"
851120,0,"851120,"
851126,0,"851126,"
851127,0,"851127,"
851128,0,"851128,"
851129,0,"851129,"
851130,0,"851130,"
851131,0,"851131,"
851132,0,"851132,"
851133,0,"851133,"
851134,0,"851134,"
851135,0,"851135,"
851201,0,"851201,"
851202,0,"851202,"
851203,0,"851203,"
851204,0,"851204,"
851205,0,"851205,"
851206,0,"851206,"
851210,0,"851210,"
851211,0,"851211,"
851212,0,"851212,"
851213,0,"851213,"
851214,0,"851214,"
851215,0,"851215,"
851216,0,"851216,"
851217,0,"851217,"
851218,0,"851218,"
852101,0,"852101,"
852105,0,"852105,"
852106,0,"852106,"
852107,0,"852107,"
852108,0,"852108,"
852109,0,"852109,"
852110,0,"852110,"
852111,0,"852111,"
852112,0,"852112,"
852113,0,"852113,"
852114,0,"852114,"
852115,0,"852115,"
852116,0,"852116,"
852121,0,"852121,"
852122,0,"852122,"
852123,0,"852123,"
852124,0,"852124,"
852125,0,"852125,"
852126,0,"852126,"
852127,0,"852127,"
852128,0,"852128,"
852129,0,"852129,"
852130,0,"852130,"
852131,0,"852131,"
852132,0,"852132,"
852133,0,"852133,"
852137,0,"852137,"
852138,0,"852138,"
852139,0,"852139,"
852161,0,"852161,"
852201,0,"852201,"
852202,0,"852202,"
852212,0,"852212,"
852213,0,"852213,"
852214,0,"852214,"
852215,0,"852215,"
852216,0,"852216,"
852217,0,"852217,"
852218,0,"852218,"
852219,0,"852219,"
852220,0,"852220,"
852221,0,"852221,"
853201,0,"853201,"
853202,0,"853202,"
853203,0,"853203,"
853204,0,"853204,"
853205,0,"853205,"
854101,0,"854101,"
854102,0,"854102,"
854103,0,"854103,"
854104,0,"854104,"
854105,0,"854105,"
854106,0,"854106,"
854107,0,"854107,"
854108,0,"854108,"
854109,0,"854109,"
854112,0,"854112,"
854113,0,"854113,"
854114,0,"854114,"
854115,0,"854115,"
854116,0,"854116,"
854117,0,"854117,"
854201,0,"854201,"
854202,0,"854202,"
854203,0,"854203,"
854204,0,"854204,"
854205,0,"854205,"
854301,0,"854301,"
854302,0,"854302,"
854303,0,"854303,"
854304,0,"854304,"
854305,0,"854305,"
854306,0,"854306,"
854311,0,"854311,"
854312,0,"854312,"
854315,0,"854315,"
854316,0,"854316,"
854317,0,"854317,"
854318,0,"854318,"
854325,0,"854325,"
854326,0,"854326,"
854327,0,"854327,"
854328,0,"854328,"
854329,0,"854329,"
854330,0,"854330,"
854331,0,"854331,"
854332,0,"854332,"
854333,0,"854333,"
854334,0,"854334,"
854335,0,"854335,"
854336,0,"854336,"
854337,0,"854337,"
854338,0,"854338,"
854339,0,"854339,"
854340,0,"854340,"
855101,0,"855101,"
855102,0,"855102,"
855105,0,"855105,"
855106,0,"855106,"
855107,0,"855107,"
855108,0,"855108,"
855113,0,"855113,"
855114,0,"855114,"
855115,0,"855115,"
855116,0,"855116,"
855117,0,"855117,"
